actor_name,algorithm,completion_rate,crash_rate,evaluation_count,lap_target_rate,mean_progress,mean_return,median_progress,observation_type,root_identity,run_checksum,run_id,training_duration,training_interactions
large,a2c,0.0,1.0,1,0.0,0.04697901271899331,-5.4555676379097555,0.04697901271899331,frenet,0,79483ebc146b1df6037bfdefe2a5ebef8b6b50e1c6aa7cafe647a1f5e5a53fe5,a2c-large-frenet-seed-0,18.529292099883605,100000
large,a2c,1.0,0.0,1,1.0,1.0001863789518664,213.337037404432,1.0001863789518664,frenet,0,79483ebc146b1df6037bfdefe2a5ebef8b6b50e1c6aa7cafe647a1f5e5a53fe5,a2c-large-frenet-seed-0,180.14195160018426,1000000
large,a2c,1.0,0.0,1,1.0,1.0003260051140437,208.09635734090432,1.0003260051140437,frenet,0,79483ebc146b1df6037bfdefe2a5ebef8b6b50e1c6aa7cafe647a1f5e5a53fe5,a2c-large-frenet-seed-0,189.00712450009814,1050000
large,a2c,1.0,0.0,1,1.0,1.0003272767685303,206.2940460022902,1.0003272767685303,frenet,0,79483ebc146b1df6037bfdefe2a5ebef8b6b50e1c6aa7cafe647a1f5e5a53fe5,a2c-large-frenet-seed-0,197.91165600020759,1100000
large,a2c,1.0,0.0,1,1.0,1.0002931491087572,208.234930437396,1.0002931491087572,frenet,0,79483ebc146b1df6037bfdefe2a5ebef8b6b50e1c6aa7cafe647a1f5e5a53fe5,a2c-large-frenet-seed-0,206.76638380022632,1150000
large,a2c,1.0,0.0,1,1.0,1.000253401912644,197.79437156026373,1.000253401912644,frenet,0,79483ebc146b1df6037bfdefe2a5ebef8b6b50e1c6aa7cafe647a1f5e5a53fe5,a2c-large-frenet-seed-0,215.52686840036404,1200000
large,a2c,1.0,0.0,1,1.0,1.00017704500192,208.3641023108994,1.00017704500192,frenet,0,79483ebc146b1df6037bfdefe2a5ebef8b6b50e1c6aa7cafe647a1f5e5a53fe5,a2c-large-frenet-seed-0,224.35385210044842,1250000
large,a2c,1.0,0.0,1,1.0,1.0001541912195633,211.31911279384371,1.0001541912195633,frenet,0,79483ebc146b1df6037bfdefe2a5ebef8b6b50e1c6aa7cafe647a1f5e5a53fe5,a2c-large-frenet-seed-0,233.20814760054418,1300000
large,a2c,1.0,0.0,1,1.0,1.0000566091317096,213.8286762423865,1.0000566091317096,frenet,0,79483ebc146b1df6037bfdefe2a5ebef8b6b50e1c6aa7cafe647a1f5e5a53fe5,a2c-large-frenet-seed-0,242.06676790045822,1350000
large,a2c,1.0,0.0,1,1.0,1.000303147650838,213.92468229052764,1.000303147650838,frenet,0,79483ebc146b1df6037bfdefe2a5ebef8b6b50e1c6aa7cafe647a1f5e5a53fe5,a2c-large-frenet-seed-0,250.9141320006056,1400000
large,a2c,1.0,0.0,1,1.0,1.0002051170157147,214.32617845600177,1.0002051170157147,frenet,0,79483ebc146b1df6037bfdefe2a5ebef8b6b50e1c6aa7cafe647a1f5e5a53fe5,a2c-large-frenet-seed-0,260.2875628004658,1450000
large,a2c,0.0,1.0,1,0.0,0.03344971963588272,-7.160578580480517,0.03344971963588272,frenet,0,79483ebc146b1df6037bfdefe2a5ebef8b6b50e1c6aa7cafe647a1f5e5a53fe5,a2c-large-frenet-seed-0,27.52263989995481,150000
large,a2c,1.0,0.0,1,1.0,1.0000601347591924,212.36178660903738,1.0000601347591924,frenet,0,79483ebc146b1df6037bfdefe2a5ebef8b6b50e1c6aa7cafe647a1f5e5a53fe5,a2c-large-frenet-seed-0,269.11275600037334,1500000
large,a2c,1.0,0.0,1,1.0,1.0001133710629653,212.93525836629522,1.0001133710629653,frenet,0,79483ebc146b1df6037bfdefe2a5ebef8b6b50e1c6aa7cafe647a1f5e5a53fe5,a2c-large-frenet-seed-0,277.9013259002422,1550000
large,a2c,1.0,0.0,1,1.0,1.0003134644277636,215.9022011115207,1.0003134644277636,frenet,0,79483ebc146b1df6037bfdefe2a5ebef8b6b50e1c6aa7cafe647a1f5e5a53fe5,a2c-large-frenet-seed-0,287.3676867001377,1600000
large,a2c,1.0,0.0,1,1.0,1.0000114169115157,217.60481985373718,1.0000114169115157,frenet,0,79483ebc146b1df6037bfdefe2a5ebef8b6b50e1c6aa7cafe647a1f5e5a53fe5,a2c-large-frenet-seed-0,296.232544500097,1650000
large,a2c,0.0,1.0,1,0.0,0.48609001398358304,30.321161996133903,0.48609001398358304,frenet,0,79483ebc146b1df6037bfdefe2a5ebef8b6b50e1c6aa7cafe647a1f5e5a53fe5,a2c-large-frenet-seed-0,305.178076500164,1700000
large,a2c,1.0,0.0,1,1.0,1.0000749948713998,214.16046260102195,1.0000749948713998,frenet,0,79483ebc146b1df6037bfdefe2a5ebef8b6b50e1c6aa7cafe647a1f5e5a53fe5,a2c-large-frenet-seed-0,314.0809354001831,1750000
large,a2c,1.0,0.0,1,1.0,1.0001159966137696,208.55242468669263,1.0001159966137696,frenet,0,79483ebc146b1df6037bfdefe2a5ebef8b6b50e1c6aa7cafe647a1f5e5a53fe5,a2c-large-frenet-seed-0,322.84462490033184,1800000
large,a2c,1.0,0.0,1,1.0,1.0000166367034327,208.39430189687914,1.0000166367034327,frenet,0,79483ebc146b1df6037bfdefe2a5ebef8b6b50e1c6aa7cafe647a1f5e5a53fe5,a2c-large-frenet-seed-0,331.76293430003716,1850000
large,a2c,0.0,0.0,1,0.0,0.9360919603981481,53.609196039814464,0.9360919603981481,frenet,0,79483ebc146b1df6037bfdefe2a5ebef8b6b50e1c6aa7cafe647a1f5e5a53fe5,a2c-large-frenet-seed-0,340.6847591000769,1900000
large,a2c,1.0,0.0,1,1.0,1.0000080983721427,209.223966456987,1.0000080983721427,frenet,0,79483ebc146b1df6037bfdefe2a5ebef8b6b50e1c6aa7cafe647a1f5e5a53fe5,a2c-large-frenet-seed-0,349.4498579002284,1950000
large,a2c,0.0,1.0,1,0.0,0.18598130841121505,6.840359031983242,0.18598130841121505,frenet,0,79483ebc146b1df6037bfdefe2a5ebef8b6b50e1c6aa7cafe647a1f5e5a53fe5,a2c-large-frenet-seed-0,37.01935750003395,200000
large,a2c,1.0,0.0,1,1.0,1.0003294610051874,205.75974630355176,1.0003294610051874,frenet,0,79483ebc146b1df6037bfdefe2a5ebef8b6b50e1c6aa7cafe647a1f5e5a53fe5,a2c-large-frenet-seed-0,358.20759760034707,2000000
large,a2c,0.0,1.0,1,0.0,0.2022154972421422,9.077768427554242,0.2022154972421422,frenet,0,79483ebc146b1df6037bfdefe2a5ebef8b6b50e1c6aa7cafe647a1f5e5a53fe5,a2c-large-frenet-seed-0,46.74843739983771,250000
large,a2c,0.0,1.0,1,0.0,0.6739688263031457,43.60854610163106,0.6739688263031457,frenet,0,79483ebc146b1df6037bfdefe2a5ebef8b6b50e1c6aa7cafe647a1f5e5a53fe5,a2c-large-frenet-seed-0,55.93693289980729,300000
large,a2c,0.0,1.0,1,0.0,0.963989038601942,62.21378291160718,0.963989038601942,frenet,0,79483ebc146b1df6037bfdefe2a5ebef8b6b50e1c6aa7cafe647a1f5e5a53fe5,a2c-large-frenet-seed-0,64.93167119984719,350000
large,a2c,1.0,0.0,1,1.0,1.0000433924388878,201.77439145211088,1.0000433924388878,frenet,0,79483ebc146b1df6037bfdefe2a5ebef8b6b50e1c6aa7cafe647a1f5e5a53fe5,a2c-large-frenet-seed-0,73.78543909974906,400000
large,a2c,1.0,0.0,1,1.0,1.0000402723476902,203.91064173928334,1.0000402723476902,frenet,0,79483ebc146b1df6037bfdefe2a5ebef8b6b50e1c6aa7cafe647a1f5e5a53fe5,a2c-large-frenet-seed-0,82.65747779978483,450000
large,a2c,0.0,1.0,1,0.0,0.047388514027436504,-5.043744967209268,0.047388514027436504,frenet,0,79483ebc146b1df6037bfdefe2a5ebef8b6b50e1c6aa7cafe647a1f5e5a53fe5,a2c-large-frenet-seed-0,9.26331740000387,50000
large,a2c,1.0,0.0,1,1.0,1.0002651067781825,200.976939160067,1.0002651067781825,frenet,0,79483ebc146b1df6037bfdefe2a5ebef8b6b50e1c6aa7cafe647a1f5e5a53fe5,a2c-large-frenet-seed-0,91.50129209997976,500000
large,a2c,0.0,1.0,1,0.0,0.2097266833321501,9.165252491604988,0.2097266833321501,frenet,0,79483ebc146b1df6037bfdefe2a5ebef8b6b50e1c6aa7cafe647a1f5e5a53fe5,a2c-large-frenet-seed-0,100.33713960005844,550000
large,a2c,1.0,0.0,1,1.0,1.0002725095492893,210.93898591928058,1.0002725095492893,frenet,0,79483ebc146b1df6037bfdefe2a5ebef8b6b50e1c6aa7cafe647a1f5e5a53fe5,a2c-large-frenet-seed-0,109.37343799985683,600000
large,a2c,1.0,0.0,1,1.0,1.000220885407696,212.01794059548945,1.000220885407696,frenet,0,79483ebc146b1df6037bfdefe2a5ebef8b6b50e1c6aa7cafe647a1f5e5a53fe5,a2c-large-frenet-seed-0,118.2731402999234,650000
large,a2c,1.0,0.0,1,1.0,1.0001697326320267,207.18350153295762,1.0001697326320267,frenet,0,79483ebc146b1df6037bfdefe2a5ebef8b6b50e1c6aa7cafe647a1f5e5a53fe5,a2c-large-frenet-seed-0,127.0832566000172,700000
large,a2c,1.0,0.0,1,1.0,1.0000785162388404,199.39983169123266,1.0000785162388404,frenet,0,79483ebc146b1df6037bfdefe2a5ebef8b6b50e1c6aa7cafe647a1f5e5a53fe5,a2c-large-frenet-seed-0,136.08497389994955,750000
large,a2c,1.0,0.0,1,1.0,1.0002372282622236,205.17778375664795,1.0002372282622236,frenet,0,79483ebc146b1df6037bfdefe2a5ebef8b6b50e1c6aa7cafe647a1f5e5a53fe5,a2c-large-frenet-seed-0,144.8700604000478,800000
large,a2c,1.0,0.0,1,1.0,1.000114229279323,203.76027463279826,1.000114229279323,frenet,0,79483ebc146b1df6037bfdefe2a5ebef8b6b50e1c6aa7cafe647a1f5e5a53fe5,a2c-large-frenet-seed-0,153.6920922000645,850000
large,a2c,1.0,0.0,1,1.0,1.0002785270732482,212.30678330445005,1.0002785270732482,frenet,0,79483ebc146b1df6037bfdefe2a5ebef8b6b50e1c6aa7cafe647a1f5e5a53fe5,a2c-large-frenet-seed-0,162.47553220004556,900000
large,a2c,1.0,0.0,1,1.0,1.0000523701343307,210.22853851743537,1.0000523701343307,frenet,0,79483ebc146b1df6037bfdefe2a5ebef8b6b50e1c6aa7cafe647a1f5e5a53fe5,a2c-large-frenet-seed-0,171.30288710006062,950000
large,a2c,0.0,0.0,1,0.0,0.3985111254972234,-0.14888745027766184,0.3985111254972234,frenet,1,cc51518428702630c8f569ab7d1df3225dbe0d40fc30512b3a631d1c552e5082,a2c-large-frenet-seed-1,17.99142209995989,100000
large,a2c,0.0,1.0,1,0.0,0.536342458885322,32.04082961709886,0.536342458885322,frenet,1,cc51518428702630c8f569ab7d1df3225dbe0d40fc30512b3a631d1c552e5082,a2c-large-frenet-seed-1,183.90298559994335,1000000
large,a2c,1.0,0.0,1,1.0,1.0001241801777543,197.4546224869396,1.0001241801777543,frenet,1,cc51518428702630c8f569ab7d1df3225dbe0d40fc30512b3a631d1c552e5082,a2c-large-frenet-seed-1,192.7507114999753,1050000
large,a2c,1.0,0.0,1,1.0,1.0001562542569638,200.48082155022746,1.0001562542569638,frenet,1,cc51518428702630c8f569ab7d1df3225dbe0d40fc30512b3a631d1c552e5082,a2c-large-frenet-seed-1,201.59539509983733,1100000
large,a2c,1.0,0.0,1,1.0,1.0001503133329828,200.87983851718474,1.0001503133329828,frenet,1,cc51518428702630c8f569ab7d1df3225dbe0d40fc30512b3a631d1c552e5082,a2c-large-frenet-seed-1,210.47330179966957,1150000
large,a2c,1.0,0.0,1,1.0,1.0002001678253987,211.962048961146,1.0002001678253987,frenet,1,cc51518428702630c8f569ab7d1df3225dbe0d40fc30512b3a631d1c552e5082,a2c-large-frenet-seed-1,219.27790549946076,1200000
large,a2c,0.0,1.0,1,0.0,0.6665120395967329,43.37461052544667,0.6665120395967329,frenet,1,cc51518428702630c8f569ab7d1df3225dbe0d40fc30512b3a631d1c552e5082,a2c-large-frenet-seed-1,228.1729808993623,1250000
large,a2c,1.0,0.0,1,1.0,1.0004128693948418,214.4899468523534,1.0004128693948418,frenet,1,cc51518428702630c8f569ab7d1df3225dbe0d40fc30512b3a631d1c552e5082,a2c-large-frenet-seed-1,237.0277611993879,1300000
large,a2c,0.0,1.0,1,0.0,0.48858673326734464,29.75314251281427,0.48858673326734464,frenet,1,cc51518428702630c8f569ab7d1df3225dbe0d40fc30512b3a631d1c552e5082,a2c-large-frenet-seed-1,246.1068290993062,1350000
large,a2c,1.0,0.0,1,1.0,1.000345509569528,200.41547635320353,1.000345509569528,frenet,1,cc51518428702630c8f569ab7d1df3225dbe0d40fc30512b3a631d1c552e5082,a2c-large-frenet-seed-1,254.95154639914108,1400000
large,a2c,1.0,0.0,1,1.0,1.000364651386013,209.3585527193813,1.000364651386013,frenet,1,cc51518428702630c8f569ab7d1df3225dbe0d40fc30512b3a631d1c552e5082,a2c-large-frenet-seed-1,263.7612062990811,1450000
large,a2c,0.0,1.0,1,0.0,0.06576029572468023,-4.834997997869442,0.06576029572468023,frenet,1,cc51518428702630c8f569ab7d1df3225dbe0d40fc30512b3a631d1c552e5082,a2c-large-frenet-seed-1,26.75842720024957,150000
large,a2c,0.0,1.0,1,0.0,0.5355345082563403,33.07140186915901,0.5355345082563403,frenet,1,cc51518428702630c8f569ab7d1df3225dbe0d40fc30512b3a631d1c552e5082,a2c-large-frenet-seed-1,272.6892000991538,1500000
large,a2c,0.0,1.0,1,0.0,0.5097319280438873,31.173066694851855,0.5097319280438873,frenet,1,cc51518428702630c8f569ab7d1df3225dbe0d40fc30512b3a631d1c552e5082,a2c-large-frenet-seed-1,281.5873371991802,1550000
large,a2c,0.0,0.0,1,0.0,0.5361537275802705,13.615372758027107,0.5361537275802705,frenet,1,cc51518428702630c8f569ab7d1df3225dbe0d40fc30512b3a631d1c552e5082,a2c-large-frenet-seed-1,290.6188876990527,1600000
large,a2c,1.0,0.0,1,1.0,1.000286981913775,195.49539881713912,1.000286981913775,frenet,1,cc51518428702630c8f569ab7d1df3225dbe0d40fc30512b3a631d1c552e5082,a2c-large-frenet-seed-1,299.44417759891076,1650000
large,a2c,0.0,1.0,1,0.0,0.43294485767988106,22.797487032799697,0.43294485767988106,frenet,1,cc51518428702630c8f569ab7d1df3225dbe0d40fc30512b3a631d1c552e5082,a2c-large-frenet-seed-1,308.55232469893235,1700000
large,a2c,1.0,0.0,1,1.0,1.0000592865143243,176.69689447834926,1.0000592865143243,frenet,1,cc51518428702630c8f569ab7d1df3225dbe0d40fc30512b3a631d1c552e5082,a2c-large-frenet-seed-1,317.4300649990182,1750000
large,a2c,1.0,0.0,1,1.0,1.00021992559869,164.29578059256974,1.00021992559869,frenet,1,cc51518428702630c8f569ab7d1df3225dbe0d40fc30512b3a631d1c552e5082,a2c-large-frenet-seed-1,326.2872210992973,1800000
large,a2c,1.0,0.0,1,1.0,1.0001165263235696,176.7621645583414,1.0001165263235696,frenet,1,cc51518428702630c8f569ab7d1df3225dbe0d40fc30512b3a631d1c552e5082,a2c-large-frenet-seed-1,334.899767399329,1850000
large,a2c,1.0,0.0,1,1.0,1.000263757941735,186.85567001751608,1.000263757941735,frenet,1,cc51518428702630c8f569ab7d1df3225dbe0d40fc30512b3a631d1c552e5082,a2c-large-frenet-seed-1,343.26690969942865,1900000
large,a2c,1.0,0.0,1,1.0,1.0002271385118713,181.06161689076168,1.0002271385118713,frenet,1,cc51518428702630c8f569ab7d1df3225dbe0d40fc30512b3a631d1c552e5082,a2c-large-frenet-seed-1,351.61270889933076,1950000
large,a2c,0.0,1.0,1,0.0,0.21196424695873836,7.028327644525103,0.21196424695873836,frenet,1,cc51518428702630c8f569ab7d1df3225dbe0d40fc30512b3a631d1c552e5082,a2c-large-frenet-seed-1,35.61920080029813,200000
large,a2c,1.0,0.0,1,1.0,1.000208869940073,196.28363477437887,1.000208869940073,frenet,1,cc51518428702630c8f569ab7d1df3225dbe0d40fc30512b3a631d1c552e5082,a2c-large-frenet-seed-1,359.94534769930397,2000000
large,a2c,0.0,1.0,1,0.0,0.18234426219181285,4.089195490158627,0.18234426219181285,frenet,1,cc51518428702630c8f569ab7d1df3225dbe0d40fc30512b3a631d1c552e5082,a2c-large-frenet-seed-1,45.20263570034149,250000
large,a2c,0.0,1.0,1,0.0,0.09590379254605674,0.7331101206221815,0.09590379254605674,frenet,1,cc51518428702630c8f569ab7d1df3225dbe0d40fc30512b3a631d1c552e5082,a2c-large-frenet-seed-1,54.675428900231054,300000
large,a2c,0.0,1.0,1,0.0,0.10583261281278716,1.5478493550721097,0.10583261281278716,frenet,1,cc51518428702630c8f569ab7d1df3225dbe0d40fc30512b3a631d1c552e5082,a2c-large-frenet-seed-1,64.27247750023162,350000
large,a2c,0.0,1.0,1,0.0,0.117538006359733,2.488408085366685,0.117538006359733,frenet,1,cc51518428702630c8f569ab7d1df3225dbe0d40fc30512b3a631d1c552e5082,a2c-large-frenet-seed-1,74.02384530031122,400000
large,a2c,0.0,1.0,1,0.0,0.18027267526959234,7.943925233644837,0.18027267526959234,frenet,1,cc51518428702630c8f569ab7d1df3225dbe0d40fc30512b3a631d1c552e5082,a2c-large-frenet-seed-1,83.67782840034488,450000
large,a2c,0.0,1.0,1,0.0,0.06728971962616812,-4.569574935662858,0.06728971962616812,frenet,1,cc51518428702630c8f569ab7d1df3225dbe0d40fc30512b3a631d1c552e5082,a2c-large-frenet-seed-1,9.143613699958223,50000
large,a2c,0.0,1.0,1,0.0,0.18119601222127207,7.8320451620639435,0.18119601222127207,frenet,1,cc51518428702630c8f569ab7d1df3225dbe0d40fc30512b3a631d1c552e5082,a2c-large-frenet-seed-1,93.07190400033869,500000
large,a2c,0.0,1.0,1,0.0,0.18878504672897176,7.657521600951558,0.18878504672897176,frenet,1,cc51518428702630c8f569ab7d1df3225dbe0d40fc30512b3a631d1c552e5082,a2c-large-frenet-seed-1,102.59731560026557,550000
large,a2c,0.0,1.0,1,0.0,0.2168341059308504,8.39336294695775,0.2168341059308504,frenet,1,cc51518428702630c8f569ab7d1df3225dbe0d40fc30512b3a631d1c552e5082,a2c-large-frenet-seed-1,111.82415269995181,600000
large,a2c,0.0,1.0,1,0.0,0.497518570708602,29.80722083777203,0.497518570708602,frenet,1,cc51518428702630c8f569ab7d1df3225dbe0d40fc30512b3a631d1c552e5082,a2c-large-frenet-seed-1,120.51916819975668,650000
large,a2c,0.0,1.0,1,0.0,0.20102807187245503,8.733457943925258,0.20102807187245503,frenet,1,cc51518428702630c8f569ab7d1df3225dbe0d40fc30512b3a631d1c552e5082,a2c-large-frenet-seed-1,130.11621419963922,700000
large,a2c,0.0,1.0,1,0.0,0.5355140186915878,33.639465523387756,0.5355140186915878,frenet,1,cc51518428702630c8f569ab7d1df3225dbe0d40fc30512b3a631d1c552e5082,a2c-large-frenet-seed-1,139.3595050996846,750000
large,a2c,1.0,0.0,1,1.0,1.0000824881609094,205.55214802963053,1.0000824881609094,frenet,1,cc51518428702630c8f569ab7d1df3225dbe0d40fc30512b3a631d1c552e5082,a2c-large-frenet-seed-1,148.3383197997755,800000
large,a2c,0.0,1.0,1,0.0,0.5349597375796581,33.54264714953655,0.5349597375796581,frenet,1,cc51518428702630c8f569ab7d1df3225dbe0d40fc30512b3a631d1c552e5082,a2c-large-frenet-seed-1,157.31993839984716,850000
large,a2c,0.0,1.0,1,0.0,0.5368026627703577,32.6109788707759,0.5368026627703577,frenet,1,cc51518428702630c8f569ab7d1df3225dbe0d40fc30512b3a631d1c552e5082,a2c-large-frenet-seed-1,166.2076694000607,900000
large,a2c,1.0,0.0,1,1.0,1.0002527182634664,204.84953919350318,1.0002527182634664,frenet,1,cc51518428702630c8f569ab7d1df3225dbe0d40fc30512b3a631d1c552e5082,a2c-large-frenet-seed-1,174.9642417000141,950000
large,a2c,0.0,1.0,1,0.0,0.20108326602075255,6.793856351706836,0.20108326602075255,frenet,2,036b9ec86e6bfd5e7830896fcfe5cbfdfb97f629e8aa21f2a84847ac94fe9c16,a2c-large-frenet-seed-2,17.545926899892947,100000
large,a2c,1.0,0.0,1,1.0,1.0002084556342488,197.40769104426028,1.0002084556342488,frenet,2,036b9ec86e6bfd5e7830896fcfe5cbfdfb97f629e8aa21f2a84847ac94fe9c16,a2c-large-frenet-seed-2,165.94335000080537,1000000
large,a2c,0.0,1.0,1,0.0,0.6846493083557638,41.946678649493094,0.6846493083557638,frenet,2,036b9ec86e6bfd5e7830896fcfe5cbfdfb97f629e8aa21f2a84847ac94fe9c16,a2c-large-frenet-seed-2,173.99058460065862,1050000
large,a2c,1.0,0.0,1,1.0,1.0001555260748072,200.13083401782842,1.0001555260748072,frenet,2,036b9ec86e6bfd5e7830896fcfe5cbfdfb97f629e8aa21f2a84847ac94fe9c16,a2c-large-frenet-seed-2,182.11137500082987,1100000
large,a2c,1.0,0.0,1,1.0,1.0001042175638744,196.9991055241819,1.0001042175638744,frenet,2,036b9ec86e6bfd5e7830896fcfe5cbfdfb97f629e8aa21f2a84847ac94fe9c16,a2c-large-frenet-seed-2,190.08203720082747,1150000
large,a2c,1.0,0.0,1,1.0,1.0002503392771136,197.94255763575114,1.0002503392771136,frenet,2,036b9ec86e6bfd5e7830896fcfe5cbfdfb97f629e8aa21f2a84847ac94fe9c16,a2c-large-frenet-seed-2,198.148234700795,1200000
large,a2c,1.0,0.0,1,1.0,1.0003276017795062,201.76409337060156,1.0003276017795062,frenet,2,036b9ec86e6bfd5e7830896fcfe5cbfdfb97f629e8aa21f2a84847ac94fe9c16,a2c-large-frenet-seed-2,206.22551130059583,1250000
large,a2c,1.0,0.0,1,1.0,1.0001617274641659,203.18653434882475,1.0001617274641659,frenet,2,036b9ec86e6bfd5e7830896fcfe5cbfdfb97f629e8aa21f2a84847ac94fe9c16,a2c-large-frenet-seed-2,214.26080380044732,1300000
large,a2c,1.0,0.0,1,1.0,1.0001056142665459,203.47143319998048,1.0001056142665459,frenet,2,036b9ec86e6bfd5e7830896fcfe5cbfdfb97f629e8aa21f2a84847ac94fe9c16,a2c-large-frenet-seed-2,222.27135700008512,1350000
large,a2c,1.0,0.0,1,1.0,1.0000976260236898,208.35575387468097,1.0000976260236898,frenet,2,036b9ec86e6bfd5e7830896fcfe5cbfdfb97f629e8aa21f2a84847ac94fe9c16,a2c-large-frenet-seed-2,230.30058500029554,1400000
large,a2c,0.0,1.0,1,0.0,0.48550567550990076,29.618366354813446,0.48550567550990076,frenet,2,036b9ec86e6bfd5e7830896fcfe5cbfdfb97f629e8aa21f2a84847ac94fe9c16,a2c-large-frenet-seed-2,238.59001020039068,1450000
large,a2c,0.0,1.0,1,0.0,0.09554728475329165,0.49981380148197196,0.09554728475329165,frenet,2,036b9ec86e6bfd5e7830896fcfe5cbfdfb97f629e8aa21f2a84847ac94fe9c16,a2c-large-frenet-seed-2,26.111356500190595,150000
large,a2c,1.0,0.0,1,1.0,1.0001527147387468,210.2351990083889,1.0001527147387468,frenet,2,036b9ec86e6bfd5e7830896fcfe5cbfdfb97f629e8aa21f2a84847ac94fe9c16,a2c-large-frenet-seed-2,246.61962150041654,1500000
large,a2c,1.0,0.0,1,1.0,1.0000935247640788,211.18849835113014,1.0000935247640788,frenet,2,036b9ec86e6bfd5e7830896fcfe5cbfdfb97f629e8aa21f2a84847ac94fe9c16,a2c-large-frenet-seed-2,254.63560710037564,1550000
large,a2c,1.0,0.0,1,1.0,1.0001027353110463,209.51151512385718,1.0001027353110463,frenet,2,036b9ec86e6bfd5e7830896fcfe5cbfdfb97f629e8aa21f2a84847ac94fe9c16,a2c-large-frenet-seed-2,262.6998068003595,1600000
large,a2c,1.0,0.0,1,1.0,1.0003227963970138,211.24352115946542,1.0003227963970138,frenet,2,036b9ec86e6bfd5e7830896fcfe5cbfdfb97f629e8aa21f2a84847ac94fe9c16,a2c-large-frenet-seed-2,270.7022094003041,1650000
large,a2c,0.0,1.0,1,0.0,0.07850467289719573,-0.46281117539012495,0.07850467289719573,frenet,2,036b9ec86e6bfd5e7830896fcfe5cbfdfb97f629e8aa21f2a84847ac94fe9c16,a2c-large-frenet-seed-2,278.8538731003864,1700000
large,a2c,0.0,0.0,1,0.0,0.5364485981308407,13.644859813084175,0.5364485981308407,frenet,2,036b9ec86e6bfd5e7830896fcfe5cbfdfb97f629e8aa21f2a84847ac94fe9c16,a2c-large-frenet-seed-2,286.96145380055896,1750000
large,a2c,0.0,1.0,1,0.0,0.6704274667062875,42.05503165625746,0.6704274667062875,frenet,2,036b9ec86e6bfd5e7830896fcfe5cbfdfb97f629e8aa21f2a84847ac94fe9c16,a2c-large-frenet-seed-2,295.07231350068105,1800000
large,a2c,1.0,0.0,1,1.0,1.0000743776416146,202.85148183281464,1.0000743776416146,frenet,2,036b9ec86e6bfd5e7830896fcfe5cbfdfb97f629e8aa21f2a84847ac94fe9c16,a2c-large-frenet-seed-2,303.5724350006931,1850000
large,a2c,1.0,0.0,1,1.0,1.000162716315104,204.76705612044793,1.000162716315104,frenet,2,036b9ec86e6bfd5e7830896fcfe5cbfdfb97f629e8aa21f2a84847ac94fe9c16,a2c-large-frenet-seed-2,312.613135500771,1900000
large,a2c,1.0,0.0,1,1.0,1.0002567659189079,201.4310082935533,1.0002567659189079,frenet,2,036b9ec86e6bfd5e7830896fcfe5cbfdfb97f629e8aa21f2a84847ac94fe9c16,a2c-large-frenet-seed-2,321.067702300752,1950000
large,a2c,0.0,1.0,1,0.0,0.22072667135305904,9.380891592061449,0.22072667135305904,frenet,2,036b9ec86e6bfd5e7830896fcfe5cbfdfb97f629e8aa21f2a84847ac94fe9c16,a2c-large-frenet-seed-2,34.428155700261414,200000
large,a2c,1.0,0.0,1,1.0,1.0000809681399268,201.6678413867616,1.0000809681399268,frenet,2,036b9ec86e6bfd5e7830896fcfe5cbfdfb97f629e8aa21f2a84847ac94fe9c16,a2c-large-frenet-seed-2,329.39645300085976,2000000
large,a2c,1.0,0.0,1,1.0,1.000008225569278,209.86545331148474,1.000008225569278,frenet,2,036b9ec86e6bfd5e7830896fcfe5cbfdfb97f629e8aa21f2a84847ac94fe9c16,a2c-large-frenet-seed-2,42.76609590013322,250000
large,a2c,1.0,0.0,1,1.0,1.0002985162373865,205.8293708858679,1.0002985162373865,frenet,2,036b9ec86e6bfd5e7830896fcfe5cbfdfb97f629e8aa21f2a84847ac94fe9c16,a2c-large-frenet-seed-2,51.016145900179254,300000
large,a2c,0.0,1.0,1,0.0,0.5612388537751034,34.93006441611003,0.5612388537751034,frenet,2,036b9ec86e6bfd5e7830896fcfe5cbfdfb97f629e8aa21f2a84847ac94fe9c16,a2c-large-frenet-seed-2,59.288763800199376,350000
large,a2c,0.0,1.0,1,0.0,0.5070591040878707,29.989711262045752,0.5070591040878707,frenet,2,036b9ec86e6bfd5e7830896fcfe5cbfdfb97f629e8aa21f2a84847ac94fe9c16,a2c-large-frenet-seed-2,67.6922717001944,400000
large,a2c,1.0,0.0,1,1.0,1.0000560478496705,199.43199884706922,1.0000560478496705,frenet,2,036b9ec86e6bfd5e7830896fcfe5cbfdfb97f629e8aa21f2a84847ac94fe9c16,a2c-large-frenet-seed-2,75.92271080021601,450000
large,a2c,0.0,1.0,1,0.0,0.08173042587491118,-3.3091588785046735,0.08173042587491118,frenet,2,036b9ec86e6bfd5e7830896fcfe5cbfdfb97f629e8aa21f2a84847ac94fe9c16,a2c-large-frenet-seed-2,9.112083099986194,50000
large,a2c,1.0,0.0,1,1.0,1.0001973470245362,193.14725979593914,1.0001973470245362,frenet,2,036b9ec86e6bfd5e7830896fcfe5cbfdfb97f629e8aa21f2a84847ac94fe9c16,a2c-large-frenet-seed-2,84.2297018003228,500000
large,a2c,0.0,1.0,1,0.0,0.5109777972036115,28.091645977833466,0.5109777972036115,frenet,2,036b9ec86e6bfd5e7830896fcfe5cbfdfb97f629e8aa21f2a84847ac94fe9c16,a2c-large-frenet-seed-2,92.36649370037776,550000
large,a2c,1.0,0.0,1,1.0,1.00018524660048,185.01867832444833,1.00018524660048,frenet,2,036b9ec86e6bfd5e7830896fcfe5cbfdfb97f629e8aa21f2a84847ac94fe9c16,a2c-large-frenet-seed-2,100.44986870039429,600000
large,a2c,1.0,0.0,1,1.0,1.0002490292015542,189.733413910855,1.0002490292015542,frenet,2,036b9ec86e6bfd5e7830896fcfe5cbfdfb97f629e8aa21f2a84847ac94fe9c16,a2c-large-frenet-seed-2,108.6551855004036,650000
large,a2c,0.0,1.0,1,0.0,0.4710918881515138,26.409345794392543,0.4710918881515138,frenet,2,036b9ec86e6bfd5e7830896fcfe5cbfdfb97f629e8aa21f2a84847ac94fe9c16,a2c-large-frenet-seed-2,117.08778150040962,700000
large,a2c,1.0,0.0,1,1.0,1.000257177216925,192.6918743935187,1.000257177216925,frenet,2,036b9ec86e6bfd5e7830896fcfe5cbfdfb97f629e8aa21f2a84847ac94fe9c16,a2c-large-frenet-seed-2,125.33953610072058,750000
large,a2c,1.0,0.0,1,1.0,1.000006207537052,190.42955170317495,1.000006207537052,frenet,2,036b9ec86e6bfd5e7830896fcfe5cbfdfb97f629e8aa21f2a84847ac94fe9c16,a2c-large-frenet-seed-2,133.40176180062554,800000
large,a2c,1.0,0.0,1,1.0,1.0002285032925358,191.5317578619573,1.0002285032925358,frenet,2,036b9ec86e6bfd5e7830896fcfe5cbfdfb97f629e8aa21f2a84847ac94fe9c16,a2c-large-frenet-seed-2,141.6318503007642,850000
large,a2c,1.0,0.0,1,1.0,1.0000934256061786,196.30939284284983,1.0000934256061786,frenet,2,036b9ec86e6bfd5e7830896fcfe5cbfdfb97f629e8aa21f2a84847ac94fe9c16,a2c-large-frenet-seed-2,149.73262460083424,900000
large,a2c,1.0,0.0,1,1.0,1.0000145824948896,193.96801556599928,1.0000145824948896,frenet,2,036b9ec86e6bfd5e7830896fcfe5cbfdfb97f629e8aa21f2a84847ac94fe9c16,a2c-large-frenet-seed-2,157.84355300075913,950000
large,a2c,0.0,1.0,1,0.0,0.04457672964187397,-4.917503372168151,0.04457672964187397,frenet,3,675edc5dd3b4e5f61850c54ce21edc1c42a4ceb0c15abae300eb37aaa1e0133f,a2c-large-frenet-seed-3,17.77267119980752,100000
large,a2c,0.0,1.0,1,0.0,0.5054444979178462,30.204082811702435,0.5054444979178462,frenet,3,675edc5dd3b4e5f61850c54ce21edc1c42a4ceb0c15abae300eb37aaa1e0133f,a2c-large-frenet-seed-3,187.17804470055853,1000000
large,a2c,1.0,0.0,1,1.0,1.0000152710850398,191.1123050897563,1.0000152710850398,frenet,3,675edc5dd3b4e5f61850c54ce21edc1c42a4ceb0c15abae300eb37aaa1e0133f,a2c-large-frenet-seed-3,195.29241970064686,1050000
large,a2c,1.0,0.0,1,1.0,1.0003010683272637,217.19114496601668,1.0003010683272637,frenet,3,675edc5dd3b4e5f61850c54ce21edc1c42a4ceb0c15abae300eb37aaa1e0133f,a2c-large-frenet-seed-3,203.42367990068306,1100000
large,a2c,1.0,0.0,1,1.0,1.0001988121396628,213.4832538207935,1.0001988121396628,frenet,3,675edc5dd3b4e5f61850c54ce21edc1c42a4ceb0c15abae300eb37aaa1e0133f,a2c-large-frenet-seed-3,211.6035707004812,1150000
large,a2c,1.0,0.0,1,1.0,1.0003102039549172,212.3444067003948,1.0003102039549172,frenet,3,675edc5dd3b4e5f61850c54ce21edc1c42a4ceb0c15abae300eb37aaa1e0133f,a2c-large-frenet-seed-3,219.75751690051402,1200000
large,a2c,1.0,0.0,1,1.0,1.0002865331996655,223.48287344098526,1.0002865331996655,frenet,3,675edc5dd3b4e5f61850c54ce21edc1c42a4ceb0c15abae300eb37aaa1e0133f,a2c-large-frenet-seed-3,227.9172747004559,1250000
large,a2c,1.0,0.0,1,1.0,1.0001497452032118,218.11700324171676,1.0001497452032118,frenet,3,675edc5dd3b4e5f61850c54ce21edc1c42a4ceb0c15abae300eb37aaa1e0133f,a2c-large-frenet-seed-3,236.0792112004965,1300000
large,a2c,1.0,0.0,1,1.0,1.0001885133318762,209.0811914089055,1.0001885133318762,frenet,3,675edc5dd3b4e5f61850c54ce21edc1c42a4ceb0c15abae300eb37aaa1e0133f,a2c-large-frenet-seed-3,244.2330855004875,1350000
large,a2c,1.0,0.0,1,1.0,1.0001826707687573,221.84482592144502,1.0001826707687573,frenet,3,675edc5dd3b4e5f61850c54ce21edc1c42a4ceb0c15abae300eb37aaa1e0133f,a2c-large-frenet-seed-3,252.37789100056762,1400000
large,a2c,0.0,1.0,1,0.0,0.4928436656365044,31.45269698375173,0.4928436656365044,frenet,3,675edc5dd3b4e5f61850c54ce21edc1c42a4ceb0c15abae300eb37aaa1e0133f,a2c-large-frenet-seed-3,260.7409425007063,1450000
large,a2c,0.0,1.0,1,0.0,0.012627877531813856,-5.261208461271747,0.012627877531813856,frenet,3,675edc5dd3b4e5f61850c54ce21edc1c42a4ceb0c15abae300eb37aaa1e0133f,a2c-large-frenet-seed-3,27.6063328997152,150000
large,a2c,1.0,0.0,1,1.0,1.0003098184443453,216.15399409315017,1.0003098184443453,frenet,3,675edc5dd3b4e5f61850c54ce21edc1c42a4ceb0c15abae300eb37aaa1e0133f,a2c-large-frenet-seed-3,268.89652280064547,1500000
large,a2c,1.0,0.0,1,1.0,1.0003565511226042,217.05853982492258,1.0003565511226042,frenet,3,675edc5dd3b4e5f61850c54ce21edc1c42a4ceb0c15abae300eb37aaa1e0133f,a2c-large-frenet-seed-3,277.18621500051086,1550000
large,a2c,1.0,0.0,1,1.0,1.0000467467352188,224.31976434105712,1.0000467467352188,frenet,3,675edc5dd3b4e5f61850c54ce21edc1c42a4ceb0c15abae300eb37aaa1e0133f,a2c-large-frenet-seed-3,285.35700400038695,1600000
large,a2c,1.0,0.0,1,1.0,1.000041577154221,223.90053569996132,1.000041577154221,frenet,3,675edc5dd3b4e5f61850c54ce21edc1c42a4ceb0c15abae300eb37aaa1e0133f,a2c-large-frenet-seed-3,293.5428860004249,1650000
large,a2c,1.0,0.0,1,1.0,1.000362867263583,222.1343727706867,1.000362867263583,frenet,3,675edc5dd3b4e5f61850c54ce21edc1c42a4ceb0c15abae300eb37aaa1e0133f,a2c-large-frenet-seed-3,301.79228520047036,1700000
large,a2c,1.0,0.0,1,1.0,1.0003056561273698,216.37050946725856,1.0003056561273698,frenet,3,675edc5dd3b4e5f61850c54ce21edc1c42a4ceb0c15abae300eb37aaa1e0133f,a2c-large-frenet-seed-3,309.85575120040085,1750000
large,a2c,0.0,0.0,1,0.0,0.9501199939585178,55.01199939585166,0.9501199939585178,frenet,3,675edc5dd3b4e5f61850c54ce21edc1c42a4ceb0c15abae300eb37aaa1e0133f,a2c-large-frenet-seed-3,318.066602000461,1800000
large,a2c,1.0,0.0,1,1.0,1.0002865548748385,210.53815874652216,1.0002865548748385,frenet,3,675edc5dd3b4e5f61850c54ce21edc1c42a4ceb0c15abae300eb37aaa1e0133f,a2c-large-frenet-seed-3,326.42179440043765,1850000
large,a2c,1.0,0.0,1,1.0,1.0000323941591074,209.5719124885175,1.0000323941591074,frenet,3,675edc5dd3b4e5f61850c54ce21edc1c42a4ceb0c15abae300eb37aaa1e0133f,a2c-large-frenet-seed-3,334.54301050045615,1900000
large,a2c,1.0,0.0,1,1.0,1.0000530390377829,212.2816069588141,1.0000530390377829,frenet,3,675edc5dd3b4e5f61850c54ce21edc1c42a4ceb0c15abae300eb37aaa1e0133f,a2c-large-frenet-seed-3,342.74163090041475,1950000
large,a2c,0.0,1.0,1,0.0,0.01257905502165016,-5.203309609719581,0.01257905502165016,frenet,3,675edc5dd3b4e5f61850c54ce21edc1c42a4ceb0c15abae300eb37aaa1e0133f,a2c-large-frenet-seed-3,38.41986239976177,200000
large,a2c,1.0,0.0,1,1.0,1.0001343460305532,215.63661191348484,1.0001343460305532,frenet,3,675edc5dd3b4e5f61850c54ce21edc1c42a4ceb0c15abae300eb37aaa1e0133f,a2c-large-frenet-seed-3,350.8325720005996,2000000
large,a2c,0.0,1.0,1,0.0,0.04801943248071492,-2.7517043549694153,0.04801943248071492,frenet,3,675edc5dd3b4e5f61850c54ce21edc1c42a4ceb0c15abae300eb37aaa1e0133f,a2c-large-frenet-seed-3,48.637226399871,250000
large,a2c,0.0,1.0,1,0.0,0.021423702762893928,-4.617082143885801,0.021423702762893928,frenet,3,675edc5dd3b4e5f61850c54ce21edc1c42a4ceb0c15abae300eb37aaa1e0133f,a2c-large-frenet-seed-3,58.54040680000617,300000
large,a2c,0.0,1.0,1,0.0,0.021929302302538485,-4.593502446502156,0.021929302302538485,frenet,3,675edc5dd3b4e5f61850c54ce21edc1c42a4ceb0c15abae300eb37aaa1e0133f,a2c-large-frenet-seed-3,68.68064810017677,350000
large,a2c,0.0,1.0,1,0.0,0.03260819447774098,-3.84414445635164,0.03260819447774098,frenet,3,675edc5dd3b4e5f61850c54ce21edc1c42a4ceb0c15abae300eb37aaa1e0133f,a2c-large-frenet-seed-3,79.02984120008841,400000
large,a2c,0.0,1.0,1,0.0,0.06499038483260779,-1.4440281578944951,0.06499038483260779,frenet,3,675edc5dd3b4e5f61850c54ce21edc1c42a4ceb0c15abae300eb37aaa1e0133f,a2c-large-frenet-seed-3,88.79913189999206,450000
large,a2c,0.0,1.0,1,0.0,0.03548082541515989,-5.032332589044805,0.03548082541515989,frenet,3,675edc5dd3b4e5f61850c54ce21edc1c42a4ceb0c15abae300eb37aaa1e0133f,a2c-large-frenet-seed-3,8.666280999976152,50000
large,a2c,0.0,1.0,1,0.0,0.09354945930666518,0.812108413236297,0.09354945930666518,frenet,3,675edc5dd3b4e5f61850c54ce21edc1c42a4ceb0c15abae300eb37aaa1e0133f,a2c-large-frenet-seed-3,98.15874800003076,500000
large,a2c,0.0,1.0,1,0.0,0.05934028075823269,-1.739612781360754,0.05934028075823269,frenet,3,675edc5dd3b4e5f61850c54ce21edc1c42a4ceb0c15abae300eb37aaa1e0133f,a2c-large-frenet-seed-3,107.1870570000101,550000
large,a2c,0.0,1.0,1,0.0,0.06500725474396525,-1.3732868570093792,0.06500725474396525,frenet,3,675edc5dd3b4e5f61850c54ce21edc1c42a4ceb0c15abae300eb37aaa1e0133f,a2c-large-frenet-seed-3,116.55218819986112,600000
large,a2c,0.0,1.0,1,0.0,0.2076281068226038,10.742319866715148,0.2076281068226038,frenet,3,675edc5dd3b4e5f61850c54ce21edc1c42a4ceb0c15abae300eb37aaa1e0133f,a2c-large-frenet-seed-3,126.11863180008731,650000
large,a2c,0.0,1.0,1,0.0,0.2070219369469825,10.60074766355132,0.2070219369469825,frenet,3,675edc5dd3b4e5f61850c54ce21edc1c42a4ceb0c15abae300eb37aaa1e0133f,a2c-large-frenet-seed-3,134.9383066001501,700000
large,a2c,0.0,1.0,1,0.0,0.2084299013487259,10.709796901827664,0.2084299013487259,frenet,3,675edc5dd3b4e5f61850c54ce21edc1c42a4ceb0c15abae300eb37aaa1e0133f,a2c-large-frenet-seed-3,143.92865930034532,750000
large,a2c,0.0,1.0,1,0.0,0.14260697754207072,5.077102862681116,0.14260697754207072,frenet,3,675edc5dd3b4e5f61850c54ce21edc1c42a4ceb0c15abae300eb37aaa1e0133f,a2c-large-frenet-seed-3,152.7710382004152,800000
large,a2c,0.0,1.0,1,0.0,0.06246123821480328,-1.6276938847901672,0.06246123821480328,frenet,3,675edc5dd3b4e5f61850c54ce21edc1c42a4ceb0c15abae300eb37aaa1e0133f,a2c-large-frenet-seed-3,161.5970845002994,850000
large,a2c,0.0,1.0,1,0.0,0.16032315436031033,6.487652048472075,0.16032315436031033,frenet,3,675edc5dd3b4e5f61850c54ce21edc1c42a4ceb0c15abae300eb37aaa1e0133f,a2c-large-frenet-seed-3,170.33124610049344,900000
large,a2c,0.0,1.0,1,0.0,0.4858948358081877,31.174169901040493,0.4858948358081877,frenet,3,675edc5dd3b4e5f61850c54ce21edc1c42a4ceb0c15abae300eb37aaa1e0133f,a2c-large-frenet-seed-3,178.9875590004558,950000
large,a2c,0.0,0.0,1,0.0,7.35878051013927e-05,-39.99264121948986,7.35878051013927e-05,frenet,4,633a79d137b747782a49079ffbbe14fdced34614b968e67ad42092b81ff0f715,a2c-large-frenet-seed-4,16.892555399859702,100000
large,a2c,1.0,0.0,1,1.0,1.0002221218829093,202.42855698978252,1.0002221218829093,frenet,4,633a79d137b747782a49079ffbbe14fdced34614b968e67ad42092b81ff0f715,a2c-large-frenet-seed-4,166.55240139915986,1000000
large,a2c,1.0,0.0,1,1.0,1.000094270811825,202.59693898702022,1.000094270811825,frenet,4,633a79d137b747782a49079ffbbe14fdced34614b968e67ad42092b81ff0f715,a2c-large-frenet-seed-4,174.75845099913568,1050000
large,a2c,1.0,0.0,1,1.0,1.0001509064511036,201.8411574766144,1.0001509064511036,frenet,4,633a79d137b747782a49079ffbbe14fdced34614b968e67ad42092b81ff0f715,a2c-large-frenet-seed-4,182.84362309913558,1100000
large,a2c,0.0,1.0,1,0.0,0.5402352628008985,32.84511024542993,0.5402352628008985,frenet,4,633a79d137b747782a49079ffbbe14fdced34614b968e67ad42092b81ff0f715,a2c-large-frenet-seed-4,191.4064218990934,1150000
large,a2c,0.0,1.0,1,0.0,0.5413562141680452,32.57315542141306,0.5413562141680452,frenet,4,633a79d137b747782a49079ffbbe14fdced34614b968e67ad42092b81ff0f715,a2c-large-frenet-seed-4,199.7741864991258,1200000
large,a2c,0.0,0.0,1,0.0,0.5394516019228422,13.945160192284309,0.5394516019228422,frenet,4,633a79d137b747782a49079ffbbe14fdced34614b968e67ad42092b81ff0f715,a2c-large-frenet-seed-4,208.024000799036,1250000
large,a2c,0.0,0.0,1,0.0,0.1871403979456916,-21.285960205430797,0.1871403979456916,frenet,4,633a79d137b747782a49079ffbbe14fdced34614b968e67ad42092b81ff0f715,a2c-large-frenet-seed-4,216.3163087990397,1300000
large,a2c,0.0,1.0,1,0.0,0.502448685502988,28.456455667121404,0.502448685502988,frenet,4,633a79d137b747782a49079ffbbe14fdced34614b968e67ad42092b81ff0f715,a2c-large-frenet-seed-4,224.77867799898377,1350000
large,a2c,1.0,0.0,1,1.0,1.0001608339681864,166.28070624477334,1.0001608339681864,frenet,4,633a79d137b747782a49079ffbbe14fdced34614b968e67ad42092b81ff0f715,a2c-large-frenet-seed-4,233.26380179892658,1400000
large,a2c,0.0,0.0,1,0.0,0.8746283469753542,47.46283469753536,0.8746283469753542,frenet,4,633a79d137b747782a49079ffbbe14fdced34614b968e67ad42092b81ff0f715,a2c-large-frenet-seed-4,241.64576969898917,1450000
large,a2c,0.0,1.0,1,0.0,0.17102803738317832,4.658892477968253,0.17102803738317832,frenet,4,633a79d137b747782a49079ffbbe14fdced34614b968e67ad42092b81ff0f715,a2c-large-frenet-seed-4,25.482887099882646,150000
large,a2c,0.0,0.0,1,0.0,0.9483653849783659,54.836538497836635,0.9483653849783659,frenet,4,633a79d137b747782a49079ffbbe14fdced34614b968e67ad42092b81ff0f715,a2c-large-frenet-seed-4,249.89025619905442,1500000
large,a2c,1.0,0.0,1,1.0,1.0002049075112411,164.3557524024012,1.0002049075112411,frenet,4,633a79d137b747782a49079ffbbe14fdced34614b968e67ad42092b81ff0f715,a2c-large-frenet-seed-4,257.89529569895967,1550000
large,a2c,1.0,0.0,1,1.0,1.000002243398643,180.28661554019172,1.000002243398643,frenet,4,633a79d137b747782a49079ffbbe14fdced34614b968e67ad42092b81ff0f715,a2c-large-frenet-seed-4,266.06826269897283,1600000
large,a2c,0.0,1.0,1,0.0,0.47250292460548693,24.476261682242733,0.47250292460548693,frenet,4,633a79d137b747782a49079ffbbe14fdced34614b968e67ad42092b81ff0f715,a2c-large-frenet-seed-4,274.2203411991941,1650000
large,a2c,1.0,0.0,1,1.0,1.0002041814292773,176.5384408484866,1.0002041814292773,frenet,4,633a79d137b747782a49079ffbbe14fdced34614b968e67ad42092b81ff0f715,a2c-large-frenet-seed-4,282.4798971990713,1700000
large,a2c,1.0,0.0,1,1.0,1.0000625320901873,176.57849756030348,1.0000625320901873,frenet,4,633a79d137b747782a49079ffbbe14fdced34614b968e67ad42092b81ff0f715,a2c-large-frenet-seed-4,290.966877599094,1750000
large,a2c,1.0,0.0,1,1.0,1.000017366857933,178.83287532188882,1.000017366857933,frenet,4,633a79d137b747782a49079ffbbe14fdced34614b968e67ad42092b81ff0f715,a2c-large-frenet-seed-4,299.04468009927587,1800000
large,a2c,1.0,0.0,1,1.0,1.0000894897930916,179.04453972173263,1.0000894897930916,frenet,4,633a79d137b747782a49079ffbbe14fdced34614b968e67ad42092b81ff0f715,a2c-large-frenet-seed-4,307.29682009930184,1850000
large,a2c,1.0,0.0,1,1.0,1.0001952440512953,186.4258499315967,1.0001952440512953,frenet,4,633a79d137b747782a49079ffbbe14fdced34614b968e67ad42092b81ff0f715,a2c-large-frenet-seed-4,315.41547259926665,1900000
large,a2c,1.0,0.0,1,1.0,1.0002717517525523,185.41825239004544,1.0002717517525523,frenet,4,633a79d137b747782a49079ffbbe14fdced34614b968e67ad42092b81ff0f715,a2c-large-frenet-seed-4,323.67724169927897,1950000
large,a2c,0.0,1.0,1,0.0,0.08308491800451268,-0.5281712421523705,0.08308491800451268,frenet,4,633a79d137b747782a49079ffbbe14fdced34614b968e67ad42092b81ff0f715,a2c-large-frenet-seed-4,34.24079679982242,200000
large,a2c,1.0,0.0,1,1.0,1.0002524067529925,188.98514627817042,1.0002524067529925,frenet,4,633a79d137b747782a49079ffbbe14fdced34614b968e67ad42092b81ff0f715,a2c-large-frenet-seed-4,331.89158979932836,2000000
large,a2c,0.0,1.0,1,0.0,0.1013132902850454,1.1748247727997825,0.1013132902850454,frenet,4,633a79d137b747782a49079ffbbe14fdced34614b968e67ad42092b81ff0f715,a2c-large-frenet-seed-4,42.97309839984155,250000
large,a2c,1.0,0.0,1,1.0,1.0002122254374837,189.33815417376888,1.0002122254374837,frenet,4,633a79d137b747782a49079ffbbe14fdced34614b968e67ad42092b81ff0f715,a2c-large-frenet-seed-4,51.40163979984936,300000
large,a2c,0.0,1.0,1,0.0,0.47403603839583597,28.64550327655008,0.47403603839583597,frenet,4,633a79d137b747782a49079ffbbe14fdced34614b968e67ad42092b81ff0f715,a2c-large-frenet-seed-4,59.68254059972605,350000
large,a2c,0.0,1.0,1,0.0,0.4728971962616819,26.59539836083342,0.4728971962616819,frenet,4,633a79d137b747782a49079ffbbe14fdced34614b968e67ad42092b81ff0f715,a2c-large-frenet-seed-4,68.24174839978514,400000
large,a2c,1.0,0.0,1,1.0,1.0000030998261988,183.0190644201897,1.0000030998261988,frenet,4,633a79d137b747782a49079ffbbe14fdced34614b968e67ad42092b81ff0f715,a2c-large-frenet-seed-4,76.41040009980497,450000
large,a2c,0.0,1.0,1,0.0,0.08630743298734204,-4.267429067101302,0.08630743298734204,frenet,4,633a79d137b747782a49079ffbbe14fdced34614b968e67ad42092b81ff0f715,a2c-large-frenet-seed-4,8.476895300140313,50000
large,a2c,0.0,1.0,1,0.0,0.507932661802961,30.308595101383695,0.507932661802961,frenet,4,633a79d137b747782a49079ffbbe14fdced34614b968e67ad42092b81ff0f715,a2c-large-frenet-seed-4,84.58130929988693,500000
large,a2c,1.0,0.0,1,1.0,1.000133647843631,200.30378399237037,1.000133647843631,frenet,4,633a79d137b747782a49079ffbbe14fdced34614b968e67ad42092b81ff0f715,a2c-large-frenet-seed-4,92.80726919964582,550000
large,a2c,1.0,0.0,1,1.0,1.00007371271671,188.35887124196847,1.00007371271671,frenet,4,633a79d137b747782a49079ffbbe14fdced34614b968e67ad42092b81ff0f715,a2c-large-frenet-seed-4,100.9251851996014,600000
large,a2c,1.0,0.0,1,1.0,1.0002157475045568,183.7251550670453,1.0002157475045568,frenet,4,633a79d137b747782a49079ffbbe14fdced34614b968e67ad42092b81ff0f715,a2c-large-frenet-seed-4,109.24840819962992,650000
large,a2c,1.0,0.0,1,1.0,1.0000084891782468,189.13427039264582,1.0000084891782468,frenet,4,633a79d137b747782a49079ffbbe14fdced34614b968e67ad42092b81ff0f715,a2c-large-frenet-seed-4,117.43374959946959,700000
large,a2c,1.0,0.0,1,1.0,1.0000117315438657,195.43722628753073,1.0000117315438657,frenet,4,633a79d137b747782a49079ffbbe14fdced34614b968e67ad42092b81ff0f715,a2c-large-frenet-seed-4,125.67328649952469,750000
large,a2c,1.0,0.0,1,1.0,1.0001386463325543,211.31655779729692,1.0001386463325543,frenet,4,633a79d137b747782a49079ffbbe14fdced34614b968e67ad42092b81ff0f715,a2c-large-frenet-seed-4,133.863195699505,800000
large,a2c,1.0,0.0,1,1.0,1.0001353041017198,208.90314113280112,1.0001353041017198,frenet,4,633a79d137b747782a49079ffbbe14fdced34614b968e67ad42092b81ff0f715,a2c-large-frenet-seed-4,141.97662319933806,850000
large,a2c,1.0,0.0,1,1.0,1.0001268206024945,203.32485455270188,1.0001268206024945,frenet,4,633a79d137b747782a49079ffbbe14fdced34614b968e67ad42092b81ff0f715,a2c-large-frenet-seed-4,150.08526399920447,900000
large,a2c,0.0,1.0,1,0.0,0.49887622359239575,29.888684975275538,0.49887622359239575,frenet,4,633a79d137b747782a49079ffbbe14fdced34614b968e67ad42092b81ff0f715,a2c-large-frenet-seed-4,158.32998909923845,950000
medium,a2c,0.0,1.0,1,0.0,0.0608146808176287,-4.372773372933757,0.0608146808176287,frenet,0,e8642391a18bd3d9d8a6bbe63285f0153e8bb29f2495b8a1b6b6d672d1d34c1b,a2c-medium-frenet-seed-0,17.348387800255296,100000
medium,a2c,1.0,0.0,1,1.0,1.0000444526641215,223.6862556607354,1.0000444526641215,frenet,0,e8642391a18bd3d9d8a6bbe63285f0153e8bb29f2495b8a1b6b6d672d1d34c1b,a2c-medium-frenet-seed-0,170.53672240024753,1000000
medium,a2c,1.0,0.0,1,1.0,1.000039512566969,223.82566188397783,1.000039512566969,frenet,0,e8642391a18bd3d9d8a6bbe63285f0153e8bb29f2495b8a1b6b6d672d1d34c1b,a2c-medium-frenet-seed-0,178.92589300022883,1050000
medium,a2c,1.0,0.0,1,1.0,1.0003972332716087,226.51079355224365,1.0003972332716087,frenet,0,e8642391a18bd3d9d8a6bbe63285f0153e8bb29f2495b8a1b6b6d672d1d34c1b,a2c-medium-frenet-seed-0,187.23717500004568,1100000
medium,a2c,1.0,0.0,1,1.0,1.000287135866407,221.908477297814,1.000287135866407,frenet,0,e8642391a18bd3d9d8a6bbe63285f0153e8bb29f2495b8a1b6b6d672d1d34c1b,a2c-medium-frenet-seed-0,195.6820396000585,1150000
medium,a2c,1.0,0.0,1,1.0,1.0000683388830436,221.66654799602185,1.0000683388830436,frenet,0,e8642391a18bd3d9d8a6bbe63285f0153e8bb29f2495b8a1b6b6d672d1d34c1b,a2c-medium-frenet-seed-0,204.2269186999547,1200000
medium,a2c,1.0,0.0,1,1.0,1.0003945035126205,226.59535556513822,1.0003945035126205,frenet,0,e8642391a18bd3d9d8a6bbe63285f0153e8bb29f2495b8a1b6b6d672d1d34c1b,a2c-medium-frenet-seed-0,212.68781229981323,1250000
medium,a2c,1.0,0.0,1,1.0,1.0001122743806654,230.3435928971948,1.0001122743806654,frenet,0,e8642391a18bd3d9d8a6bbe63285f0153e8bb29f2495b8a1b6b6d672d1d34c1b,a2c-medium-frenet-seed-0,220.92021399974328,1300000
medium,a2c,1.0,0.0,1,1.0,1.0003808451222995,225.1963774736833,1.0003808451222995,frenet,0,e8642391a18bd3d9d8a6bbe63285f0153e8bb29f2495b8a1b6b6d672d1d34c1b,a2c-medium-frenet-seed-0,229.21293459952358,1350000
medium,a2c,1.0,0.0,1,1.0,1.0001301155929971,227.38261744498732,1.0001301155929971,frenet,0,e8642391a18bd3d9d8a6bbe63285f0153e8bb29f2495b8a1b6b6d672d1d34c1b,a2c-medium-frenet-seed-0,237.81579539942686,1400000
medium,a2c,1.0,0.0,1,1.0,1.0000179331159829,226.55625467809497,1.0000179331159829,frenet,0,e8642391a18bd3d9d8a6bbe63285f0153e8bb29f2495b8a1b6b6d672d1d34c1b,a2c-medium-frenet-seed-0,246.21183079941693,1450000
medium,a2c,0.0,1.0,1,0.0,0.06595993954345508,-4.024629735080399,0.06595993954345508,frenet,0,e8642391a18bd3d9d8a6bbe63285f0153e8bb29f2495b8a1b6b6d672d1d34c1b,a2c-medium-frenet-seed-0,26.173620000441588,150000
medium,a2c,1.0,0.0,1,1.0,1.000424914814012,229.02786663624752,1.000424914814012,frenet,0,e8642391a18bd3d9d8a6bbe63285f0153e8bb29f2495b8a1b6b6d672d1d34c1b,a2c-medium-frenet-seed-0,254.5690619993693,1500000
medium,a2c,1.0,0.0,1,1.0,1.0003354564930558,229.06066776637775,1.0003354564930558,frenet,0,e8642391a18bd3d9d8a6bbe63285f0153e8bb29f2495b8a1b6b6d672d1d34c1b,a2c-medium-frenet-seed-0,262.94873959940014,1550000
medium,a2c,1.0,0.0,1,1.0,1.0001233458259633,225.03568872408664,1.0001233458259633,frenet,0,e8642391a18bd3d9d8a6bbe63285f0153e8bb29f2495b8a1b6b6d672d1d34c1b,a2c-medium-frenet-seed-0,271.302041299401,1600000
medium,a2c,1.0,0.0,1,1.0,1.0003975717665372,221.73408581873304,1.0003975717665372,frenet,0,e8642391a18bd3d9d8a6bbe63285f0153e8bb29f2495b8a1b6b6d672d1d34c1b,a2c-medium-frenet-seed-0,279.5474516994218,1650000
medium,a2c,1.0,0.0,1,1.0,1.0003560257164434,226.18326637964338,1.0003560257164434,frenet,0,e8642391a18bd3d9d8a6bbe63285f0153e8bb29f2495b8a1b6b6d672d1d34c1b,a2c-medium-frenet-seed-0,287.9660807992732,1700000
medium,a2c,1.0,0.0,1,1.0,1.0004343353518792,231.9060860625134,1.0004343353518792,frenet,0,e8642391a18bd3d9d8a6bbe63285f0153e8bb29f2495b8a1b6b6d672d1d34c1b,a2c-medium-frenet-seed-0,296.30763479918096,1750000
medium,a2c,1.0,0.0,1,1.0,1.0003159193776185,234.27941502490594,1.0003159193776185,frenet,0,e8642391a18bd3d9d8a6bbe63285f0153e8bb29f2495b8a1b6b6d672d1d34c1b,a2c-medium-frenet-seed-0,304.59037269915643,1800000
medium,a2c,1.0,0.0,1,1.0,1.0002399890032598,234.2289212000765,1.0002399890032598,frenet,0,e8642391a18bd3d9d8a6bbe63285f0153e8bb29f2495b8a1b6b6d672d1d34c1b,a2c-medium-frenet-seed-0,312.91882409933896,1850000
medium,a2c,1.0,0.0,1,1.0,1.0001455873361742,235.20638954118556,1.0001455873361742,frenet,0,e8642391a18bd3d9d8a6bbe63285f0153e8bb29f2495b8a1b6b6d672d1d34c1b,a2c-medium-frenet-seed-0,321.2609414993458,1900000
medium,a2c,1.0,0.0,1,1.0,1.0001083853557178,233.9009398370308,1.0001083853557178,frenet,0,e8642391a18bd3d9d8a6bbe63285f0153e8bb29f2495b8a1b6b6d672d1d34c1b,a2c-medium-frenet-seed-0,329.51080349927724,1950000
medium,a2c,0.0,1.0,1,0.0,0.18859689241830807,6.735584231210053,0.18859689241830807,frenet,0,e8642391a18bd3d9d8a6bbe63285f0153e8bb29f2495b8a1b6b6d672d1d34c1b,a2c-medium-frenet-seed-0,34.65855580034986,200000
medium,a2c,1.0,0.0,1,1.0,1.0000275085512553,231.7760769546337,1.0000275085512553,frenet,0,e8642391a18bd3d9d8a6bbe63285f0153e8bb29f2495b8a1b6b6d672d1d34c1b,a2c-medium-frenet-seed-0,337.8642643994135,2000000
medium,a2c,0.0,1.0,1,0.0,0.1981308411214946,8.298226147398541,0.1981308411214946,frenet,0,e8642391a18bd3d9d8a6bbe63285f0153e8bb29f2495b8a1b6b6d672d1d34c1b,a2c-medium-frenet-seed-0,43.33710670045912,250000
medium,a2c,0.0,1.0,1,0.0,0.20389167479944215,9.293831775700793,0.20389167479944215,frenet,0,e8642391a18bd3d9d8a6bbe63285f0153e8bb29f2495b8a1b6b6d672d1d34c1b,a2c-medium-frenet-seed-0,52.39520490050927,300000
medium,a2c,0.0,1.0,1,0.0,0.4989296952035349,32.05673641394379,0.4989296952035349,frenet,0,e8642391a18bd3d9d8a6bbe63285f0153e8bb29f2495b8a1b6b6d672d1d34c1b,a2c-medium-frenet-seed-0,61.240247700276086,350000
medium,a2c,1.0,0.0,1,1.0,1.0003016048640332,196.39856704418173,1.0003016048640332,frenet,0,e8642391a18bd3d9d8a6bbe63285f0153e8bb29f2495b8a1b6b6d672d1d34c1b,a2c-medium-frenet-seed-0,69.65148260049318,400000
medium,a2c,1.0,0.0,1,1.0,1.0003178987973964,217.1698956635407,1.0003178987973964,frenet,0,e8642391a18bd3d9d8a6bbe63285f0153e8bb29f2495b8a1b6b6d672d1d34c1b,a2c-medium-frenet-seed-0,78.08509110052182,450000
medium,a2c,0.0,1.0,1,0.0,0.06504127276803663,-4.604306867738611,0.06504127276803663,frenet,0,e8642391a18bd3d9d8a6bbe63285f0153e8bb29f2495b8a1b6b6d672d1d34c1b,a2c-medium-frenet-seed-0,8.599094400218746,50000
medium,a2c,0.0,1.0,1,0.0,0.5710986030907075,37.29128670506542,0.5710986030907075,frenet,0,e8642391a18bd3d9d8a6bbe63285f0153e8bb29f2495b8a1b6b6d672d1d34c1b,a2c-medium-frenet-seed-0,86.3710617005272,500000
medium,a2c,1.0,0.0,1,1.0,1.0002698469931712,220.87359253147102,1.0002698469931712,frenet,0,e8642391a18bd3d9d8a6bbe63285f0153e8bb29f2495b8a1b6b6d672d1d34c1b,a2c-medium-frenet-seed-0,94.64539470084492,550000
medium,a2c,0.0,1.0,1,0.0,0.4970265806245153,32.45696955983197,0.4970265806245153,frenet,0,e8642391a18bd3d9d8a6bbe63285f0153e8bb29f2495b8a1b6b6d672d1d34c1b,a2c-medium-frenet-seed-0,102.83870940055203,600000
medium,a2c,1.0,0.0,1,1.0,1.0001639982774355,226.58401729127326,1.0001639982774355,frenet,0,e8642391a18bd3d9d8a6bbe63285f0153e8bb29f2495b8a1b6b6d672d1d34c1b,a2c-medium-frenet-seed-0,111.12275500041505,650000
medium,a2c,0.0,1.0,1,0.0,0.5475054530415556,35.61835580498944,0.5475054530415556,frenet,0,e8642391a18bd3d9d8a6bbe63285f0153e8bb29f2495b8a1b6b6d672d1d34c1b,a2c-medium-frenet-seed-0,119.34486640039177,700000
medium,a2c,0.0,1.0,1,0.0,0.552284013293109,35.649674680589,0.552284013293109,frenet,0,e8642391a18bd3d9d8a6bbe63285f0153e8bb29f2495b8a1b6b6d672d1d34c1b,a2c-medium-frenet-seed-0,127.75315940016662,750000
medium,a2c,0.0,1.0,1,0.0,0.5532424810806242,35.56889537886407,0.5532424810806242,frenet,0,e8642391a18bd3d9d8a6bbe63285f0153e8bb29f2495b8a1b6b6d672d1d34c1b,a2c-medium-frenet-seed-0,136.63248630018643,800000
medium,a2c,1.0,0.0,1,1.0,1.000062055363021,220.30964035253066,1.000062055363021,frenet,0,e8642391a18bd3d9d8a6bbe63285f0153e8bb29f2495b8a1b6b6d672d1d34c1b,a2c-medium-frenet-seed-0,144.93750580030246,850000
medium,a2c,1.0,0.0,1,1.0,1.0003048569059623,223.71420363030734,1.0003048569059623,frenet,0,e8642391a18bd3d9d8a6bbe63285f0153e8bb29f2495b8a1b6b6d672d1d34c1b,a2c-medium-frenet-seed-0,153.44903750045341,900000
medium,a2c,1.0,0.0,1,1.0,1.000196691684064,225.9604780434083,1.000196691684064,frenet,0,e8642391a18bd3d9d8a6bbe63285f0153e8bb29f2495b8a1b6b6d672d1d34c1b,a2c-medium-frenet-seed-0,161.9002972003218,950000
medium,a2c,0.0,1.0,1,0.0,0.21597455694853115,3.80132961401468,0.21597455694853115,frenet,1,b3dac8abf7a4757cdfba91623bf232e5701db7f4015080547b63eca5687c361d,a2c-medium-frenet-seed-1,16.71084499992139,100000
medium,a2c,0.0,1.0,1,0.0,0.5454194043565831,34.49027518190327,0.5454194043565831,frenet,1,b3dac8abf7a4757cdfba91623bf232e5701db7f4015080547b63eca5687c361d,a2c-medium-frenet-seed-1,163.150671398962,1000000
medium,a2c,1.0,0.0,1,1.0,1.0001441430112035,218.47909318114864,1.0001441430112035,frenet,1,b3dac8abf7a4757cdfba91623bf232e5701db7f4015080547b63eca5687c361d,a2c-medium-frenet-seed-1,171.13243559918556,1050000
medium,a2c,0.0,1.0,1,0.0,0.6701811171817015,44.27377430599719,0.6701811171817015,frenet,1,b3dac8abf7a4757cdfba91623bf232e5701db7f4015080547b63eca5687c361d,a2c-medium-frenet-seed-1,179.16424629940957,1100000
medium,a2c,1.0,0.0,1,1.0,1.0002013010273765,218.98558346987267,1.0002013010273765,frenet,1,b3dac8abf7a4757cdfba91623bf232e5701db7f4015080547b63eca5687c361d,a2c-medium-frenet-seed-1,187.15824449948195,1150000
medium,a2c,1.0,0.0,1,1.0,1.0003362166653587,220.8744719344857,1.0003362166653587,frenet,1,b3dac8abf7a4757cdfba91623bf232e5701db7f4015080547b63eca5687c361d,a2c-medium-frenet-seed-1,195.32322609952462,1200000
medium,a2c,1.0,0.0,1,1.0,1.0003232402652626,222.8148657428414,1.0003232402652626,frenet,1,b3dac8abf7a4757cdfba91623bf232e5701db7f4015080547b63eca5687c361d,a2c-medium-frenet-seed-1,203.3192328993391,1250000
medium,a2c,1.0,0.0,1,1.0,1.0001399238658955,216.8604144290454,1.0001399238658955,frenet,1,b3dac8abf7a4757cdfba91623bf232e5701db7f4015080547b63eca5687c361d,a2c-medium-frenet-seed-1,211.47197699927347,1300000
medium,a2c,1.0,0.0,1,1.0,1.0002415953712198,222.98791706389284,1.0002415953712198,frenet,1,b3dac8abf7a4757cdfba91623bf232e5701db7f4015080547b63eca5687c361d,a2c-medium-frenet-seed-1,219.57267849906566,1350000
medium,a2c,0.0,1.0,1,0.0,0.06384338098590214,-1.6988906439387494,0.06384338098590214,frenet,1,b3dac8abf7a4757cdfba91623bf232e5701db7f4015080547b63eca5687c361d,a2c-medium-frenet-seed-1,227.57693549893884,1400000
medium,a2c,1.0,0.0,1,1.0,1.0000363193281239,224.0840425173751,1.0000363193281239,frenet,1,b3dac8abf7a4757cdfba91623bf232e5701db7f4015080547b63eca5687c361d,a2c-medium-frenet-seed-1,235.57423509902947,1450000
medium,a2c,0.0,1.0,1,0.0,0.2082329842849898,4.980592718654782,0.2082329842849898,frenet,1,b3dac8abf7a4757cdfba91623bf232e5701db7f4015080547b63eca5687c361d,a2c-medium-frenet-seed-1,24.88721159998022,150000
medium,a2c,1.0,0.0,1,1.0,1.0000186008234215,224.2619954121939,1.0000186008234215,frenet,1,b3dac8abf7a4757cdfba91623bf232e5701db7f4015080547b63eca5687c361d,a2c-medium-frenet-seed-1,243.56955719926918,1500000
medium,a2c,1.0,0.0,1,1.0,1.0000999020200803,223.01126191215457,1.0000999020200803,frenet,1,b3dac8abf7a4757cdfba91623bf232e5701db7f4015080547b63eca5687c361d,a2c-medium-frenet-seed-1,251.57665739927324,1550000
medium,a2c,1.0,0.0,1,1.0,1.0001399651113236,232.245799568589,1.0001399651113236,frenet,1,b3dac8abf7a4757cdfba91623bf232e5701db7f4015080547b63eca5687c361d,a2c-medium-frenet-seed-1,259.62390699933167,1600000
medium,a2c,1.0,0.0,1,1.0,1.0000390526464251,229.5794385933501,1.0000390526464251,frenet,1,b3dac8abf7a4757cdfba91623bf232e5701db7f4015080547b63eca5687c361d,a2c-medium-frenet-seed-1,267.69287969933794,1650000
medium,a2c,1.0,0.0,1,1.0,1.0000526986006733,224.58691345266487,1.0000526986006733,frenet,1,b3dac8abf7a4757cdfba91623bf232e5701db7f4015080547b63eca5687c361d,a2c-medium-frenet-seed-1,275.69897239932834,1700000
medium,a2c,1.0,0.0,1,1.0,1.0001822826521074,229.27609201403288,1.0001822826521074,frenet,1,b3dac8abf7a4757cdfba91623bf232e5701db7f4015080547b63eca5687c361d,a2c-medium-frenet-seed-1,283.67857299938623,1750000
medium,a2c,1.0,0.0,1,1.0,1.0001060421553036,229.08784472687066,1.0001060421553036,frenet,1,b3dac8abf7a4757cdfba91623bf232e5701db7f4015080547b63eca5687c361d,a2c-medium-frenet-seed-1,291.80157489922567,1800000
medium,a2c,1.0,0.0,1,1.0,1.0001515025085195,228.2884081163171,1.0001515025085195,frenet,1,b3dac8abf7a4757cdfba91623bf232e5701db7f4015080547b63eca5687c361d,a2c-medium-frenet-seed-1,299.876502799445,1850000
medium,a2c,1.0,0.0,1,1.0,1.0002297840799368,227.342095185644,1.0002297840799368,frenet,1,b3dac8abf7a4757cdfba91623bf232e5701db7f4015080547b63eca5687c361d,a2c-medium-frenet-seed-1,307.9112497992646,1900000
medium,a2c,1.0,0.0,1,1.0,1.0003246261707879,225.87383221289218,1.0003246261707879,frenet,1,b3dac8abf7a4757cdfba91623bf232e5701db7f4015080547b63eca5687c361d,a2c-medium-frenet-seed-1,315.9727932992355,1950000
medium,a2c,0.0,1.0,1,0.0,0.1998787090894067,6.227641099175781,0.1998787090894067,frenet,1,b3dac8abf7a4757cdfba91623bf232e5701db7f4015080547b63eca5687c361d,a2c-medium-frenet-seed-1,33.19027949994779,200000
medium,a2c,1.0,0.0,1,1.0,1.0001230905443204,226.61302449117997,1.0001230905443204,frenet,1,b3dac8abf7a4757cdfba91623bf232e5701db7f4015080547b63eca5687c361d,a2c-medium-frenet-seed-1,324.0201270994512,2000000
medium,a2c,0.0,1.0,1,0.0,0.20654205607476592,8.48074766355136,0.20654205607476592,frenet,1,b3dac8abf7a4757cdfba91623bf232e5701db7f4015080547b63eca5687c361d,a2c-medium-frenet-seed-1,41.55742339970311,250000
medium,a2c,0.0,1.0,1,0.0,0.23357380029597502,11.017171256062056,0.23357380029597502,frenet,1,b3dac8abf7a4757cdfba91623bf232e5701db7f4015080547b63eca5687c361d,a2c-medium-frenet-seed-1,49.85852759955378,300000
medium,a2c,0.0,1.0,1,0.0,0.5566475712532346,36.38479716583883,0.5566475712532346,frenet,1,b3dac8abf7a4757cdfba91623bf232e5701db7f4015080547b63eca5687c361d,a2c-medium-frenet-seed-1,57.9404665996517,350000
medium,a2c,0.0,1.0,1,0.0,0.49166196263186024,31.180334901833078,0.49166196263186024,frenet,1,b3dac8abf7a4757cdfba91623bf232e5701db7f4015080547b63eca5687c361d,a2c-medium-frenet-seed-1,66.0890809996854,400000
medium,a2c,0.0,1.0,1,0.0,0.5457607816500749,35.0000916760789,0.5457607816500749,frenet,1,b3dac8abf7a4757cdfba91623bf232e5701db7f4015080547b63eca5687c361d,a2c-medium-frenet-seed-1,74.1584854997127,450000
medium,a2c,0.0,1.0,1,0.0,0.059054637424283504,-4.948606565504494,0.059054637424283504,frenet,1,b3dac8abf7a4757cdfba91623bf232e5701db7f4015080547b63eca5687c361d,a2c-medium-frenet-seed-1,8.345387000008486,50000
medium,a2c,0.0,1.0,1,0.0,0.5437170934761097,34.865970330764604,0.5437170934761097,frenet,1,b3dac8abf7a4757cdfba91623bf232e5701db7f4015080547b63eca5687c361d,a2c-medium-frenet-seed-1,82.20034439950905,500000
medium,a2c,0.0,1.0,1,0.0,0.5402580664586865,33.92354734265471,0.5402580664586865,frenet,1,b3dac8abf7a4757cdfba91623bf232e5701db7f4015080547b63eca5687c361d,a2c-medium-frenet-seed-1,90.30109719925895,550000
medium,a2c,0.0,1.0,1,0.0,0.5438343183715625,34.085203120103934,0.5438343183715625,frenet,1,b3dac8abf7a4757cdfba91623bf232e5701db7f4015080547b63eca5687c361d,a2c-medium-frenet-seed-1,98.40659389930806,600000
medium,a2c,1.0,0.0,1,1.0,1.0002010944317496,212.36739369460503,1.0002010944317496,frenet,1,b3dac8abf7a4757cdfba91623bf232e5701db7f4015080547b63eca5687c361d,a2c-medium-frenet-seed-1,106.50131419944955,650000
medium,a2c,1.0,0.0,1,1.0,1.0001263246108874,213.73705936825087,1.0001263246108874,frenet,1,b3dac8abf7a4757cdfba91623bf232e5701db7f4015080547b63eca5687c361d,a2c-medium-frenet-seed-1,114.51796119939536,700000
medium,a2c,0.0,1.0,1,0.0,0.5449873342149723,34.449323162968334,0.5449873342149723,frenet,1,b3dac8abf7a4757cdfba91623bf232e5701db7f4015080547b63eca5687c361d,a2c-medium-frenet-seed-1,122.63036499926602,750000
medium,a2c,0.0,1.0,1,0.0,0.5422872666257302,34.546896088811984,0.5422872666257302,frenet,1,b3dac8abf7a4757cdfba91623bf232e5701db7f4015080547b63eca5687c361d,a2c-medium-frenet-seed-1,130.62307449913715,800000
medium,a2c,0.0,1.0,1,0.0,0.5487902337085304,35.390885630687045,0.5487902337085304,frenet,1,b3dac8abf7a4757cdfba91623bf232e5701db7f4015080547b63eca5687c361d,a2c-medium-frenet-seed-1,138.70914649907354,850000
medium,a2c,0.0,1.0,1,0.0,0.5500313241817704,35.087507857777496,0.5500313241817704,frenet,1,b3dac8abf7a4757cdfba91623bf232e5701db7f4015080547b63eca5687c361d,a2c-medium-frenet-seed-1,146.82870699901832,900000
medium,a2c,0.0,1.0,1,0.0,0.539120168392579,33.727933895989736,0.539120168392579,frenet,1,b3dac8abf7a4757cdfba91623bf232e5701db7f4015080547b63eca5687c361d,a2c-medium-frenet-seed-1,154.97869419899507,950000
medium,a2c,0.0,1.0,1,0.0,0.335225893949175,15.336833664312884,0.335225893949175,frenet,2,229fe70bb68869840e6623c860267f27642fc2dd85106bd12a954fe566de2830,a2c-medium-frenet-seed-2,16.2818141998614,100000
medium,a2c,1.0,0.0,1,1.0,1.000248121899574,215.97044318288545,1.000248121899574,frenet,2,229fe70bb68869840e6623c860267f27642fc2dd85106bd12a954fe566de2830,a2c-medium-frenet-seed-2,162.46041620005417,1000000
medium,a2c,1.0,0.0,1,1.0,1.0000306860802348,213.46637933268852,1.0000306860802348,frenet,2,229fe70bb68869840e6623c860267f27642fc2dd85106bd12a954fe566de2830,a2c-medium-frenet-seed-2,170.39371070005654,1050000
medium,a2c,1.0,0.0,1,1.0,1.0002769941068719,214.6771090232561,1.0002769941068719,frenet,2,229fe70bb68869840e6623c860267f27642fc2dd85106bd12a954fe566de2830,a2c-medium-frenet-seed-2,178.39160650010308,1100000
medium,a2c,1.0,0.0,1,1.0,1.000095757749412,218.07354180426796,1.000095757749412,frenet,2,229fe70bb68869840e6623c860267f27642fc2dd85106bd12a954fe566de2830,a2c-medium-frenet-seed-2,186.54466119999415,1150000
medium,a2c,0.0,1.0,1,0.0,0.8861176168166398,60.76532235921195,0.8861176168166398,frenet,2,229fe70bb68869840e6623c860267f27642fc2dd85106bd12a954fe566de2830,a2c-medium-frenet-seed-2,194.64786899992396,1200000
medium,a2c,1.0,0.0,1,1.0,1.0003302487175239,218.96001210086118,1.0003302487175239,frenet,2,229fe70bb68869840e6623c860267f27642fc2dd85106bd12a954fe566de2830,a2c-medium-frenet-seed-2,202.66014139978142,1250000
medium,a2c,1.0,0.0,1,1.0,1.000354530295545,220.04029433053773,1.000354530295545,frenet,2,229fe70bb68869840e6623c860267f27642fc2dd85106bd12a954fe566de2830,a2c-medium-frenet-seed-2,210.68359629988117,1300000
medium,a2c,1.0,0.0,1,1.0,1.0000569463094322,225.7998627605358,1.0000569463094322,frenet,2,229fe70bb68869840e6623c860267f27642fc2dd85106bd12a954fe566de2830,a2c-medium-frenet-seed-2,218.66743679979118,1350000
medium,a2c,1.0,0.0,1,1.0,1.0003294926082853,225.46306321824272,1.0003294926082853,frenet,2,229fe70bb68869840e6623c860267f27642fc2dd85106bd12a954fe566de2830,a2c-medium-frenet-seed-2,226.81385789978594,1400000
medium,a2c,1.0,0.0,1,1.0,1.0003038029034725,219.75284687259827,1.0003038029034725,frenet,2,229fe70bb68869840e6623c860267f27642fc2dd85106bd12a954fe566de2830,a2c-medium-frenet-seed-2,234.8450651997955,1450000
medium,a2c,0.0,1.0,1,0.0,0.20888583932789673,6.716093160168924,0.20888583932789673,frenet,2,229fe70bb68869840e6623c860267f27642fc2dd85106bd12a954fe566de2830,a2c-medium-frenet-seed-2,24.372278799884953,150000
medium,a2c,1.0,0.0,1,1.0,1.000087628744497,223.96433329274836,1.000087628744497,frenet,2,229fe70bb68869840e6623c860267f27642fc2dd85106bd12a954fe566de2830,a2c-medium-frenet-seed-2,242.80625209981736,1500000
medium,a2c,1.0,0.0,1,1.0,1.0003748690951157,227.40550380601803,1.0003748690951157,frenet,2,229fe70bb68869840e6623c860267f27642fc2dd85106bd12a954fe566de2830,a2c-medium-frenet-seed-2,250.80731059995742,1550000
medium,a2c,1.0,0.0,1,1.0,1.0002131393370906,229.77294581369352,1.0002131393370906,frenet,2,229fe70bb68869840e6623c860267f27642fc2dd85106bd12a954fe566de2830,a2c-medium-frenet-seed-2,258.91010239997195,1600000
medium,a2c,1.0,0.0,1,1.0,1.0001973076886181,234.17461986314152,1.0001973076886181,frenet,2,229fe70bb68869840e6623c860267f27642fc2dd85106bd12a954fe566de2830,a2c-medium-frenet-seed-2,266.890008800121,1650000
medium,a2c,1.0,0.0,1,1.0,1.0003407216298112,233.20255578542708,1.0003407216298112,frenet,2,229fe70bb68869840e6623c860267f27642fc2dd85106bd12a954fe566de2830,a2c-medium-frenet-seed-2,274.9573658001391,1700000
medium,a2c,1.0,0.0,1,1.0,1.0002357733794134,231.07766633305766,1.0002357733794134,frenet,2,229fe70bb68869840e6623c860267f27642fc2dd85106bd12a954fe566de2830,a2c-medium-frenet-seed-2,283.11391270004606,1750000
medium,a2c,1.0,0.0,1,1.0,1.000422677129917,229.96898674524635,1.000422677129917,frenet,2,229fe70bb68869840e6623c860267f27642fc2dd85106bd12a954fe566de2830,a2c-medium-frenet-seed-2,291.13601789980385,1800000
medium,a2c,1.0,0.0,1,1.0,1.0004253728875512,226.81920622967743,1.0004253728875512,frenet,2,229fe70bb68869840e6623c860267f27642fc2dd85106bd12a954fe566de2830,a2c-medium-frenet-seed-2,299.28473809985735,1850000
medium,a2c,1.0,0.0,1,1.0,1.0003485686304,226.81305559299682,1.0003485686304,frenet,2,229fe70bb68869840e6623c860267f27642fc2dd85106bd12a954fe566de2830,a2c-medium-frenet-seed-2,307.249307999813,1900000
medium,a2c,1.0,0.0,1,1.0,1.0001572105667305,228.77393563078164,1.0001572105667305,frenet,2,229fe70bb68869840e6623c860267f27642fc2dd85106bd12a954fe566de2830,a2c-medium-frenet-seed-2,315.3024369999839,1950000
medium,a2c,0.0,1.0,1,0.0,0.21316385679228575,8.822175941263428,0.21316385679228575,frenet,2,229fe70bb68869840e6623c860267f27642fc2dd85106bd12a954fe566de2830,a2c-medium-frenet-seed-2,32.47517049994349,200000
medium,a2c,1.0,0.0,1,1.0,1.0001887253216901,228.05694526027563,1.0001887253216901,frenet,2,229fe70bb68869840e6623c860267f27642fc2dd85106bd12a954fe566de2830,a2c-medium-frenet-seed-2,323.40039229986724,2000000
medium,a2c,0.0,1.0,1,0.0,0.22278962812418426,9.786772551325997,0.22278962812418426,frenet,2,229fe70bb68869840e6623c860267f27642fc2dd85106bd12a954fe566de2830,a2c-medium-frenet-seed-2,40.729062699905626,250000
medium,a2c,0.0,1.0,1,0.0,0.5047201714097234,31.752389213480633,0.5047201714097234,frenet,2,229fe70bb68869840e6623c860267f27642fc2dd85106bd12a954fe566de2830,a2c-medium-frenet-seed-2,48.888352000118175,300000
medium,a2c,1.0,0.0,1,1.0,1.000076828165965,214.3380850631396,1.000076828165965,frenet,2,229fe70bb68869840e6623c860267f27642fc2dd85106bd12a954fe566de2830,a2c-medium-frenet-seed-2,56.79600370013941,350000
medium,a2c,0.0,1.0,1,0.0,0.4944478036252434,30.824750510938856,0.4944478036252434,frenet,2,229fe70bb68869840e6623c860267f27642fc2dd85106bd12a954fe566de2830,a2c-medium-frenet-seed-2,64.86106720013413,400000
medium,a2c,0.0,1.0,1,0.0,0.4857028194592246,30.203414390481726,0.4857028194592246,frenet,2,229fe70bb68869840e6623c860267f27642fc2dd85106bd12a954fe566de2830,a2c-medium-frenet-seed-2,72.8433190999749,450000
medium,a2c,0.0,1.0,1,0.0,0.08014064000563173,-3.745387270270126,0.08014064000563173,frenet,2,229fe70bb68869840e6623c860267f27642fc2dd85106bd12a954fe566de2830,a2c-medium-frenet-seed-2,8.274656200002937,50000
medium,a2c,0.0,1.0,1,0.0,0.6803227535029066,44.15686748104209,0.6803227535029066,frenet,2,229fe70bb68869840e6623c860267f27642fc2dd85106bd12a954fe566de2830,a2c-medium-frenet-seed-2,81.9268420999033,500000
medium,a2c,0.0,1.0,1,0.0,0.556839248300569,35.44504915440667,0.556839248300569,frenet,2,229fe70bb68869840e6623c860267f27642fc2dd85106bd12a954fe566de2830,a2c-medium-frenet-seed-2,89.87070649987072,550000
medium,a2c,1.0,0.0,1,1.0,1.0000307522286098,212.17213534866448,1.0000307522286098,frenet,2,229fe70bb68869840e6623c860267f27642fc2dd85106bd12a954fe566de2830,a2c-medium-frenet-seed-2,97.89324849976038,600000
medium,a2c,1.0,0.0,1,1.0,1.0002168484539489,211.61929793104662,1.0002168484539489,frenet,2,229fe70bb68869840e6623c860267f27642fc2dd85106bd12a954fe566de2830,a2c-medium-frenet-seed-2,105.87904859973423,650000
medium,a2c,1.0,0.0,1,1.0,1.000009237184737,213.97001443940565,1.000009237184737,frenet,2,229fe70bb68869840e6623c860267f27642fc2dd85106bd12a954fe566de2830,a2c-medium-frenet-seed-2,113.84685849970992,700000
medium,a2c,1.0,0.0,1,1.0,1.0003099830251685,216.80458128168067,1.0003099830251685,frenet,2,229fe70bb68869840e6623c860267f27642fc2dd85106bd12a954fe566de2830,a2c-medium-frenet-seed-2,121.8557390997048,750000
medium,a2c,1.0,0.0,1,1.0,1.0002703013570862,213.99643888498457,1.0002703013570862,frenet,2,229fe70bb68869840e6623c860267f27642fc2dd85106bd12a954fe566de2830,a2c-medium-frenet-seed-2,129.90431589982109,800000
medium,a2c,1.0,0.0,1,1.0,1.0001454937821495,223.91281978295655,1.0001454937821495,frenet,2,229fe70bb68869840e6623c860267f27642fc2dd85106bd12a954fe566de2830,a2c-medium-frenet-seed-2,138.12556749993746,850000
medium,a2c,1.0,0.0,1,1.0,1.0000135789989826,226.46614929605718,1.0000135789989826,frenet,2,229fe70bb68869840e6623c860267f27642fc2dd85106bd12a954fe566de2830,a2c-medium-frenet-seed-2,146.27928690009867,900000
medium,a2c,1.0,0.0,1,1.0,1.000014761562904,220.6628766949384,1.000014761562904,frenet,2,229fe70bb68869840e6623c860267f27642fc2dd85106bd12a954fe566de2830,a2c-medium-frenet-seed-2,154.35134520011707,950000
medium,a2c,0.0,1.0,1,0.0,0.04574249403938232,-5.640778985009155,0.04574249403938232,frenet,3,135ee0df4e08dbe9e6b5fa22b3297252ca0aa88837f5be846a808b4aa96d807e,a2c-medium-frenet-seed-3,16.595496899899445,100000
medium,a2c,1.0,0.0,1,1.0,1.0001617748406322,222.4781640183462,1.0001617748406322,frenet,3,135ee0df4e08dbe9e6b5fa22b3297252ca0aa88837f5be846a808b4aa96d807e,a2c-medium-frenet-seed-3,165.01752100044177,1000000
medium,a2c,1.0,0.0,1,1.0,1.0002278205197441,220.1091168940114,1.0002278205197441,frenet,3,135ee0df4e08dbe9e6b5fa22b3297252ca0aa88837f5be846a808b4aa96d807e,a2c-medium-frenet-seed-3,173.12857070057362,1050000
medium,a2c,1.0,0.0,1,1.0,1.0002239598599862,219.06406106765053,1.0002239598599862,frenet,3,135ee0df4e08dbe9e6b5fa22b3297252ca0aa88837f5be846a808b4aa96d807e,a2c-medium-frenet-seed-3,181.2026238004837,1100000
medium,a2c,1.0,0.0,1,1.0,1.0001789441937903,220.38258566398622,1.0001789441937903,frenet,3,135ee0df4e08dbe9e6b5fa22b3297252ca0aa88837f5be846a808b4aa96d807e,a2c-medium-frenet-seed-3,189.2173158005644,1150000
medium,a2c,1.0,0.0,1,1.0,1.000291707656766,221.68936474557938,1.000291707656766,frenet,3,135ee0df4e08dbe9e6b5fa22b3297252ca0aa88837f5be846a808b4aa96d807e,a2c-medium-frenet-seed-3,197.38253770025403,1200000
medium,a2c,1.0,0.0,1,1.0,1.0003647220460095,225.65254943096176,1.0003647220460095,frenet,3,135ee0df4e08dbe9e6b5fa22b3297252ca0aa88837f5be846a808b4aa96d807e,a2c-medium-frenet-seed-3,205.51918310028486,1250000
medium,a2c,1.0,0.0,1,1.0,1.000355091636329,220.9355329809083,1.000355091636329,frenet,3,135ee0df4e08dbe9e6b5fa22b3297252ca0aa88837f5be846a808b4aa96d807e,a2c-medium-frenet-seed-3,213.5813162003833,1300000
medium,a2c,1.0,0.0,1,1.0,1.000060105370363,219.94624294085992,1.000060105370363,frenet,3,135ee0df4e08dbe9e6b5fa22b3297252ca0aa88837f5be846a808b4aa96d807e,a2c-medium-frenet-seed-3,221.72161020056592,1350000
medium,a2c,1.0,0.0,1,1.0,1.0003397819702395,220.6116159379756,1.0003397819702395,frenet,3,135ee0df4e08dbe9e6b5fa22b3297252ca0aa88837f5be846a808b4aa96d807e,a2c-medium-frenet-seed-3,229.79507980059134,1400000
medium,a2c,1.0,0.0,1,1.0,1.0003839660173937,221.29450122493063,1.0003839660173937,frenet,3,135ee0df4e08dbe9e6b5fa22b3297252ca0aa88837f5be846a808b4aa96d807e,a2c-medium-frenet-seed-3,237.80878960080008,1450000
medium,a2c,0.0,1.0,1,0.0,0.04111949929132284,-5.782409727624657,0.04111949929132284,frenet,3,135ee0df4e08dbe9e6b5fa22b3297252ca0aa88837f5be846a808b4aa96d807e,a2c-medium-frenet-seed-3,24.96815829976913,150000
medium,a2c,1.0,0.0,1,1.0,1.000416641339152,223.991527730423,1.000416641339152,frenet,3,135ee0df4e08dbe9e6b5fa22b3297252ca0aa88837f5be846a808b4aa96d807e,a2c-medium-frenet-seed-3,245.78308970090802,1500000
medium,a2c,1.0,0.0,1,1.0,1.000099710988469,220.1286998725841,1.000099710988469,frenet,3,135ee0df4e08dbe9e6b5fa22b3297252ca0aa88837f5be846a808b4aa96d807e,a2c-medium-frenet-seed-3,253.87674280084684,1550000
medium,a2c,1.0,0.0,1,1.0,1.0000223850805947,221.56084498945964,1.0000223850805947,frenet,3,135ee0df4e08dbe9e6b5fa22b3297252ca0aa88837f5be846a808b4aa96d807e,a2c-medium-frenet-seed-3,261.9099232009321,1600000
medium,a2c,1.0,0.0,1,1.0,1.0003798012903589,225.24730005533473,1.0003798012903589,frenet,3,135ee0df4e08dbe9e6b5fa22b3297252ca0aa88837f5be846a808b4aa96d807e,a2c-medium-frenet-seed-3,269.7266232010661,1650000
medium,a2c,1.0,0.0,1,1.0,1.0001432321840442,231.69606774477785,1.0001432321840442,frenet,3,135ee0df4e08dbe9e6b5fa22b3297252ca0aa88837f5be846a808b4aa96d807e,a2c-medium-frenet-seed-3,277.36078430102134,1700000
medium,a2c,1.0,0.0,1,1.0,1.0004185161071988,227.17890617201874,1.0004185161071988,frenet,3,135ee0df4e08dbe9e6b5fa22b3297252ca0aa88837f5be846a808b4aa96d807e,a2c-medium-frenet-seed-3,285.46834290106926,1750000
medium,a2c,1.0,0.0,1,1.0,1.0001041908031636,224.58708833719294,1.0001041908031636,frenet,3,135ee0df4e08dbe9e6b5fa22b3297252ca0aa88837f5be846a808b4aa96d807e,a2c-medium-frenet-seed-3,293.4702246012166,1800000
medium,a2c,1.0,0.0,1,1.0,1.000169167659206,224.45569407994654,1.000169167659206,frenet,3,135ee0df4e08dbe9e6b5fa22b3297252ca0aa88837f5be846a808b4aa96d807e,a2c-medium-frenet-seed-3,301.5844342011442,1850000
medium,a2c,1.0,0.0,1,1.0,1.0001182687759385,230.66085933807508,1.0001182687759385,frenet,3,135ee0df4e08dbe9e6b5fa22b3297252ca0aa88837f5be846a808b4aa96d807e,a2c-medium-frenet-seed-3,309.6306129012155,1900000
medium,a2c,1.0,0.0,1,1.0,1.0002172063905095,231.34790870422478,1.0002172063905095,frenet,3,135ee0df4e08dbe9e6b5fa22b3297252ca0aa88837f5be846a808b4aa96d807e,a2c-medium-frenet-seed-3,317.68080810112224,1950000
medium,a2c,0.0,1.0,1,0.0,0.0897564628712597,-2.15082002476776,0.0897564628712597,frenet,3,135ee0df4e08dbe9e6b5fa22b3297252ca0aa88837f5be846a808b4aa96d807e,a2c-medium-frenet-seed-3,33.58437139982561,200000
medium,a2c,1.0,0.0,1,1.0,1.000183828296465,228.05715253754505,1.000183828296465,frenet,3,135ee0df4e08dbe9e6b5fa22b3297252ca0aa88837f5be846a808b4aa96d807e,a2c-medium-frenet-seed-3,325.6654563009288,2000000
medium,a2c,0.0,1.0,1,0.0,0.19738946183192427,7.839626168224406,0.19738946183192427,frenet,3,135ee0df4e08dbe9e6b5fa22b3297252ca0aa88837f5be846a808b4aa96d807e,a2c-medium-frenet-seed-3,42.04617329991015,250000
medium,a2c,0.0,1.0,1,0.0,0.20849354403258563,9.153572916976419,0.20849354403258563,frenet,3,135ee0df4e08dbe9e6b5fa22b3297252ca0aa88837f5be846a808b4aa96d807e,a2c-medium-frenet-seed-3,50.40210210012083,300000
medium,a2c,0.0,1.0,1,0.0,0.5014722705635244,31.894450503108438,0.5014722705635244,frenet,3,135ee0df4e08dbe9e6b5fa22b3297252ca0aa88837f5be846a808b4aa96d807e,a2c-medium-frenet-seed-3,58.60241800012227,350000
medium,a2c,1.0,0.0,1,1.0,1.0001903576341062,221.58228433940297,1.0001903576341062,frenet,3,135ee0df4e08dbe9e6b5fa22b3297252ca0aa88837f5be846a808b4aa96d807e,a2c-medium-frenet-seed-3,66.6761065000901,400000
medium,a2c,1.0,0.0,1,1.0,1.0000818481596563,218.8352588021475,1.0000818481596563,frenet,3,135ee0df4e08dbe9e6b5fa22b3297252ca0aa88837f5be846a808b4aa96d807e,a2c-medium-frenet-seed-3,74.75768410013552,450000
medium,a2c,0.0,1.0,1,0.0,0.06383076006795435,-4.79125193968766,0.06383076006795435,frenet,3,135ee0df4e08dbe9e6b5fa22b3297252ca0aa88837f5be846a808b4aa96d807e,a2c-medium-frenet-seed-3,8.273027200018987,50000
medium,a2c,1.0,0.0,1,1.0,1.0002599932449674,224.7908816893117,1.0002599932449674,frenet,3,135ee0df4e08dbe9e6b5fa22b3297252ca0aa88837f5be846a808b4aa96d807e,a2c-medium-frenet-seed-3,82.8562480000619,500000
medium,a2c,1.0,0.0,1,1.0,1.0000270125296324,216.99523824298853,1.0000270125296324,frenet,3,135ee0df4e08dbe9e6b5fa22b3297252ca0aa88837f5be846a808b4aa96d807e,a2c-medium-frenet-seed-3,91.96020160007538,550000
medium,a2c,1.0,0.0,1,1.0,1.000180207340146,210.71510075394264,1.000180207340146,frenet,3,135ee0df4e08dbe9e6b5fa22b3297252ca0aa88837f5be846a808b4aa96d807e,a2c-medium-frenet-seed-3,99.95589690023917,600000
medium,a2c,1.0,0.0,1,1.0,1.0001034495324055,217.25489016308688,1.0001034495324055,frenet,3,135ee0df4e08dbe9e6b5fa22b3297252ca0aa88837f5be846a808b4aa96d807e,a2c-medium-frenet-seed-3,108.02606780022325,650000
medium,a2c,1.0,0.0,1,1.0,1.0000315105504147,223.10222195368573,1.0000315105504147,frenet,3,135ee0df4e08dbe9e6b5fa22b3297252ca0aa88837f5be846a808b4aa96d807e,a2c-medium-frenet-seed-3,116.01756780008509,700000
medium,a2c,1.0,0.0,1,1.0,1.0000332886757395,219.11117998795675,1.0000332886757395,frenet,3,135ee0df4e08dbe9e6b5fa22b3297252ca0aa88837f5be846a808b4aa96d807e,a2c-medium-frenet-seed-3,124.20052960025714,750000
medium,a2c,1.0,0.0,1,1.0,1.0002217871197627,217.51097093527713,1.0002217871197627,frenet,3,135ee0df4e08dbe9e6b5fa22b3297252ca0aa88837f5be846a808b4aa96d807e,a2c-medium-frenet-seed-3,132.4814328002176,800000
medium,a2c,1.0,0.0,1,1.0,1.0000834940671441,216.23970950795842,1.0000834940671441,frenet,3,135ee0df4e08dbe9e6b5fa22b3297252ca0aa88837f5be846a808b4aa96d807e,a2c-medium-frenet-seed-3,140.7190032001854,850000
medium,a2c,1.0,0.0,1,1.0,1.0002498997312876,226.18475709621288,1.0002498997312876,frenet,3,135ee0df4e08dbe9e6b5fa22b3297252ca0aa88837f5be846a808b4aa96d807e,a2c-medium-frenet-seed-3,148.88880720035013,900000
medium,a2c,1.0,0.0,1,1.0,1.0001281916087155,220.238086497123,1.0001281916087155,frenet,3,135ee0df4e08dbe9e6b5fa22b3297252ca0aa88837f5be846a808b4aa96d807e,a2c-medium-frenet-seed-3,157.0422317002267,950000
medium,a2c,0.0,1.0,1,0.0,0.06854117165127131,-4.358740453655453,0.06854117165127131,frenet,4,bfbe7000e586f49911e8a8d0741fe610f56f8ba8a70ca8bf2d01250c4d59a78b,a2c-medium-frenet-seed-4,16.95875780015558,100000
medium,a2c,1.0,0.0,1,1.0,1.0002590967306844,225.86898552545705,1.0002590967306844,frenet,4,bfbe7000e586f49911e8a8d0741fe610f56f8ba8a70ca8bf2d01250c4d59a78b,a2c-medium-frenet-seed-4,170.55350260051637,1000000
medium,a2c,0.0,1.0,1,0.0,0.5487451023273534,35.28555158749369,0.5487451023273534,frenet,4,bfbe7000e586f49911e8a8d0741fe610f56f8ba8a70ca8bf2d01250c4d59a78b,a2c-medium-frenet-seed-4,179.19108860061897,1050000
medium,a2c,1.0,0.0,1,1.0,1.000255062962994,218.45440103809432,1.000255062962994,frenet,4,bfbe7000e586f49911e8a8d0741fe610f56f8ba8a70ca8bf2d01250c4d59a78b,a2c-medium-frenet-seed-4,187.49962330079143,1100000
medium,a2c,1.0,0.0,1,1.0,1.0001313457490908,222.89998296271074,1.0001313457490908,frenet,4,bfbe7000e586f49911e8a8d0741fe610f56f8ba8a70ca8bf2d01250c4d59a78b,a2c-medium-frenet-seed-4,195.65404660079002,1150000
medium,a2c,1.0,0.0,1,1.0,1.0000492167217307,225.3120945446724,1.0000492167217307,frenet,4,bfbe7000e586f49911e8a8d0741fe610f56f8ba8a70ca8bf2d01250c4d59a78b,a2c-medium-frenet-seed-4,203.80055030063886,1200000
medium,a2c,1.0,0.0,1,1.0,1.0002026971553228,224.06840959157958,1.0002026971553228,frenet,4,bfbe7000e586f49911e8a8d0741fe610f56f8ba8a70ca8bf2d01250c4d59a78b,a2c-medium-frenet-seed-4,211.9947739006384,1250000
medium,a2c,1.0,0.0,1,1.0,1.0001193172167069,222.26468372831883,1.0001193172167069,frenet,4,bfbe7000e586f49911e8a8d0741fe610f56f8ba8a70ca8bf2d01250c4d59a78b,a2c-medium-frenet-seed-4,220.11055940051665,1300000
medium,a2c,1.0,0.0,1,1.0,1.0001493380679045,224.17081959656286,1.0001493380679045,frenet,4,bfbe7000e586f49911e8a8d0741fe610f56f8ba8a70ca8bf2d01250c4d59a78b,a2c-medium-frenet-seed-4,228.3143371005026,1350000
medium,a2c,1.0,0.0,1,1.0,1.0003318656893985,224.47531411555457,1.0003318656893985,frenet,4,bfbe7000e586f49911e8a8d0741fe610f56f8ba8a70ca8bf2d01250c4d59a78b,a2c-medium-frenet-seed-4,236.46487270041325,1400000
medium,a2c,1.0,0.0,1,1.0,1.0001515959929645,222.37345572270618,1.0001515959929645,frenet,4,bfbe7000e586f49911e8a8d0741fe610f56f8ba8a70ca8bf2d01250c4d59a78b,a2c-medium-frenet-seed-4,244.66932890041062,1450000
medium,a2c,0.0,1.0,1,0.0,0.022580565689517666,-7.211766794286053,0.022580565689517666,frenet,4,bfbe7000e586f49911e8a8d0741fe610f56f8ba8a70ca8bf2d01250c4d59a78b,a2c-medium-frenet-seed-4,25.680543600421515,150000
medium,a2c,1.0,0.0,1,1.0,1.0000753343873516,224.1558430130783,1.0000753343873516,frenet,4,bfbe7000e586f49911e8a8d0741fe610f56f8ba8a70ca8bf2d01250c4d59a78b,a2c-medium-frenet-seed-4,252.80800290019397,1500000
medium,a2c,1.0,0.0,1,1.0,1.0001571921359147,225.3591585736869,1.0001571921359147,frenet,4,bfbe7000e586f49911e8a8d0741fe610f56f8ba8a70ca8bf2d01250c4d59a78b,a2c-medium-frenet-seed-4,260.91892100016776,1550000
medium,a2c,1.0,0.0,1,1.0,1.0001538231264024,225.82242930297255,1.0001538231264024,frenet,4,bfbe7000e586f49911e8a8d0741fe610f56f8ba8a70ca8bf2d01250c4d59a78b,a2c-medium-frenet-seed-4,269.17038340006184,1600000
medium,a2c,1.0,0.0,1,1.0,1.00032520140879,224.47045678785935,1.00032520140879,frenet,4,bfbe7000e586f49911e8a8d0741fe610f56f8ba8a70ca8bf2d01250c4d59a78b,a2c-medium-frenet-seed-4,277.2923338000037,1650000
medium,a2c,1.0,0.0,1,1.0,1.0002882924573864,230.0070106385648,1.0002882924573864,frenet,4,bfbe7000e586f49911e8a8d0741fe610f56f8ba8a70ca8bf2d01250c4d59a78b,a2c-medium-frenet-seed-4,285.44897019994823,1700000
medium,a2c,1.0,0.0,1,1.0,1.000209239518214,229.45570446933834,1.000209239518214,frenet,4,bfbe7000e586f49911e8a8d0741fe610f56f8ba8a70ca8bf2d01250c4d59a78b,a2c-medium-frenet-seed-4,293.6683254998097,1750000
medium,a2c,1.0,0.0,1,1.0,1.0001839651445887,224.8679459675717,1.0001839651445887,frenet,4,bfbe7000e586f49911e8a8d0741fe610f56f8ba8a70ca8bf2d01250c4d59a78b,a2c-medium-frenet-seed-4,301.7865493000936,1800000
medium,a2c,1.0,0.0,1,1.0,1.0001753239526008,219.73242595418134,1.0001753239526008,frenet,4,bfbe7000e586f49911e8a8d0741fe610f56f8ba8a70ca8bf2d01250c4d59a78b,a2c-medium-frenet-seed-4,310.04666670007646,1850000
medium,a2c,1.0,0.0,1,1.0,1.0002443568764905,219.78298844770387,1.0002443568764905,frenet,4,bfbe7000e586f49911e8a8d0741fe610f56f8ba8a70ca8bf2d01250c4d59a78b,a2c-medium-frenet-seed-4,318.2939432000094,1900000
medium,a2c,1.0,0.0,1,1.0,1.000400616009634,223.218583519984,1.000400616009634,frenet,4,bfbe7000e586f49911e8a8d0741fe610f56f8ba8a70ca8bf2d01250c4d59a78b,a2c-medium-frenet-seed-4,326.71108720011034,1950000
medium,a2c,0.0,1.0,1,0.0,0.015678293238131764,-5.456933519619514,0.015678293238131764,frenet,4,bfbe7000e586f49911e8a8d0741fe610f56f8ba8a70ca8bf2d01250c4d59a78b,a2c-medium-frenet-seed-4,35.02821200032486,200000
medium,a2c,1.0,0.0,1,1.0,1.0003671114408546,225.3735013599026,1.0003671114408546,frenet,4,bfbe7000e586f49911e8a8d0741fe610f56f8ba8a70ca8bf2d01250c4d59a78b,a2c-medium-frenet-seed-4,334.8872262001496,2000000
medium,a2c,0.0,1.0,1,0.0,0.0598967465603781,-3.4518944808086127,0.0598967465603781,frenet,4,bfbe7000e586f49911e8a8d0741fe610f56f8ba8a70ca8bf2d01250c4d59a78b,a2c-medium-frenet-seed-4,44.63360540061694,250000
medium,a2c,0.0,1.0,1,0.0,0.08872895562747536,-0.2606856492914398,0.08872895562747536,frenet,4,bfbe7000e586f49911e8a8d0741fe610f56f8ba8a70ca8bf2d01250c4d59a78b,a2c-medium-frenet-seed-4,53.49220810054612,300000
medium,a2c,0.0,1.0,1,0.0,0.1989799607057182,9.052910130977676,0.1989799607057182,frenet,4,bfbe7000e586f49911e8a8d0741fe610f56f8ba8a70ca8bf2d01250c4d59a78b,a2c-medium-frenet-seed-4,62.52224680045765,350000
medium,a2c,0.0,1.0,1,0.0,0.21028037383177475,9.694579439252234,0.21028037383177475,frenet,4,bfbe7000e586f49911e8a8d0741fe610f56f8ba8a70ca8bf2d01250c4d59a78b,a2c-medium-frenet-seed-4,71.13682870042976,400000
medium,a2c,1.0,0.0,1,1.0,1.000252607365576,230.04464581423812,1.000252607365576,frenet,4,bfbe7000e586f49911e8a8d0741fe610f56f8ba8a70ca8bf2d01250c4d59a78b,a2c-medium-frenet-seed-4,79.45912260041587,450000
medium,a2c,0.0,1.0,1,0.0,0.06431615624124197,-5.261019982518002,0.06431615624124197,frenet,4,bfbe7000e586f49911e8a8d0741fe610f56f8ba8a70ca8bf2d01250c4d59a78b,a2c-medium-frenet-seed-4,8.42522160012959,50000
medium,a2c,0.0,1.0,1,0.0,0.5037020273654301,33.03465269379704,0.5037020273654301,frenet,4,bfbe7000e586f49911e8a8d0741fe610f56f8ba8a70ca8bf2d01250c4d59a78b,a2c-medium-frenet-seed-4,87.68963970063851,500000
medium,a2c,0.0,1.0,1,0.0,0.5488404931682368,35.908447337348605,0.5488404931682368,frenet,4,bfbe7000e586f49911e8a8d0741fe610f56f8ba8a70ca8bf2d01250c4d59a78b,a2c-medium-frenet-seed-4,95.95164080057657,550000
medium,a2c,1.0,0.0,1,1.0,1.000341704544653,223.13673995369604,1.000341704544653,frenet,4,bfbe7000e586f49911e8a8d0741fe610f56f8ba8a70ca8bf2d01250c4d59a78b,a2c-medium-frenet-seed-4,103.66192730071634,600000
medium,a2c,0.0,1.0,1,0.0,0.5063328745764842,32.63493052893787,0.5063328745764842,frenet,4,bfbe7000e586f49911e8a8d0741fe610f56f8ba8a70ca8bf2d01250c4d59a78b,a2c-medium-frenet-seed-4,111.51288170052794,650000
medium,a2c,1.0,0.0,1,1.0,1.0001250226006229,226.5355149052141,1.0001250226006229,frenet,4,bfbe7000e586f49911e8a8d0741fe610f56f8ba8a70ca8bf2d01250c4d59a78b,a2c-medium-frenet-seed-4,119.86883790059073,700000
medium,a2c,0.0,1.0,1,0.0,0.9757123028876897,67.47900852542301,0.9757123028876897,frenet,4,bfbe7000e586f49911e8a8d0741fe610f56f8ba8a70ca8bf2d01250c4d59a78b,a2c-medium-frenet-seed-4,128.2715489005277,750000
medium,a2c,1.0,0.0,1,1.0,1.0000997347652538,222.03023562814175,1.0000997347652538,frenet,4,bfbe7000e586f49911e8a8d0741fe610f56f8ba8a70ca8bf2d01250c4d59a78b,a2c-medium-frenet-seed-4,136.50580910047574,800000
medium,a2c,1.0,0.0,1,1.0,1.0000514539155763,221.16568329074988,1.0000514539155763,frenet,4,bfbe7000e586f49911e8a8d0741fe610f56f8ba8a70ca8bf2d01250c4d59a78b,a2c-medium-frenet-seed-4,145.06617430036204,850000
medium,a2c,1.0,0.0,1,1.0,1.000326888116964,220.6934881604683,1.000326888116964,frenet,4,bfbe7000e586f49911e8a8d0741fe610f56f8ba8a70ca8bf2d01250c4d59a78b,a2c-medium-frenet-seed-4,153.73855370049932,900000
medium,a2c,1.0,0.0,1,1.0,1.0001050677553565,223.43459584445645,1.0001050677553565,frenet,4,bfbe7000e586f49911e8a8d0741fe610f56f8ba8a70ca8bf2d01250c4d59a78b,a2c-medium-frenet-seed-4,161.9362902006469,950000
small,a2c,0.0,1.0,1,0.0,0.07300575593064708,-4.2595498502511004,0.07300575593064708,frenet,0,530a94f6e757947f661ae123e470f164bfa8db875605d45c73d3d6e6d6372747,a2c-small-frenet-seed-0,16.615811099991333,100000
small,a2c,1.0,0.0,1,1.0,1.000179866972032,221.94083814874028,1.000179866972032,frenet,0,530a94f6e757947f661ae123e470f164bfa8db875605d45c73d3d6e6d6372747,a2c-small-frenet-seed-0,170.57645300004333,1000000
small,a2c,1.0,0.0,1,1.0,1.00002107419632,232.5884856851972,1.00002107419632,frenet,0,530a94f6e757947f661ae123e470f164bfa8db875605d45c73d3d6e6d6372747,a2c-small-frenet-seed-0,178.76088120003442,1050000
small,a2c,1.0,0.0,1,1.0,1.000107840526417,226.48871784383647,1.000107840526417,frenet,0,530a94f6e757947f661ae123e470f164bfa8db875605d45c73d3d6e6d6372747,a2c-small-frenet-seed-0,187.06710440001552,1100000
small,a2c,1.0,0.0,1,1.0,1.0001934917393274,227.5195891918728,1.0001934917393274,frenet,0,530a94f6e757947f661ae123e470f164bfa8db875605d45c73d3d6e6d6372747,a2c-small-frenet-seed-0,195.43906489993788,1150000
small,a2c,1.0,0.0,1,1.0,1.0001658606428918,229.62892207571684,1.0001658606428918,frenet,0,530a94f6e757947f661ae123e470f164bfa8db875605d45c73d3d6e6d6372747,a2c-small-frenet-seed-0,203.6884235999387,1200000
small,a2c,1.0,0.0,1,1.0,1.0003079881791557,221.87242349228558,1.0003079881791557,frenet,0,530a94f6e757947f661ae123e470f164bfa8db875605d45c73d3d6e6d6372747,a2c-small-frenet-seed-0,211.8386173998806,1250000
small,a2c,1.0,0.0,1,1.0,1.0001766095909275,224.32777245598177,1.0001766095909275,frenet,0,530a94f6e757947f661ae123e470f164bfa8db875605d45c73d3d6e6d6372747,a2c-small-frenet-seed-0,219.772323999925,1300000
small,a2c,1.0,0.0,1,1.0,1.000169531932628,223.55702244963283,1.000169531932628,frenet,0,530a94f6e757947f661ae123e470f164bfa8db875605d45c73d3d6e6d6372747,a2c-small-frenet-seed-0,227.6998150999807,1350000
small,a2c,1.0,0.0,1,1.0,1.0000907647503476,220.84986752572894,1.0000907647503476,frenet,0,530a94f6e757947f661ae123e470f164bfa8db875605d45c73d3d6e6d6372747,a2c-small-frenet-seed-0,235.78934750008375,1400000
small,a2c,1.0,0.0,1,1.0,1.000136429404196,225.9430650737892,1.000136429404196,frenet,0,530a94f6e757947f661ae123e470f164bfa8db875605d45c73d3d6e6d6372747,a2c-small-frenet-seed-0,243.7742906999847,1450000
small,a2c,0.0,1.0,1,0.0,0.07212011702640592,-4.00373831775701,0.07212011702640592,frenet,0,530a94f6e757947f661ae123e470f164bfa8db875605d45c73d3d6e6d6372747,a2c-small-frenet-seed-0,25.577341899908788,150000
small,a2c,1.0,0.0,1,1.0,1.0001132316377939,226.51990261142925,1.0001132316377939,frenet,0,530a94f6e757947f661ae123e470f164bfa8db875605d45c73d3d6e6d6372747,a2c-small-frenet-seed-0,251.83192370001052,1500000
small,a2c,1.0,0.0,1,1.0,1.0004186996659021,225.2508942555632,1.0004186996659021,frenet,0,530a94f6e757947f661ae123e470f164bfa8db875605d45c73d3d6e6d6372747,a2c-small-frenet-seed-0,259.7738841000082,1550000
small,a2c,1.0,0.0,1,1.0,1.0002505233174872,227.34028304957877,1.0002505233174872,frenet,0,530a94f6e757947f661ae123e470f164bfa8db875605d45c73d3d6e6d6372747,a2c-small-frenet-seed-0,267.76411410009496,1600000
small,a2c,1.0,0.0,1,1.0,1.0001368658018923,224.36882907956706,1.0001368658018923,frenet,0,530a94f6e757947f661ae123e470f164bfa8db875605d45c73d3d6e6d6372747,a2c-small-frenet-seed-0,276.02695070010304,1650000
small,a2c,1.0,0.0,1,1.0,1.0003530934699678,224.61195123242956,1.0003530934699678,frenet,0,530a94f6e757947f661ae123e470f164bfa8db875605d45c73d3d6e6d6372747,a2c-small-frenet-seed-0,284.00127530012287,1700000
small,a2c,1.0,0.0,1,1.0,1.0003849925379458,229.33446174895062,1.0003849925379458,frenet,0,530a94f6e757947f661ae123e470f164bfa8db875605d45c73d3d6e6d6372747,a2c-small-frenet-seed-0,291.5702884001312,1750000
small,a2c,1.0,0.0,1,1.0,1.000016318304182,230.78853614133158,1.000016318304182,frenet,0,530a94f6e757947f661ae123e470f164bfa8db875605d45c73d3d6e6d6372747,a2c-small-frenet-seed-0,299.14710730014303,1800000
small,a2c,1.0,0.0,1,1.0,1.0000880156079048,231.781608675138,1.0000880156079048,frenet,0,530a94f6e757947f661ae123e470f164bfa8db875605d45c73d3d6e6d6372747,a2c-small-frenet-seed-0,306.8065380001044,1850000
small,a2c,1.0,0.0,1,1.0,1.0000080336551642,229.5707482729623,1.0000080336551642,frenet,0,530a94f6e757947f661ae123e470f164bfa8db875605d45c73d3d6e6d6372747,a2c-small-frenet-seed-0,314.81843410020156,1900000
small,a2c,1.0,0.0,1,1.0,1.0000988739971306,227.6887994032591,1.0000988739971306,frenet,0,530a94f6e757947f661ae123e470f164bfa8db875605d45c73d3d6e6d6372747,a2c-small-frenet-seed-0,322.82703570011654,1950000
small,a2c,0.0,1.0,1,0.0,0.20898311652609922,6.969197241062206,0.20898311652609922,frenet,0,530a94f6e757947f661ae123e470f164bfa8db875605d45c73d3d6e6d6372747,a2c-small-frenet-seed-0,33.75101969991192,200000
small,a2c,1.0,0.0,1,1.0,1.0002146201395077,226.8564351242876,1.0002146201395077,frenet,0,530a94f6e757947f661ae123e470f164bfa8db875605d45c73d3d6e6d6372747,a2c-small-frenet-seed-0,330.8233341001178,2000000
small,a2c,0.0,1.0,1,0.0,0.20631956284458136,7.84074766355131,0.20631956284458136,frenet,0,530a94f6e757947f661ae123e470f164bfa8db875605d45c73d3d6e6d6372747,a2c-small-frenet-seed-0,42.26476399977764,250000
small,a2c,0.0,1.0,1,0.0,0.21214953271028028,8.761495327102791,0.21214953271028028,frenet,0,530a94f6e757947f661ae123e470f164bfa8db875605d45c73d3d6e6d6372747,a2c-small-frenet-seed-0,50.89535389981938,300000
small,a2c,0.0,1.0,1,0.0,0.5028728720086549,31.683682514434196,0.5028728720086549,frenet,0,530a94f6e757947f661ae123e470f164bfa8db875605d45c73d3d6e6d6372747,a2c-small-frenet-seed-0,59.40586969983451,350000
small,a2c,0.0,1.0,1,0.0,0.5442806248543336,35.05230052208901,0.5442806248543336,frenet,0,530a94f6e757947f661ae123e470f164bfa8db875605d45c73d3d6e6d6372747,a2c-small-frenet-seed-0,68.00788129981811,400000
small,a2c,0.0,1.0,1,0.0,0.5522981694398874,35.133371302467125,0.5522981694398874,frenet,0,530a94f6e757947f661ae123e470f164bfa8db875605d45c73d3d6e6d6372747,a2c-small-frenet-seed-0,77.45466779976596,450000
small,a2c,0.0,1.0,1,0.0,0.07383177570093416,-4.204809455498829,0.07383177570093416,frenet,0,530a94f6e757947f661ae123e470f164bfa8db875605d45c73d3d6e6d6372747,a2c-small-frenet-seed-0,8.073488000005455,50000
small,a2c,0.0,1.0,1,0.0,0.5562308512776585,35.67286911896881,0.5562308512776585,frenet,0,530a94f6e757947f661ae123e470f164bfa8db875605d45c73d3d6e6d6372747,a2c-small-frenet-seed-0,85.69211499981975,500000
small,a2c,0.0,1.0,1,0.0,0.5552440789419507,35.45953897919096,0.5552440789419507,frenet,0,530a94f6e757947f661ae123e470f164bfa8db875605d45c73d3d6e6d6372747,a2c-small-frenet-seed-0,93.43907209978897,550000
small,a2c,0.0,1.0,1,0.0,0.5530978709727306,35.88938295566153,0.5530978709727306,frenet,0,530a94f6e757947f661ae123e470f164bfa8db875605d45c73d3d6e6d6372747,a2c-small-frenet-seed-0,101.13814569984424,600000
small,a2c,0.0,1.0,1,0.0,0.6825469607682871,44.738751165194515,0.6825469607682871,frenet,0,530a94f6e757947f661ae123e470f164bfa8db875605d45c73d3d6e6d6372747,a2c-small-frenet-seed-0,110.60622029989099,650000
small,a2c,1.0,0.0,1,1.0,1.0002609804110816,217.7233061280926,1.0002609804110816,frenet,0,530a94f6e757947f661ae123e470f164bfa8db875605d45c73d3d6e6d6372747,a2c-small-frenet-seed-0,119.47151369989297,700000
small,a2c,1.0,0.0,1,1.0,1.0002231822275653,214.26772170465404,1.0002231822275653,frenet,0,530a94f6e757947f661ae123e470f164bfa8db875605d45c73d3d6e6d6372747,a2c-small-frenet-seed-0,129.15283569992425,750000
small,a2c,1.0,0.0,1,1.0,1.0003278644885212,214.8935894306889,1.0003278644885212,frenet,0,530a94f6e757947f661ae123e470f164bfa8db875605d45c73d3d6e6d6372747,a2c-small-frenet-seed-0,137.59002519992282,800000
small,a2c,1.0,0.0,1,1.0,1.0002947230941552,221.00425580545314,1.0002947230941552,frenet,0,530a94f6e757947f661ae123e470f164bfa8db875605d45c73d3d6e6d6372747,a2c-small-frenet-seed-0,146.23391119993903,850000
small,a2c,1.0,0.0,1,1.0,1.0000683332292633,224.04203911305615,1.0000683332292633,frenet,0,530a94f6e757947f661ae123e470f164bfa8db875605d45c73d3d6e6d6372747,a2c-small-frenet-seed-0,154.74636399996416,900000
small,a2c,1.0,0.0,1,1.0,1.000098684917196,224.8081199228053,1.000098684917196,frenet,0,530a94f6e757947f661ae123e470f164bfa8db875605d45c73d3d6e6d6372747,a2c-small-frenet-seed-0,162.67010449999907,950000
small,a2c,0.0,1.0,1,0.0,0.07289719626168299,-3.7133585958312376,0.07289719626168299,frenet,1,837a9afc6e8b5bb4d9a84f0e3ef1d414d9dd214c460c9400da3cbad0b08cb905,a2c-small-frenet-seed-1,16.77606040000319,100000
small,a2c,1.0,0.0,1,1.0,1.000246505295609,223.70788849231832,1.000246505295609,frenet,1,837a9afc6e8b5bb4d9a84f0e3ef1d414d9dd214c460c9400da3cbad0b08cb905,a2c-small-frenet-seed-1,162.3824736998722,1000000
small,a2c,0.0,1.0,1,0.0,0.555939971471907,36.1148483759007,0.555939971471907,frenet,1,837a9afc6e8b5bb4d9a84f0e3ef1d414d9dd214c460c9400da3cbad0b08cb905,a2c-small-frenet-seed-1,170.37508179991164,1050000
small,a2c,1.0,0.0,1,1.0,1.0001793089059852,230.31209997966968,1.0001793089059852,frenet,1,837a9afc6e8b5bb4d9a84f0e3ef1d414d9dd214c460c9400da3cbad0b08cb905,a2c-small-frenet-seed-1,178.4077847999106,1100000
small,a2c,1.0,0.0,1,1.0,1.0000615696553952,227.86654890555786,1.0000615696553952,frenet,1,837a9afc6e8b5bb4d9a84f0e3ef1d414d9dd214c460c9400da3cbad0b08cb905,a2c-small-frenet-seed-1,186.36814959985168,1150000
small,a2c,1.0,0.0,1,1.0,1.0003173584026028,227.41423668085122,1.0003173584026028,frenet,1,837a9afc6e8b5bb4d9a84f0e3ef1d414d9dd214c460c9400da3cbad0b08cb905,a2c-small-frenet-seed-1,194.74038109985668,1200000
small,a2c,1.0,0.0,1,1.0,1.0002951359535976,226.4498287770336,1.0002951359535976,frenet,1,837a9afc6e8b5bb4d9a84f0e3ef1d414d9dd214c460c9400da3cbad0b08cb905,a2c-small-frenet-seed-1,204.3943886998877,1250000
small,a2c,1.0,0.0,1,1.0,1.0002145939152576,227.25797612449688,1.0002145939152576,frenet,1,837a9afc6e8b5bb4d9a84f0e3ef1d414d9dd214c460c9400da3cbad0b08cb905,a2c-small-frenet-seed-1,213.6740293999228,1300000
small,a2c,1.0,0.0,1,1.0,1.0000427034032218,230.11721470811983,1.0000427034032218,frenet,1,837a9afc6e8b5bb4d9a84f0e3ef1d414d9dd214c460c9400da3cbad0b08cb905,a2c-small-frenet-seed-1,222.59426389997498,1350000
small,a2c,1.0,0.0,1,1.0,1.0002244263389004,229.8603213504054,1.0002244263389004,frenet,1,837a9afc6e8b5bb4d9a84f0e3ef1d414d9dd214c460c9400da3cbad0b08cb905,a2c-small-frenet-seed-1,230.31711279995943,1400000
small,a2c,1.0,0.0,1,1.0,1.0002910268045082,231.17627265492138,1.0002910268045082,frenet,1,837a9afc6e8b5bb4d9a84f0e3ef1d414d9dd214c460c9400da3cbad0b08cb905,a2c-small-frenet-seed-1,238.2486112999395,1450000
small,a2c,0.0,1.0,1,0.0,0.07943925233644882,-2.802213737884267,0.07943925233644882,frenet,1,837a9afc6e8b5bb4d9a84f0e3ef1d414d9dd214c460c9400da3cbad0b08cb905,a2c-small-frenet-seed-1,25.18598009996822,150000
small,a2c,1.0,0.0,1,1.0,1.0003247806281699,230.18672051071678,1.0003247806281699,frenet,1,837a9afc6e8b5bb4d9a84f0e3ef1d414d9dd214c460c9400da3cbad0b08cb905,a2c-small-frenet-seed-1,246.3056199999064,1500000
small,a2c,1.0,0.0,1,1.0,1.0003752248169595,233.78760987732466,1.0003752248169595,frenet,1,837a9afc6e8b5bb4d9a84f0e3ef1d414d9dd214c460c9400da3cbad0b08cb905,a2c-small-frenet-seed-1,254.0018453999037,1550000
small,a2c,1.0,0.0,1,1.0,1.0003881232883642,235.40573936437124,1.0003881232883642,frenet,1,837a9afc6e8b5bb4d9a84f0e3ef1d414d9dd214c460c9400da3cbad0b08cb905,a2c-small-frenet-seed-1,261.8814575999804,1600000
small,a2c,1.0,0.0,1,1.0,1.0001591820097953,231.2106445004652,1.0001591820097953,frenet,1,837a9afc6e8b5bb4d9a84f0e3ef1d414d9dd214c460c9400da3cbad0b08cb905,a2c-small-frenet-seed-1,269.6144802999497,1650000
small,a2c,1.0,0.0,1,1.0,1.0003047629983843,230.54418637591618,1.0003047629983843,frenet,1,837a9afc6e8b5bb4d9a84f0e3ef1d414d9dd214c460c9400da3cbad0b08cb905,a2c-small-frenet-seed-1,277.74175090002973,1700000
small,a2c,1.0,0.0,1,1.0,1.0001255463092882,232.76958955140304,1.0001255463092882,frenet,1,837a9afc6e8b5bb4d9a84f0e3ef1d414d9dd214c460c9400da3cbad0b08cb905,a2c-small-frenet-seed-1,285.5983559000051,1750000
small,a2c,1.0,0.0,1,1.0,1.0002793461981823,233.77472638702272,1.0002793461981823,frenet,1,837a9afc6e8b5bb4d9a84f0e3ef1d414d9dd214c460c9400da3cbad0b08cb905,a2c-small-frenet-seed-1,293.64381050001975,1800000
small,a2c,1.0,0.0,1,1.0,1.000415626565374,234.69020778533724,1.000415626565374,frenet,1,837a9afc6e8b5bb4d9a84f0e3ef1d414d9dd214c460c9400da3cbad0b08cb905,a2c-small-frenet-seed-1,301.60182020003595,1850000
small,a2c,1.0,0.0,1,1.0,1.00031020865527,235.35074825415597,1.00031020865527,frenet,1,837a9afc6e8b5bb4d9a84f0e3ef1d414d9dd214c460c9400da3cbad0b08cb905,a2c-small-frenet-seed-1,309.60777740012236,1900000
small,a2c,1.0,0.0,1,1.0,1.0000124433999602,233.30090576200712,1.0000124433999602,frenet,1,837a9afc6e8b5bb4d9a84f0e3ef1d414d9dd214c460c9400da3cbad0b08cb905,a2c-small-frenet-seed-1,317.63294400010454,1950000
small,a2c,0.0,1.0,1,0.0,0.2038895084297691,7.174599730893835,0.2038895084297691,frenet,1,837a9afc6e8b5bb4d9a84f0e3ef1d414d9dd214c460c9400da3cbad0b08cb905,a2c-small-frenet-seed-1,33.58232759989551,200000
small,a2c,1.0,0.0,1,1.0,1.0001344992591328,230.34651237854317,1.0001344992591328,frenet,1,837a9afc6e8b5bb4d9a84f0e3ef1d414d9dd214c460c9400da3cbad0b08cb905,a2c-small-frenet-seed-1,325.40074740017553,2000000
small,a2c,0.0,1.0,1,0.0,0.20079156310598612,7.486456484377797,0.20079156310598612,frenet,1,837a9afc6e8b5bb4d9a84f0e3ef1d414d9dd214c460c9400da3cbad0b08cb905,a2c-small-frenet-seed-1,41.80324099991776,250000
small,a2c,0.0,1.0,1,0.0,0.20679343898419877,8.221881752019435,0.20679343898419877,frenet,1,837a9afc6e8b5bb4d9a84f0e3ef1d414d9dd214c460c9400da3cbad0b08cb905,a2c-small-frenet-seed-1,50.072107499936465,300000
small,a2c,0.0,1.0,1,0.0,0.35194115470417114,19.509900928931287,0.35194115470417114,frenet,1,837a9afc6e8b5bb4d9a84f0e3ef1d414d9dd214c460c9400da3cbad0b08cb905,a2c-small-frenet-seed-1,58.2962271999495,350000
small,a2c,0.0,1.0,1,0.0,0.505394846999209,31.6122646576301,0.505394846999209,frenet,1,837a9afc6e8b5bb4d9a84f0e3ef1d414d9dd214c460c9400da3cbad0b08cb905,a2c-small-frenet-seed-1,66.3066410998781,400000
small,a2c,0.0,1.0,1,0.0,0.4965511934383277,31.72742072923382,0.4965511934383277,frenet,1,837a9afc6e8b5bb4d9a84f0e3ef1d414d9dd214c460c9400da3cbad0b08cb905,a2c-small-frenet-seed-1,74.2701914999052,450000
small,a2c,0.0,1.0,1,0.0,0.07506934600552909,-4.163364485981244,0.07506934600552909,frenet,1,837a9afc6e8b5bb4d9a84f0e3ef1d414d9dd214c460c9400da3cbad0b08cb905,a2c-small-frenet-seed-1,8.361761499925706,50000
small,a2c,0.0,1.0,1,0.0,0.5492936235391833,35.7360291568183,0.5492936235391833,frenet,1,837a9afc6e8b5bb4d9a84f0e3ef1d414d9dd214c460c9400da3cbad0b08cb905,a2c-small-frenet-seed-1,82.34848989996863,500000
small,a2c,0.0,1.0,1,0.0,0.5500072704920612,35.804842777301296,0.5500072704920612,frenet,1,837a9afc6e8b5bb4d9a84f0e3ef1d414d9dd214c460c9400da3cbad0b08cb905,a2c-small-frenet-seed-1,90.43255809997754,550000
small,a2c,0.0,1.0,1,0.0,0.5451445932835064,35.580301472750996,0.5451445932835064,frenet,1,837a9afc6e8b5bb4d9a84f0e3ef1d414d9dd214c460c9400da3cbad0b08cb905,a2c-small-frenet-seed-1,98.45218799992836,600000
small,a2c,0.0,1.0,1,0.0,0.5529374225642522,36.05673084635734,0.5529374225642522,frenet,1,837a9afc6e8b5bb4d9a84f0e3ef1d414d9dd214c460c9400da3cbad0b08cb905,a2c-small-frenet-seed-1,106.44129439991593,650000
small,a2c,1.0,0.0,1,1.0,1.0000105964430057,221.31212473584694,1.0000105964430057,frenet,1,837a9afc6e8b5bb4d9a84f0e3ef1d414d9dd214c460c9400da3cbad0b08cb905,a2c-small-frenet-seed-1,114.40771019989006,700000
small,a2c,1.0,0.0,1,1.0,1.0002156093645445,223.20394560372068,1.0002156093645445,frenet,1,837a9afc6e8b5bb4d9a84f0e3ef1d414d9dd214c460c9400da3cbad0b08cb905,a2c-small-frenet-seed-1,122.3891849998472,750000
small,a2c,0.0,1.0,1,0.0,0.553496367464592,35.71633451999844,0.553496367464592,frenet,1,837a9afc6e8b5bb4d9a84f0e3ef1d414d9dd214c460c9400da3cbad0b08cb905,a2c-small-frenet-seed-1,130.3649324998005,800000
small,a2c,1.0,0.0,1,1.0,1.0001851856737978,223.12736787447832,1.0001851856737978,frenet,1,837a9afc6e8b5bb4d9a84f0e3ef1d414d9dd214c460c9400da3cbad0b08cb905,a2c-small-frenet-seed-1,138.31933899981595,850000
small,a2c,1.0,0.0,1,1.0,1.0003094165228186,223.1774782668964,1.0003094165228186,frenet,1,837a9afc6e8b5bb4d9a84f0e3ef1d414d9dd214c460c9400da3cbad0b08cb905,a2c-small-frenet-seed-1,146.34667759987497,900000
small,a2c,1.0,0.0,1,1.0,1.0000933556726885,224.45117964896224,1.0000933556726885,frenet,1,837a9afc6e8b5bb4d9a84f0e3ef1d414d9dd214c460c9400da3cbad0b08cb905,a2c-small-frenet-seed-1,154.39921729990056,950000
small,a2c,0.0,1.0,1,0.0,0.2040991576351818,4.775679743643908,0.2040991576351818,frenet,2,01c5540ea7126d44064f2c48ceec5c7f2498a6da51af952451b34175b6bb3d48,a2c-small-frenet-seed-2,16.841734199857456,100000
small,a2c,0.0,1.0,1,0.0,0.6879224789086957,46.311781646661345,0.6879224789086957,frenet,2,01c5540ea7126d44064f2c48ceec5c7f2498a6da51af952451b34175b6bb3d48,a2c-small-frenet-seed-2,159.06270829897767,1000000
small,a2c,1.0,0.0,1,1.0,1.00023808148995,220.58859080686585,1.00023808148995,frenet,2,01c5540ea7126d44064f2c48ceec5c7f2498a6da51af952451b34175b6bb3d48,a2c-small-frenet-seed-2,167.04510179920544,1050000
small,a2c,1.0,0.0,1,1.0,1.000015387072693,224.08536070455517,1.000015387072693,frenet,2,01c5540ea7126d44064f2c48ceec5c7f2498a6da51af952451b34175b6bb3d48,a2c-small-frenet-seed-2,175.60260409938928,1100000
small,a2c,1.0,0.0,1,1.0,1.0000972308086011,226.3934302620516,1.0000972308086011,frenet,2,01c5540ea7126d44064f2c48ceec5c7f2498a6da51af952451b34175b6bb3d48,a2c-small-frenet-seed-2,183.9571339994145,1150000
small,a2c,1.0,0.0,1,1.0,1.0001783021896913,226.49891432477068,1.0001783021896913,frenet,2,01c5540ea7126d44064f2c48ceec5c7f2498a6da51af952451b34175b6bb3d48,a2c-small-frenet-seed-2,191.64222109951152,1200000
small,a2c,1.0,0.0,1,1.0,1.0002800983625193,223.3898144440784,1.0002800983625193,frenet,2,01c5540ea7126d44064f2c48ceec5c7f2498a6da51af952451b34175b6bb3d48,a2c-small-frenet-seed-2,199.43148569954792,1250000
small,a2c,1.0,0.0,1,1.0,1.000346253390991,224.3645118528736,1.000346253390991,frenet,2,01c5540ea7126d44064f2c48ceec5c7f2498a6da51af952451b34175b6bb3d48,a2c-small-frenet-seed-2,207.2025091998039,1300000
small,a2c,1.0,0.0,1,1.0,1.000375805484539,226.2021984781473,1.000375805484539,frenet,2,01c5540ea7126d44064f2c48ceec5c7f2498a6da51af952451b34175b6bb3d48,a2c-small-frenet-seed-2,215.9365035998635,1350000
small,a2c,1.0,0.0,1,1.0,1.0001412000713368,228.1142002327103,1.0001412000713368,frenet,2,01c5540ea7126d44064f2c48ceec5c7f2498a6da51af952451b34175b6bb3d48,a2c-small-frenet-seed-2,224.44155809999938,1400000
small,a2c,1.0,0.0,1,1.0,1.000020217011323,229.57648796750385,1.000020217011323,frenet,2,01c5540ea7126d44064f2c48ceec5c7f2498a6da51af952451b34175b6bb3d48,a2c-small-frenet-seed-2,232.87132190007833,1450000
small,a2c,0.0,1.0,1,0.0,0.21085984595992546,6.34803738317763,0.21085984595992546,frenet,2,01c5540ea7126d44064f2c48ceec5c7f2498a6da51af952451b34175b6bb3d48,a2c-small-frenet-seed-2,24.773797299800208,150000
small,a2c,1.0,0.0,1,1.0,1.0003213095125978,228.4886685241296,1.0003213095125978,frenet,2,01c5540ea7126d44064f2c48ceec5c7f2498a6da51af952451b34175b6bb3d48,a2c-small-frenet-seed-2,241.23454149996905,1500000
small,a2c,1.0,0.0,1,1.0,1.0003500150626223,230.51042223166468,1.0003500150626223,frenet,2,01c5540ea7126d44064f2c48ceec5c7f2498a6da51af952451b34175b6bb3d48,a2c-small-frenet-seed-2,249.31363309981316,1550000
small,a2c,1.0,0.0,1,1.0,1.0000031650237542,232.85474583032325,1.0000031650237542,frenet,2,01c5540ea7126d44064f2c48ceec5c7f2498a6da51af952451b34175b6bb3d48,a2c-small-frenet-seed-2,257.46621049991154,1600000
small,a2c,1.0,0.0,1,1.0,1.0004008578709485,228.2198331031617,1.0004008578709485,frenet,2,01c5540ea7126d44064f2c48ceec5c7f2498a6da51af952451b34175b6bb3d48,a2c-small-frenet-seed-2,265.55856190000486,1650000
small,a2c,1.0,0.0,1,1.0,1.0000574645206148,228.90426698884696,1.0000574645206148,frenet,2,01c5540ea7126d44064f2c48ceec5c7f2498a6da51af952451b34175b6bb3d48,a2c-small-frenet-seed-2,273.67623049985195,1700000
small,a2c,1.0,0.0,1,1.0,1.0000534029176082,230.1609082707351,1.0000534029176082,frenet,2,01c5540ea7126d44064f2c48ceec5c7f2498a6da51af952451b34175b6bb3d48,a2c-small-frenet-seed-2,282.02780209995035,1750000
small,a2c,1.0,0.0,1,1.0,1.0001702080123114,228.95527806281746,1.0001702080123114,frenet,2,01c5540ea7126d44064f2c48ceec5c7f2498a6da51af952451b34175b6bb3d48,a2c-small-frenet-seed-2,290.3485009000251,1800000
small,a2c,1.0,0.0,1,1.0,1.0000303771559929,227.2425383834738,1.0000303771559929,frenet,2,01c5540ea7126d44064f2c48ceec5c7f2498a6da51af952451b34175b6bb3d48,a2c-small-frenet-seed-2,298.5330201000761,1850000
small,a2c,1.0,0.0,1,1.0,1.0002592223664641,227.76354506790443,1.0002592223664641,frenet,2,01c5540ea7126d44064f2c48ceec5c7f2498a6da51af952451b34175b6bb3d48,a2c-small-frenet-seed-2,307.0653862001709,1900000
small,a2c,1.0,0.0,1,1.0,1.0003390495906794,229.29006073272458,1.0003390495906794,frenet,2,01c5540ea7126d44064f2c48ceec5c7f2498a6da51af952451b34175b6bb3d48,a2c-small-frenet-seed-2,315.4140238004038,1950000
small,a2c,0.0,1.0,1,0.0,0.20828699144919705,6.905981079714218,0.20828699144919705,frenet,2,01c5540ea7126d44064f2c48ceec5c7f2498a6da51af952451b34175b6bb3d48,a2c-small-frenet-seed-2,32.76907019971259,200000
small,a2c,1.0,0.0,1,1.0,1.0001025748360723,230.6217231726015,1.0001025748360723,frenet,2,01c5540ea7126d44064f2c48ceec5c7f2498a6da51af952451b34175b6bb3d48,a2c-small-frenet-seed-2,323.64193840027656,2000000
small,a2c,0.0,1.0,1,0.0,0.20747663551401796,7.877663177783212,0.20747663551401796,frenet,2,01c5540ea7126d44064f2c48ceec5c7f2498a6da51af952451b34175b6bb3d48,a2c-small-frenet-seed-2,40.83220249967053,250000
small,a2c,0.0,1.0,1,0.0,0.21960389935819616,9.318586040134104,0.21960389935819616,frenet,2,01c5540ea7126d44064f2c48ceec5c7f2498a6da51af952451b34175b6bb3d48,a2c-small-frenet-seed-2,48.75905949952721,300000
small,a2c,0.0,1.0,1,0.0,0.4967272086399589,31.142239463876713,0.4967272086399589,frenet,2,01c5540ea7126d44064f2c48ceec5c7f2498a6da51af952451b34175b6bb3d48,a2c-small-frenet-seed-2,56.7215515992757,350000
small,a2c,0.0,1.0,1,0.0,0.5523297582979828,34.81332446849047,0.5523297582979828,frenet,2,01c5540ea7126d44064f2c48ceec5c7f2498a6da51af952451b34175b6bb3d48,a2c-small-frenet-seed-2,64.56542489914136,400000
small,a2c,0.0,1.0,1,0.0,0.552692514682329,34.72500779229486,0.552692514682329,frenet,2,01c5540ea7126d44064f2c48ceec5c7f2498a6da51af952451b34175b6bb3d48,a2c-small-frenet-seed-2,72.37507769895092,450000
small,a2c,0.0,1.0,1,0.0,0.08609375195442087,-3.2818691588785787,0.08609375195442087,frenet,2,01c5540ea7126d44064f2c48ceec5c7f2498a6da51af952451b34175b6bb3d48,a2c-small-frenet-seed-2,8.590353099883941,50000
small,a2c,0.0,1.0,1,0.0,0.54759654609062,35.01527577073211,0.54759654609062,frenet,2,01c5540ea7126d44064f2c48ceec5c7f2498a6da51af952451b34175b6bb3d48,a2c-small-frenet-seed-2,80.18233339889048,500000
small,a2c,0.0,1.0,1,0.0,0.548007451845228,35.418252049595594,0.548007451845228,frenet,2,01c5540ea7126d44064f2c48ceec5c7f2498a6da51af952451b34175b6bb3d48,a2c-small-frenet-seed-2,88.08290459899217,550000
small,a2c,0.0,1.0,1,0.0,0.5526497559168573,35.98897518621291,0.5526497559168573,frenet,2,01c5540ea7126d44064f2c48ceec5c7f2498a6da51af952451b34175b6bb3d48,a2c-small-frenet-seed-2,96.13868469900262,600000
small,a2c,0.0,1.0,1,0.0,0.6848957988507963,45.78067107477546,0.6848957988507963,frenet,2,01c5540ea7126d44064f2c48ceec5c7f2498a6da51af952451b34175b6bb3d48,a2c-small-frenet-seed-2,104.35680259900619,650000
small,a2c,0.0,1.0,1,0.0,0.6820602247085086,45.5307185014304,0.6820602247085086,frenet,2,01c5540ea7126d44064f2c48ceec5c7f2498a6da51af952451b34175b6bb3d48,a2c-small-frenet-seed-2,112.64044869892314,700000
small,a2c,1.0,0.0,1,1.0,1.0001784609325448,222.62764870723714,1.0001784609325448,frenet,2,01c5540ea7126d44064f2c48ceec5c7f2498a6da51af952451b34175b6bb3d48,a2c-small-frenet-seed-2,120.54922899886878,750000
small,a2c,1.0,0.0,1,1.0,1.0002107414171817,222.62911005234724,1.0002107414171817,frenet,2,01c5540ea7126d44064f2c48ceec5c7f2498a6da51af952451b34175b6bb3d48,a2c-small-frenet-seed-2,128.12937389906074,800000
small,a2c,1.0,0.0,1,1.0,1.0001560296877217,225.8591821781879,1.0001560296877217,frenet,2,01c5540ea7126d44064f2c48ceec5c7f2498a6da51af952451b34175b6bb3d48,a2c-small-frenet-seed-2,135.6526098988943,850000
small,a2c,0.0,1.0,1,0.0,0.5590074006707705,36.02648343671123,0.5590074006707705,frenet,2,01c5540ea7126d44064f2c48ceec5c7f2498a6da51af952451b34175b6bb3d48,a2c-small-frenet-seed-2,143.22934559878559,900000
small,a2c,1.0,0.0,1,1.0,1.0003027491332974,228.88816147454213,1.0003027491332974,frenet,2,01c5540ea7126d44064f2c48ceec5c7f2498a6da51af952451b34175b6bb3d48,a2c-small-frenet-seed-2,150.77767179887087,950000
small,a2c,0.0,1.0,1,0.0,0.057943925233644326,-4.420930200218119,0.057943925233644326,frenet,3,efab375044a02933be141ce49a16ba2c41cb327defa93ff545e6d7c95656e297,a2c-small-frenet-seed-3,16.572623100229976,100000
small,a2c,1.0,0.0,1,1.0,1.0001703362842898,219.8845723998391,1.0001703362842898,frenet,3,efab375044a02933be141ce49a16ba2c41cb327defa93ff545e6d7c95656e297,a2c-small-frenet-seed-3,162.24385749980866,1000000
small,a2c,1.0,0.0,1,1.0,1.00013153124634,224.45390758817382,1.00013153124634,frenet,3,efab375044a02933be141ce49a16ba2c41cb327defa93ff545e6d7c95656e297,a2c-small-frenet-seed-3,170.50372069980222,1050000
small,a2c,1.0,0.0,1,1.0,1.0001512818390517,226.97447675595765,1.0001512818390517,frenet,3,efab375044a02933be141ce49a16ba2c41cb327defa93ff545e6d7c95656e297,a2c-small-frenet-seed-3,178.4104774998923,1100000
small,a2c,1.0,0.0,1,1.0,1.000237725938405,227.40237531035686,1.000237725938405,frenet,3,efab375044a02933be141ce49a16ba2c41cb327defa93ff545e6d7c95656e297,a2c-small-frenet-seed-3,186.66914870011897,1150000
small,a2c,1.0,0.0,1,1.0,1.0000783640773376,228.18591922271318,1.0000783640773376,frenet,3,efab375044a02933be141ce49a16ba2c41cb327defa93ff545e6d7c95656e297,a2c-small-frenet-seed-3,194.64790439996796,1200000
small,a2c,0.0,1.0,1,0.0,0.687743853633232,46.49275050978877,0.687743853633232,frenet,3,efab375044a02933be141ce49a16ba2c41cb327defa93ff545e6d7c95656e297,a2c-small-frenet-seed-3,203.0308189999705,1250000
small,a2c,1.0,0.0,1,1.0,1.0003403371274806,226.91612294986894,1.0003403371274806,frenet,3,efab375044a02933be141ce49a16ba2c41cb327defa93ff545e6d7c95656e297,a2c-small-frenet-seed-3,211.0213748998176,1300000
small,a2c,1.0,0.0,1,1.0,1.0003758388782826,229.79305450453322,1.0003758388782826,frenet,3,efab375044a02933be141ce49a16ba2c41cb327defa93ff545e6d7c95656e297,a2c-small-frenet-seed-3,219.06371139990733,1350000
small,a2c,1.0,0.0,1,1.0,1.0003834345861515,230.6514109395821,1.0003834345861515,frenet,3,efab375044a02933be141ce49a16ba2c41cb327defa93ff545e6d7c95656e297,a2c-small-frenet-seed-3,227.19601919990237,1400000
small,a2c,1.0,0.0,1,1.0,1.0002663346580758,231.26181226596674,1.0002663346580758,frenet,3,efab375044a02933be141ce49a16ba2c41cb327defa93ff545e6d7c95656e297,a2c-small-frenet-seed-3,235.156616299726,1450000
small,a2c,0.0,1.0,1,0.0,0.05420560747663541,-4.5898723701451845,0.05420560747663541,frenet,3,efab375044a02933be141ce49a16ba2c41cb327defa93ff545e6d7c95656e297,a2c-small-frenet-seed-3,25.032772300099168,150000
small,a2c,1.0,0.0,1,1.0,1.0003470192511308,229.29197564670994,1.0003470192511308,frenet,3,efab375044a02933be141ce49a16ba2c41cb327defa93ff545e6d7c95656e297,a2c-small-frenet-seed-3,243.25556809979025,1500000
small,a2c,1.0,0.0,1,1.0,1.0002635492917216,224.6467457166271,1.0002635492917216,frenet,3,efab375044a02933be141ce49a16ba2c41cb327defa93ff545e6d7c95656e297,a2c-small-frenet-seed-3,251.2071062997129,1550000
small,a2c,1.0,0.0,1,1.0,1.0000985063849204,224.63017368622283,1.0000985063849204,frenet,3,efab375044a02933be141ce49a16ba2c41cb327defa93ff545e6d7c95656e297,a2c-small-frenet-seed-3,259.34873449970473,1600000
small,a2c,1.0,0.0,1,1.0,1.0002080033920755,228.2396163175901,1.0002080033920755,frenet,3,efab375044a02933be141ce49a16ba2c41cb327defa93ff545e6d7c95656e297,a2c-small-frenet-seed-3,267.4128094997395,1650000
small,a2c,1.0,0.0,1,1.0,1.0003670572815488,230.64810329373006,1.0003670572815488,frenet,3,efab375044a02933be141ce49a16ba2c41cb327defa93ff545e6d7c95656e297,a2c-small-frenet-seed-3,275.4431825996544,1700000
small,a2c,1.0,0.0,1,1.0,1.000432285564034,231.67992882402913,1.000432285564034,frenet,3,efab375044a02933be141ce49a16ba2c41cb327defa93ff545e6d7c95656e297,a2c-small-frenet-seed-3,283.46023359976243,1750000
small,a2c,1.0,0.0,1,1.0,1.000123932388754,231.10927377469085,1.000123932388754,frenet,3,efab375044a02933be141ce49a16ba2c41cb327defa93ff545e6d7c95656e297,a2c-small-frenet-seed-3,291.4614556995366,1800000
small,a2c,1.0,0.0,1,1.0,1.0002662942930358,226.26575079576926,1.0002662942930358,frenet,3,efab375044a02933be141ce49a16ba2c41cb327defa93ff545e6d7c95656e297,a2c-small-frenet-seed-3,299.4441074994829,1850000
small,a2c,1.0,0.0,1,1.0,1.0002085371951757,225.956264917022,1.0002085371951757,frenet,3,efab375044a02933be141ce49a16ba2c41cb327defa93ff545e6d7c95656e297,a2c-small-frenet-seed-3,307.3970501997028,1900000
small,a2c,1.0,0.0,1,1.0,1.000266842107444,223.2649987924288,1.000266842107444,frenet,3,efab375044a02933be141ce49a16ba2c41cb327defa93ff545e6d7c95656e297,a2c-small-frenet-seed-3,315.36545739959183,1950000
small,a2c,0.0,1.0,1,0.0,0.07102803738317758,-3.0360372197030694,0.07102803738317758,frenet,3,efab375044a02933be141ce49a16ba2c41cb327defa93ff545e6d7c95656e297,a2c-small-frenet-seed-3,33.50141690023884,200000
small,a2c,1.0,0.0,1,1.0,1.0002265261055328,223.4806397935767,1.0002265261055328,frenet,3,efab375044a02933be141ce49a16ba2c41cb327defa93ff545e6d7c95656e297,a2c-small-frenet-seed-3,323.33204759958244,2000000
small,a2c,0.0,1.0,1,0.0,0.20672096522987962,8.258366127447948,0.20672096522987962,frenet,3,efab375044a02933be141ce49a16ba2c41cb327defa93ff545e6d7c95656e297,a2c-small-frenet-seed-3,41.81414860032601,250000
small,a2c,0.0,1.0,1,0.0,0.21185750223861224,8.972502234078686,0.21185750223861224,frenet,3,efab375044a02933be141ce49a16ba2c41cb327defa93ff545e6d7c95656e297,a2c-small-frenet-seed-3,50.1342141002242,300000
small,a2c,0.0,1.0,1,0.0,0.3729695533923667,22.035236070927308,0.3729695533923667,frenet,3,efab375044a02933be141ce49a16ba2c41cb327defa93ff545e6d7c95656e297,a2c-small-frenet-seed-3,58.29323390035279,350000
small,a2c,0.0,1.0,1,0.0,0.5029718570804986,32.035486929736244,0.5029718570804986,frenet,3,efab375044a02933be141ce49a16ba2c41cb327defa93ff545e6d7c95656e297,a2c-small-frenet-seed-3,66.25031880039023,400000
small,a2c,0.0,1.0,1,0.0,0.5002695205852639,31.752966484659275,0.5002695205852639,frenet,3,efab375044a02933be141ce49a16ba2c41cb327defa93ff545e6d7c95656e297,a2c-small-frenet-seed-3,74.08449930033748,450000
small,a2c,0.0,1.0,1,0.0,0.06965537392341495,-4.204112149532709,0.06965537392341495,frenet,3,efab375044a02933be141ce49a16ba2c41cb327defa93ff545e6d7c95656e297,a2c-small-frenet-seed-3,8.178957600164722,50000
small,a2c,0.0,1.0,1,0.0,0.549018675293524,35.39009025251238,0.549018675293524,frenet,3,efab375044a02933be141ce49a16ba2c41cb327defa93ff545e6d7c95656e297,a2c-small-frenet-seed-3,82.05582610046986,500000
small,a2c,0.0,1.0,1,0.0,0.5582179008996634,36.01914268927673,0.5582179008996634,frenet,3,efab375044a02933be141ce49a16ba2c41cb327defa93ff545e6d7c95656e297,a2c-small-frenet-seed-3,90.36214870043477,550000
small,a2c,0.0,1.0,1,0.0,0.5580079877663222,36.507590684971916,0.5580079877663222,frenet,3,efab375044a02933be141ce49a16ba2c41cb327defa93ff545e6d7c95656e297,a2c-small-frenet-seed-3,98.30875460037714,600000
small,a2c,0.0,1.0,1,0.0,0.6840767044734368,45.809499081867536,0.6840767044734368,frenet,3,efab375044a02933be141ce49a16ba2c41cb327defa93ff545e6d7c95656e297,a2c-small-frenet-seed-3,106.42540660014492,650000
small,a2c,1.0,0.0,1,1.0,1.0003171223731548,224.43493394974064,1.0003171223731548,frenet,3,efab375044a02933be141ce49a16ba2c41cb327defa93ff545e6d7c95656e297,a2c-small-frenet-seed-3,114.46673100003682,700000
small,a2c,1.0,0.0,1,1.0,1.0003091747736705,224.07479805377875,1.0003091747736705,frenet,3,efab375044a02933be141ce49a16ba2c41cb327defa93ff545e6d7c95656e297,a2c-small-frenet-seed-3,122.41506130005655,750000
small,a2c,1.0,0.0,1,1.0,1.0003280413963758,223.93494305556743,1.0003280413963758,frenet,3,efab375044a02933be141ce49a16ba2c41cb327defa93ff545e6d7c95656e297,a2c-small-frenet-seed-3,130.4721041002049,800000
small,a2c,1.0,0.0,1,1.0,1.0002889456492792,223.9974838591152,1.0002889456492792,frenet,3,efab375044a02933be141ce49a16ba2c41cb327defa93ff545e6d7c95656e297,a2c-small-frenet-seed-3,138.48456990019622,850000
small,a2c,1.0,0.0,1,1.0,1.0002377551572097,222.41013666930257,1.0002377551572097,frenet,3,efab375044a02933be141ce49a16ba2c41cb327defa93ff545e6d7c95656e297,a2c-small-frenet-seed-3,146.48911720007527,900000
small,a2c,1.0,0.0,1,1.0,1.000056090833877,221.52969406682223,1.000056090833877,frenet,3,efab375044a02933be141ce49a16ba2c41cb327defa93ff545e6d7c95656e297,a2c-small-frenet-seed-3,154.41270190007344,950000
small,a2c,0.0,1.0,1,0.0,0.07663551401869159,-3.7327250589215644,0.07663551401869159,frenet,4,1f9f62fd67c2e03dadcbbc5749e6a468c440dce181e227254df230d5f424b712,a2c-small-frenet-seed-4,16.400775499951123,100000
small,a2c,1.0,0.0,1,1.0,1.0003390755381134,217.99685432105736,1.0003390755381134,frenet,4,1f9f62fd67c2e03dadcbbc5749e6a468c440dce181e227254df230d5f424b712,a2c-small-frenet-seed-4,163.3552404988659,1000000
small,a2c,1.0,0.0,1,1.0,1.0002886305665801,218.63676913052046,1.0002886305665801,frenet,4,1f9f62fd67c2e03dadcbbc5749e6a468c440dce181e227254df230d5f424b712,a2c-small-frenet-seed-4,171.36934069888957,1050000
small,a2c,1.0,0.0,1,1.0,1.0001850199259557,219.38176408365422,1.0001850199259557,frenet,4,1f9f62fd67c2e03dadcbbc5749e6a468c440dce181e227254df230d5f424b712,a2c-small-frenet-seed-4,179.46908219876423,1100000
small,a2c,1.0,0.0,1,1.0,1.000269706383554,220.86892190695755,1.000269706383554,frenet,4,1f9f62fd67c2e03dadcbbc5749e6a468c440dce181e227254df230d5f424b712,a2c-small-frenet-seed-4,187.49819619887785,1150000
small,a2c,1.0,0.0,1,1.0,1.0000792907116824,222.10963213677093,1.0000792907116824,frenet,4,1f9f62fd67c2e03dadcbbc5749e6a468c440dce181e227254df230d5f424b712,a2c-small-frenet-seed-4,195.59669459880388,1200000
small,a2c,1.0,0.0,1,1.0,1.0002685908149982,219.79021867206365,1.0002685908149982,frenet,4,1f9f62fd67c2e03dadcbbc5749e6a468c440dce181e227254df230d5f424b712,a2c-small-frenet-seed-4,203.75376719870474,1250000
small,a2c,1.0,0.0,1,1.0,1.0000425529700996,219.51584078717988,1.0000425529700996,frenet,4,1f9f62fd67c2e03dadcbbc5749e6a468c440dce181e227254df230d5f424b712,a2c-small-frenet-seed-4,211.93664439887652,1300000
small,a2c,0.0,1.0,1,0.0,0.48849491782771143,30.147832608923324,0.48849491782771143,frenet,4,1f9f62fd67c2e03dadcbbc5749e6a468c440dce181e227254df230d5f424b712,a2c-small-frenet-seed-4,220.1275276989254,1350000
small,a2c,1.0,0.0,1,1.0,1.0000973062655931,220.0559995503099,1.0000973062655931,frenet,4,1f9f62fd67c2e03dadcbbc5749e6a468c440dce181e227254df230d5f424b712,a2c-small-frenet-seed-4,228.1693914991265,1400000
small,a2c,1.0,0.0,1,1.0,1.0002919809177926,224.74396031785471,1.0002919809177926,frenet,4,1f9f62fd67c2e03dadcbbc5749e6a468c440dce181e227254df230d5f424b712,a2c-small-frenet-seed-4,236.31585409932813,1450000
small,a2c,0.0,1.0,1,0.0,0.0766355140186918,-3.1899065420560646,0.0766355140186918,frenet,4,1f9f62fd67c2e03dadcbbc5749e6a468c440dce181e227254df230d5f424b712,a2c-small-frenet-seed-4,24.782643899867253,150000
small,a2c,1.0,0.0,1,1.0,1.0000921247298895,219.47804981837118,1.0000921247298895,frenet,4,1f9f62fd67c2e03dadcbbc5749e6a468c440dce181e227254df230d5f424b712,a2c-small-frenet-seed-4,244.3794093996803,1500000
small,a2c,1.0,0.0,1,1.0,1.000276770561328,221.3702951652404,1.000276770561328,frenet,4,1f9f62fd67c2e03dadcbbc5749e6a468c440dce181e227254df230d5f424b712,a2c-small-frenet-seed-4,252.36869559981278,1550000
small,a2c,1.0,0.0,1,1.0,1.0000687792449268,229.98145554211771,1.0000687792449268,frenet,4,1f9f62fd67c2e03dadcbbc5749e6a468c440dce181e227254df230d5f424b712,a2c-small-frenet-seed-4,260.77347779983756,1600000
small,a2c,1.0,0.0,1,1.0,1.0002142755240406,225.0015891666522,1.0002142755240406,frenet,4,1f9f62fd67c2e03dadcbbc5749e6a468c440dce181e227254df230d5f424b712,a2c-small-frenet-seed-4,268.8208326001186,1650000
small,a2c,1.0,0.0,1,1.0,1.000079696231002,224.22978531794618,1.000079696231002,frenet,4,1f9f62fd67c2e03dadcbbc5749e6a468c440dce181e227254df230d5f424b712,a2c-small-frenet-seed-4,276.9039787999973,1700000
small,a2c,1.0,0.0,1,1.0,1.0002064380729045,224.52135819080263,1.0002064380729045,frenet,4,1f9f62fd67c2e03dadcbbc5749e6a468c440dce181e227254df230d5f424b712,a2c-small-frenet-seed-4,285.0638479002155,1750000
small,a2c,1.0,0.0,1,1.0,1.000156000537656,223.9148912365104,1.000156000537656,frenet,4,1f9f62fd67c2e03dadcbbc5749e6a468c440dce181e227254df230d5f424b712,a2c-small-frenet-seed-4,293.2533117003186,1800000
small,a2c,1.0,0.0,1,1.0,1.0001827123856122,227.515586650708,1.0001827123856122,frenet,4,1f9f62fd67c2e03dadcbbc5749e6a468c440dce181e227254df230d5f424b712,a2c-small-frenet-seed-4,301.56514950025667,1850000
small,a2c,1.0,0.0,1,1.0,1.0003045633246685,230.86071244219687,1.0003045633246685,frenet,4,1f9f62fd67c2e03dadcbbc5749e6a468c440dce181e227254df230d5f424b712,a2c-small-frenet-seed-4,309.6831794002319,1900000
small,a2c,1.0,0.0,1,1.0,1.000309465317645,228.96867026348465,1.000309465317645,frenet,4,1f9f62fd67c2e03dadcbbc5749e6a468c440dce181e227254df230d5f424b712,a2c-small-frenet-seed-4,317.92014670022036,1950000
small,a2c,0.0,1.0,1,0.0,0.08134420026871314,-2.1445079857803724,0.08134420026871314,frenet,4,1f9f62fd67c2e03dadcbbc5749e6a468c440dce181e227254df230d5f424b712,a2c-small-frenet-seed-4,33.31258999986676,200000
small,a2c,1.0,0.0,1,1.0,1.000419832321585,227.89964910352285,1.000419832321585,frenet,4,1f9f62fd67c2e03dadcbbc5749e6a468c440dce181e227254df230d5f424b712,a2c-small-frenet-seed-4,326.29428840030596,2000000
small,a2c,0.0,1.0,1,0.0,0.20093457943925308,7.846448099184375,0.20093457943925308,frenet,4,1f9f62fd67c2e03dadcbbc5749e6a468c440dce181e227254df230d5f424b712,a2c-small-frenet-seed-4,41.82336959985332,250000
small,a2c,0.0,1.0,1,0.0,0.21224968061742114,8.974500716243615,0.21224968061742114,frenet,4,1f9f62fd67c2e03dadcbbc5749e6a468c440dce181e227254df230d5f424b712,a2c-small-frenet-seed-4,50.12545949987543,300000
small,a2c,0.0,1.0,1,0.0,0.23082389150948193,10.274602685058804,0.23082389150948193,frenet,4,1f9f62fd67c2e03dadcbbc5749e6a468c440dce181e227254df230d5f424b712,a2c-small-frenet-seed-4,58.32006779962103,350000
small,a2c,0.0,1.0,1,0.0,0.6792158371064981,43.16345545623145,0.6792158371064981,frenet,4,1f9f62fd67c2e03dadcbbc5749e6a468c440dce181e227254df230d5f424b712,a2c-small-frenet-seed-4,66.36973469950317,400000
small,a2c,0.0,1.0,1,0.0,0.9133438843684498,59.28466019192679,0.9133438843684498,frenet,4,1f9f62fd67c2e03dadcbbc5749e6a468c440dce181e227254df230d5f424b712,a2c-small-frenet-seed-4,74.24334469940732,450000
small,a2c,0.0,1.0,1,0.0,0.06731000042168106,-4.739411875625612,0.06731000042168106,frenet,4,1f9f62fd67c2e03dadcbbc5749e6a468c440dce181e227254df230d5f424b712,a2c-small-frenet-seed-4,8.18943929993111,50000
small,a2c,0.0,1.0,1,0.0,0.47571202363783616,29.32805486969064,0.47571202363783616,frenet,4,1f9f62fd67c2e03dadcbbc5749e6a468c440dce181e227254df230d5f424b712,a2c-small-frenet-seed-4,82.24196509932153,500000
small,a2c,0.0,1.0,1,0.0,0.4777988266841614,29.767938923941486,0.4777988266841614,frenet,4,1f9f62fd67c2e03dadcbbc5749e6a468c440dce181e227254df230d5f424b712,a2c-small-frenet-seed-4,90.32113559941354,550000
small,a2c,0.0,1.0,1,0.0,0.5520023998303464,34.9232186872974,0.5520023998303464,frenet,4,1f9f62fd67c2e03dadcbbc5749e6a468c440dce181e227254df230d5f424b712,a2c-small-frenet-seed-4,98.37680849947719,600000
small,a2c,0.0,1.0,1,0.0,0.556404423742673,34.917590461407684,0.556404423742673,frenet,4,1f9f62fd67c2e03dadcbbc5749e6a468c440dce181e227254df230d5f424b712,a2c-small-frenet-seed-4,106.51919729933434,650000
small,a2c,0.0,1.0,1,0.0,0.5607997785504278,35.51758026571492,0.5607997785504278,frenet,4,1f9f62fd67c2e03dadcbbc5749e6a468c440dce181e227254df230d5f424b712,a2c-small-frenet-seed-4,114.75341699944329,700000
small,a2c,0.0,1.0,1,0.0,0.5548526003943507,34.76756511001192,0.5548526003943507,frenet,4,1f9f62fd67c2e03dadcbbc5749e6a468c440dce181e227254df230d5f424b712,a2c-small-frenet-seed-4,122.82036339942715,750000
small,a2c,1.0,0.0,1,1.0,1.0003279305770996,213.2812126442118,1.0003279305770996,frenet,4,1f9f62fd67c2e03dadcbbc5749e6a468c440dce181e227254df230d5f424b712,a2c-small-frenet-seed-4,131.01287109943587,800000
small,a2c,1.0,0.0,1,1.0,1.0003399674949884,216.19738409383996,1.0003399674949884,frenet,4,1f9f62fd67c2e03dadcbbc5749e6a468c440dce181e227254df230d5f424b712,a2c-small-frenet-seed-4,139.19544509919433,850000
small,a2c,0.0,1.0,1,0.0,0.5567017946965822,35.54992445586677,0.5567017946965822,frenet,4,1f9f62fd67c2e03dadcbbc5749e6a468c440dce181e227254df230d5f424b712,a2c-small-frenet-seed-4,147.39406509921537,900000
small,a2c,0.0,1.0,1,0.0,0.5531597518627466,35.117893974790775,0.5531597518627466,frenet,4,1f9f62fd67c2e03dadcbbc5749e6a468c440dce181e227254df230d5f424b712,a2c-small-frenet-seed-4,155.30584899899623,950000
tiny,a2c,0.0,1.0,1,0.0,0.08040499470440127,-3.4409265971293004,0.08040499470440127,frenet,0,78612a4c5f8f5e356b1da0e1e65f0d49f8c7c5227af34dfa6ddec8079e67c22e,a2c-tiny-frenet-seed-0,16.164469299979828,100000
tiny,a2c,0.0,1.0,1,0.0,0.554761503960034,35.66820186289706,0.554761503960034,frenet,0,78612a4c5f8f5e356b1da0e1e65f0d49f8c7c5227af34dfa6ddec8079e67c22e,a2c-tiny-frenet-seed-0,158.60987529953854,1000000
tiny,a2c,0.0,1.0,1,0.0,0.5565152124074592,35.928977841445025,0.5565152124074592,frenet,0,78612a4c5f8f5e356b1da0e1e65f0d49f8c7c5227af34dfa6ddec8079e67c22e,a2c-tiny-frenet-seed-0,165.96069449952847,1050000
tiny,a2c,0.0,1.0,1,0.0,0.5584781895442611,35.921152960149065,0.5584781895442611,frenet,0,78612a4c5f8f5e356b1da0e1e65f0d49f8c7c5227af34dfa6ddec8079e67c22e,a2c-tiny-frenet-seed-0,173.17354489943682,1100000
tiny,a2c,0.0,1.0,1,0.0,0.5576565365307441,35.724644395621894,0.5576565365307441,frenet,0,78612a4c5f8f5e356b1da0e1e65f0d49f8c7c5227af34dfa6ddec8079e67c22e,a2c-tiny-frenet-seed-0,180.41083989950857,1150000
tiny,a2c,0.0,1.0,1,0.0,0.5581470551568007,35.65311148570245,0.5581470551568007,frenet,0,78612a4c5f8f5e356b1da0e1e65f0d49f8c7c5227af34dfa6ddec8079e67c22e,a2c-tiny-frenet-seed-0,187.68100789942764,1200000
tiny,a2c,0.0,1.0,1,0.0,0.5579777434412979,35.556666484194054,0.5579777434412979,frenet,0,78612a4c5f8f5e356b1da0e1e65f0d49f8c7c5227af34dfa6ddec8079e67c22e,a2c-tiny-frenet-seed-0,195.0108836993204,1250000
tiny,a2c,0.0,1.0,1,0.0,0.5547689064541985,35.27757966026862,0.5547689064541985,frenet,0,78612a4c5f8f5e356b1da0e1e65f0d49f8c7c5227af34dfa6ddec8079e67c22e,a2c-tiny-frenet-seed-0,202.1891974993814,1300000
tiny,a2c,0.0,1.0,1,0.0,0.5559301647181804,35.356454276337786,0.5559301647181804,frenet,0,78612a4c5f8f5e356b1da0e1e65f0d49f8c7c5227af34dfa6ddec8079e67c22e,a2c-tiny-frenet-seed-0,209.41739349927593,1350000
tiny,a2c,0.0,1.0,1,0.0,0.5553361445715612,35.454446628843804,0.5553361445715612,frenet,0,78612a4c5f8f5e356b1da0e1e65f0d49f8c7c5227af34dfa6ddec8079e67c22e,a2c-tiny-frenet-seed-0,216.60809509936007,1400000
tiny,a2c,0.0,1.0,1,0.0,0.5589191209474422,36.00763939272367,0.5589191209474422,frenet,0,78612a4c5f8f5e356b1da0e1e65f0d49f8c7c5227af34dfa6ddec8079e67c22e,a2c-tiny-frenet-seed-0,223.9629494995388,1450000
tiny,a2c,0.0,1.0,1,0.0,0.07943925233644934,-2.989208065610654,0.07943925233644934,frenet,0,78612a4c5f8f5e356b1da0e1e65f0d49f8c7c5227af34dfa6ddec8079e67c22e,a2c-tiny-frenet-seed-0,24.95056319997093,150000
tiny,a2c,0.0,1.0,1,0.0,0.5658310846894352,36.57378705789537,0.5658310846894352,frenet,0,78612a4c5f8f5e356b1da0e1e65f0d49f8c7c5227af34dfa6ddec8079e67c22e,a2c-tiny-frenet-seed-0,231.1676602996704,1500000
tiny,a2c,1.0,0.0,1,1.0,1.000141637001518,227.51538854640484,1.000141637001518,frenet,0,78612a4c5f8f5e356b1da0e1e65f0d49f8c7c5227af34dfa6ddec8079e67c22e,a2c-tiny-frenet-seed-0,238.40297139930044,1550000
tiny,a2c,1.0,0.0,1,1.0,1.0003688295631834,224.94185990053603,1.0003688295631834,frenet,0,78612a4c5f8f5e356b1da0e1e65f0d49f8c7c5227af34dfa6ddec8079e67c22e,a2c-tiny-frenet-seed-0,245.63738479935273,1600000
tiny,a2c,0.0,1.0,1,0.0,0.5630940592026286,36.22452265136785,0.5630940592026286,frenet,0,78612a4c5f8f5e356b1da0e1e65f0d49f8c7c5227af34dfa6ddec8079e67c22e,a2c-tiny-frenet-seed-0,252.8537625991812,1650000
tiny,a2c,0.0,1.0,1,0.0,0.5573060584329165,35.88986571319272,0.5573060584329165,frenet,0,78612a4c5f8f5e356b1da0e1e65f0d49f8c7c5227af34dfa6ddec8079e67c22e,a2c-tiny-frenet-seed-0,260.1144779992792,1700000
tiny,a2c,0.0,1.0,1,0.0,0.5565383054807448,35.85616815660334,0.5565383054807448,frenet,0,78612a4c5f8f5e356b1da0e1e65f0d49f8c7c5227af34dfa6ddec8079e67c22e,a2c-tiny-frenet-seed-0,267.3841480990668,1750000
tiny,a2c,1.0,0.0,1,1.0,1.0001084358324253,224.3766731353424,1.0001084358324253,frenet,0,78612a4c5f8f5e356b1da0e1e65f0d49f8c7c5227af34dfa6ddec8079e67c22e,a2c-tiny-frenet-seed-0,274.7063762991311,1800000
tiny,a2c,1.0,0.0,1,1.0,1.0002842539261727,223.99770350395426,1.0002842539261727,frenet,0,78612a4c5f8f5e356b1da0e1e65f0d49f8c7c5227af34dfa6ddec8079e67c22e,a2c-tiny-frenet-seed-0,281.99148029904245,1850000
tiny,a2c,1.0,0.0,1,1.0,1.000274659400628,224.89597700378278,1.000274659400628,frenet,0,78612a4c5f8f5e356b1da0e1e65f0d49f8c7c5227af34dfa6ddec8079e67c22e,a2c-tiny-frenet-seed-0,289.56221319909673,1900000
tiny,a2c,1.0,0.0,1,1.0,1.0000105365377068,223.97071844642977,1.0000105365377068,frenet,0,78612a4c5f8f5e356b1da0e1e65f0d49f8c7c5227af34dfa6ddec8079e67c22e,a2c-tiny-frenet-seed-0,297.52189469906807,1950000
tiny,a2c,0.0,1.0,1,0.0,0.08721079167965433,-2.0622251712485187,0.08721079167965433,frenet,0,78612a4c5f8f5e356b1da0e1e65f0d49f8c7c5227af34dfa6ddec8079e67c22e,a2c-tiny-frenet-seed-0,33.51125809995574,200000
tiny,a2c,1.0,0.0,1,1.0,1.0000442998504768,224.55131623001108,1.0000442998504768,frenet,0,78612a4c5f8f5e356b1da0e1e65f0d49f8c7c5227af34dfa6ddec8079e67c22e,a2c-tiny-frenet-seed-0,305.76195109910987,2000000
tiny,a2c,0.0,1.0,1,0.0,0.09919364540761652,-0.851639140143563,0.09919364540761652,frenet,0,78612a4c5f8f5e356b1da0e1e65f0d49f8c7c5227af34dfa6ddec8079e67c22e,a2c-tiny-frenet-seed-0,41.94890539996413,250000
tiny,a2c,0.0,1.0,1,0.0,0.21625795924938762,8.503272825359149,0.21625795924938762,frenet,0,78612a4c5f8f5e356b1da0e1e65f0d49f8c7c5227af34dfa6ddec8079e67c22e,a2c-tiny-frenet-seed-0,50.194405299906066,300000
tiny,a2c,0.0,1.0,1,0.0,0.21951358998290005,8.861244024047464,0.21951358998290005,frenet,0,78612a4c5f8f5e356b1da0e1e65f0d49f8c7c5227af34dfa6ddec8079e67c22e,a2c-tiny-frenet-seed-0,58.054582499746175,350000
tiny,a2c,0.0,1.0,1,0.0,0.22991756609885436,9.569676297707758,0.22991756609885436,frenet,0,78612a4c5f8f5e356b1da0e1e65f0d49f8c7c5227af34dfa6ddec8079e67c22e,a2c-tiny-frenet-seed-0,66.3242267996211,400000
tiny,a2c,0.0,1.0,1,0.0,0.35287297950322866,19.28106037114372,0.35287297950322866,frenet,0,78612a4c5f8f5e356b1da0e1e65f0d49f8c7c5227af34dfa6ddec8079e67c22e,a2c-tiny-frenet-seed-0,74.35024709971185,450000
tiny,a2c,0.0,1.0,1,0.0,0.07289719626168097,-4.240518372789994,0.07289719626168097,frenet,0,78612a4c5f8f5e356b1da0e1e65f0d49f8c7c5227af34dfa6ddec8079e67c22e,a2c-tiny-frenet-seed-0,7.96994139997696,50000
tiny,a2c,0.0,1.0,1,0.0,0.3702236573704741,20.640758541036217,0.3702236573704741,frenet,0,78612a4c5f8f5e356b1da0e1e65f0d49f8c7c5227af34dfa6ddec8079e67c22e,a2c-tiny-frenet-seed-0,82.26480439977968,500000
tiny,a2c,0.0,1.0,1,0.0,0.5567705315214216,35.85659821499517,0.5567705315214216,frenet,0,78612a4c5f8f5e356b1da0e1e65f0d49f8c7c5227af34dfa6ddec8079e67c22e,a2c-tiny-frenet-seed-0,90.17828609978096,550000
tiny,a2c,0.0,1.0,1,0.0,0.5587198106969343,36.13416543257088,0.5587198106969343,frenet,0,78612a4c5f8f5e356b1da0e1e65f0d49f8c7c5227af34dfa6ddec8079e67c22e,a2c-tiny-frenet-seed-0,98.21146929974202,600000
tiny,a2c,0.0,1.0,1,0.0,0.5117484786936727,32.12142330436386,0.5117484786936727,frenet,0,78612a4c5f8f5e356b1da0e1e65f0d49f8c7c5227af34dfa6ddec8079e67c22e,a2c-tiny-frenet-seed-0,105.8437822997621,650000
tiny,a2c,0.0,1.0,1,0.0,0.5124740293198049,32.38802048325968,0.5124740293198049,frenet,0,78612a4c5f8f5e356b1da0e1e65f0d49f8c7c5227af34dfa6ddec8079e67c22e,a2c-tiny-frenet-seed-0,113.44996949975757,700000
tiny,a2c,0.0,1.0,1,0.0,0.5096588832998207,31.915125655416198,0.5096588832998207,frenet,0,78612a4c5f8f5e356b1da0e1e65f0d49f8c7c5227af34dfa6ddec8079e67c22e,a2c-tiny-frenet-seed-0,121.03095259960173,750000
tiny,a2c,0.0,1.0,1,0.0,0.5077194092451972,31.746964843017594,0.5077194092451972,frenet,0,78612a4c5f8f5e356b1da0e1e65f0d49f8c7c5227af34dfa6ddec8079e67c22e,a2c-tiny-frenet-seed-0,128.6116769995424,800000
tiny,a2c,0.0,1.0,1,0.0,0.5549768984962608,35.68860629975156,0.5549768984962608,frenet,0,78612a4c5f8f5e356b1da0e1e65f0d49f8c7c5227af34dfa6ddec8079e67c22e,a2c-tiny-frenet-seed-0,136.1037595995076,850000
tiny,a2c,0.0,1.0,1,0.0,0.5154590220318104,32.60672500119062,0.5154590220318104,frenet,0,78612a4c5f8f5e356b1da0e1e65f0d49f8c7c5227af34dfa6ddec8079e67c22e,a2c-tiny-frenet-seed-0,143.6876967994831,900000
tiny,a2c,0.0,1.0,1,0.0,0.5118104299160066,32.129106420707295,0.5118104299160066,frenet,0,78612a4c5f8f5e356b1da0e1e65f0d49f8c7c5227af34dfa6ddec8079e67c22e,a2c-tiny-frenet-seed-0,151.18807049941097,950000
tiny,a2c,0.0,1.0,1,0.0,0.06542056074766345,-4.34907995440876,0.06542056074766345,frenet,1,c5d142aeedd81c287e8b9cd206771d2b93e6a642588ba0db7a46798ddeb083c8,a2c-tiny-frenet-seed-1,17.71845440022662,100000
tiny,a2c,0.0,1.0,1,0.0,0.5573906186598431,35.41764492630434,0.5573906186598431,frenet,1,c5d142aeedd81c287e8b9cd206771d2b93e6a642588ba0db7a46798ddeb083c8,a2c-tiny-frenet-seed-1,169.13977139965937,1000000
tiny,a2c,0.0,1.0,1,0.0,0.5570127940827629,35.46009864827887,0.5570127940827629,frenet,1,c5d142aeedd81c287e8b9cd206771d2b93e6a642588ba0db7a46798ddeb083c8,a2c-tiny-frenet-seed-1,177.19529459953264,1050000
tiny,a2c,0.0,1.0,1,0.0,0.5567068405628884,35.42832919379327,0.5567068405628884,frenet,1,c5d142aeedd81c287e8b9cd206771d2b93e6a642588ba0db7a46798ddeb083c8,a2c-tiny-frenet-seed-1,185.49589109946828,1100000
tiny,a2c,0.0,1.0,1,0.0,0.561148335763682,35.792791221999686,0.561148335763682,frenet,1,c5d142aeedd81c287e8b9cd206771d2b93e6a642588ba0db7a46798ddeb083c8,a2c-tiny-frenet-seed-1,193.91526059928947,1150000
tiny,a2c,0.0,1.0,1,0.0,0.5621629368099259,35.692677480858045,0.5621629368099259,frenet,1,c5d142aeedd81c287e8b9cd206771d2b93e6a642588ba0db7a46798ddeb083c8,a2c-tiny-frenet-seed-1,202.22797829945557,1200000
tiny,a2c,0.0,1.0,1,0.0,0.5564860277869378,35.1706516782562,0.5564860277869378,frenet,1,c5d142aeedd81c287e8b9cd206771d2b93e6a642588ba0db7a46798ddeb083c8,a2c-tiny-frenet-seed-1,210.35776569952213,1250000
tiny,a2c,0.0,1.0,1,0.0,0.5509872576271932,34.943049509689914,0.5509872576271932,frenet,1,c5d142aeedd81c287e8b9cd206771d2b93e6a642588ba0db7a46798ddeb083c8,a2c-tiny-frenet-seed-1,218.7298267996157,1300000
tiny,a2c,0.0,1.0,1,0.0,0.5538523033095185,34.98823704865598,0.5538523033095185,frenet,1,c5d142aeedd81c287e8b9cd206771d2b93e6a642588ba0db7a46798ddeb083c8,a2c-tiny-frenet-seed-1,227.27756539959955,1350000
tiny,a2c,0.0,1.0,1,0.0,0.5624047265769991,35.64494139199873,0.5624047265769991,frenet,1,c5d142aeedd81c287e8b9cd206771d2b93e6a642588ba0db7a46798ddeb083c8,a2c-tiny-frenet-seed-1,235.14378079959351,1400000
tiny,a2c,1.0,0.0,1,1.0,1.0001007370151869,220.23888797379436,1.0001007370151869,frenet,1,c5d142aeedd81c287e8b9cd206771d2b93e6a642588ba0db7a46798ddeb083c8,a2c-tiny-frenet-seed-1,243.34191419964918,1450000
tiny,a2c,0.0,1.0,1,0.0,0.06667254980435887,-3.7821093784596513,0.06667254980435887,frenet,1,c5d142aeedd81c287e8b9cd206771d2b93e6a642588ba0db7a46798ddeb083c8,a2c-tiny-frenet-seed-1,26.394484400123474,150000
tiny,a2c,1.0,0.0,1,1.0,1.0003316739251509,220.76384308551945,1.0003316739251509,frenet,1,c5d142aeedd81c287e8b9cd206771d2b93e6a642588ba0db7a46798ddeb083c8,a2c-tiny-frenet-seed-1,251.54594089945385,1500000
tiny,a2c,1.0,0.0,1,1.0,1.0000907952114853,220.59837907946076,1.0000907952114853,frenet,1,c5d142aeedd81c287e8b9cd206771d2b93e6a642588ba0db7a46798ddeb083c8,a2c-tiny-frenet-seed-1,260.02094399949783,1550000
tiny,a2c,1.0,0.0,1,1.0,1.0002648867967683,220.47256763693008,1.0002648867967683,frenet,1,c5d142aeedd81c287e8b9cd206771d2b93e6a642588ba0db7a46798ddeb083c8,a2c-tiny-frenet-seed-1,267.91850279951905,1600000
tiny,a2c,1.0,0.0,1,1.0,1.0001784862564986,221.3634112063839,1.0001784862564986,frenet,1,c5d142aeedd81c287e8b9cd206771d2b93e6a642588ba0db7a46798ddeb083c8,a2c-tiny-frenet-seed-1,275.81844949963124,1650000
tiny,a2c,1.0,0.0,1,1.0,1.0002721890211987,222.8091338183661,1.0002721890211987,frenet,1,c5d142aeedd81c287e8b9cd206771d2b93e6a642588ba0db7a46798ddeb083c8,a2c-tiny-frenet-seed-1,283.6108616996462,1700000
tiny,a2c,1.0,0.0,1,1.0,1.0000289047889002,222.34655783905632,1.0000289047889002,frenet,1,c5d142aeedd81c287e8b9cd206771d2b93e6a642588ba0db7a46798ddeb083c8,a2c-tiny-frenet-seed-1,291.7102641996462,1750000
tiny,a2c,1.0,0.0,1,1.0,1.000308281509018,223.75121436594355,1.000308281509018,frenet,1,c5d142aeedd81c287e8b9cd206771d2b93e6a642588ba0db7a46798ddeb083c8,a2c-tiny-frenet-seed-1,299.7628194997633,1800000
tiny,a2c,0.0,1.0,1,0.0,0.681109035974394,44.7699738938735,0.681109035974394,frenet,1,c5d142aeedd81c287e8b9cd206771d2b93e6a642588ba0db7a46798ddeb083c8,a2c-tiny-frenet-seed-1,307.609063499669,1850000
tiny,a2c,0.0,1.0,1,0.0,0.6814214062354293,44.76786543167172,0.6814214062354293,frenet,1,c5d142aeedd81c287e8b9cd206771d2b93e6a642588ba0db7a46798ddeb083c8,a2c-tiny-frenet-seed-1,315.8674306995417,1900000
tiny,a2c,1.0,0.0,1,1.0,1.0002003199124447,223.020512652013,1.0002003199124447,frenet,1,c5d142aeedd81c287e8b9cd206771d2b93e6a642588ba0db7a46798ddeb083c8,a2c-tiny-frenet-seed-1,324.12685359944953,1950000
tiny,a2c,0.0,1.0,1,0.0,0.07570093457943947,-2.8154213235692938,0.07570093457943947,frenet,1,c5d142aeedd81c287e8b9cd206771d2b93e6a642588ba0db7a46798ddeb083c8,a2c-tiny-frenet-seed-1,34.681433399935486,200000
tiny,a2c,1.0,0.0,1,1.0,1.0003324389346038,222.4162926529329,1.0003324389346038,frenet,1,c5d142aeedd81c287e8b9cd206771d2b93e6a642588ba0db7a46798ddeb083c8,a2c-tiny-frenet-seed-1,332.3108483995311,2000000
tiny,a2c,0.0,1.0,1,0.0,0.09413108642419944,-1.2702336373786713,0.09413108642419944,frenet,1,c5d142aeedd81c287e8b9cd206771d2b93e6a642588ba0db7a46798ddeb083c8,a2c-tiny-frenet-seed-1,43.16154059995097,250000
tiny,a2c,0.0,1.0,1,0.0,0.200131547815117,6.920000000000099,0.200131547815117,frenet,1,c5d142aeedd81c287e8b9cd206771d2b93e6a642588ba0db7a46798ddeb083c8,a2c-tiny-frenet-seed-1,51.981993800123746,300000
tiny,a2c,0.0,1.0,1,0.0,0.20974017131266265,7.681121495327101,0.20974017131266265,frenet,1,c5d142aeedd81c287e8b9cd206771d2b93e6a642588ba0db7a46798ddeb083c8,a2c-tiny-frenet-seed-1,60.255058000162535,350000
tiny,a2c,0.0,1.0,1,0.0,0.21230381822622316,8.094953271027947,0.21230381822622316,frenet,1,c5d142aeedd81c287e8b9cd206771d2b93e6a642588ba0db7a46798ddeb083c8,a2c-tiny-frenet-seed-1,68.85543360021984,400000
tiny,a2c,0.0,1.0,1,0.0,0.22592151617139622,9.187423360584473,0.22592151617139622,frenet,1,c5d142aeedd81c287e8b9cd206771d2b93e6a642588ba0db7a46798ddeb083c8,a2c-tiny-frenet-seed-1,77.38452640017204,450000
tiny,a2c,0.0,1.0,1,0.0,0.06589963532832228,-4.62609319573665,0.06589963532832228,frenet,1,c5d142aeedd81c287e8b9cd206771d2b93e6a642588ba0db7a46798ddeb083c8,a2c-tiny-frenet-seed-1,8.668708000157494,50000
tiny,a2c,0.0,1.0,1,0.0,0.4952816948155933,30.197920439259356,0.4952816948155933,frenet,1,c5d142aeedd81c287e8b9cd206771d2b93e6a642588ba0db7a46798ddeb083c8,a2c-tiny-frenet-seed-1,85.5936317000851,500000
tiny,a2c,0.0,1.0,1,0.0,0.5524174728681244,34.5213781754778,0.5524174728681244,frenet,1,c5d142aeedd81c287e8b9cd206771d2b93e6a642588ba0db7a46798ddeb083c8,a2c-tiny-frenet-seed-1,93.7418848999514,550000
tiny,a2c,0.0,1.0,1,0.0,0.5550166949646904,34.780363693451434,0.5550166949646904,frenet,1,c5d142aeedd81c287e8b9cd206771d2b93e6a642588ba0db7a46798ddeb083c8,a2c-tiny-frenet-seed-1,101.83807649987284,600000
tiny,a2c,0.0,1.0,1,0.0,0.5543039715693111,34.82896131465271,0.5543039715693111,frenet,1,c5d142aeedd81c287e8b9cd206771d2b93e6a642588ba0db7a46798ddeb083c8,a2c-tiny-frenet-seed-1,110.01930699992226,650000
tiny,a2c,0.0,1.0,1,0.0,0.5553474538070984,34.89323473716683,0.5553474538070984,frenet,1,c5d142aeedd81c287e8b9cd206771d2b93e6a642588ba0db7a46798ddeb083c8,a2c-tiny-frenet-seed-1,118.20112699982565,700000
tiny,a2c,0.0,1.0,1,0.0,0.5556123787465891,34.960265766458285,0.5556123787465891,frenet,1,c5d142aeedd81c287e8b9cd206771d2b93e6a642588ba0db7a46798ddeb083c8,a2c-tiny-frenet-seed-1,126.46394949992828,750000
tiny,a2c,0.0,1.0,1,0.0,0.5573218652490094,35.16962855136593,0.5573218652490094,frenet,1,c5d142aeedd81c287e8b9cd206771d2b93e6a642588ba0db7a46798ddeb083c8,a2c-tiny-frenet-seed-1,134.74093029978758,800000
tiny,a2c,0.0,1.0,1,0.0,0.5593212544777644,35.60820501955608,0.5593212544777644,frenet,1,c5d142aeedd81c287e8b9cd206771d2b93e6a642588ba0db7a46798ddeb083c8,a2c-tiny-frenet-seed-1,143.85947949973342,850000
tiny,a2c,0.0,1.0,1,0.0,0.5098725224214573,31.598213358449264,0.5098725224214573,frenet,1,c5d142aeedd81c287e8b9cd206771d2b93e6a642588ba0db7a46798ddeb083c8,a2c-tiny-frenet-seed-1,152.46444929961945,900000
tiny,a2c,0.0,1.0,1,0.0,0.5564404117388564,35.281342613786,0.5564404117388564,frenet,1,c5d142aeedd81c287e8b9cd206771d2b93e6a642588ba0db7a46798ddeb083c8,a2c-tiny-frenet-seed-1,160.68274429972735,950000
tiny,a2c,0.0,1.0,1,0.0,0.07810246475924712,-3.666836728321978,0.07810246475924712,frenet,2,982d03dbf5495856ac5a635963e738775633e02a94278b0ddf3508740fa92572,a2c-tiny-frenet-seed-2,16.72462899979655,100000
tiny,a2c,0.0,1.0,1,0.0,0.5088782916975083,31.431577386646055,0.5088782916975083,frenet,2,982d03dbf5495856ac5a635963e738775633e02a94278b0ddf3508740fa92572,a2c-tiny-frenet-seed-2,160.57265240003835,1000000
tiny,a2c,0.0,1.0,1,0.0,0.5090106374168156,31.726405530865875,0.5090106374168156,frenet,2,982d03dbf5495856ac5a635963e738775633e02a94278b0ddf3508740fa92572,a2c-tiny-frenet-seed-2,168.46869450004306,1050000
tiny,a2c,0.0,1.0,1,0.0,0.5069689366899103,31.658891035175728,0.5069689366899103,frenet,2,982d03dbf5495856ac5a635963e738775633e02a94278b0ddf3508740fa92572,a2c-tiny-frenet-seed-2,176.4130951000152,1100000
tiny,a2c,0.0,1.0,1,0.0,0.5549217815048758,35.490723098975785,0.5549217815048758,frenet,2,982d03dbf5495856ac5a635963e738775633e02a94278b0ddf3508740fa92572,a2c-tiny-frenet-seed-2,184.3295735998836,1150000
tiny,a2c,0.0,1.0,1,0.0,0.5559804302336256,35.23847703188176,0.5559804302336256,frenet,2,982d03dbf5495856ac5a635963e738775633e02a94278b0ddf3508740fa92572,a2c-tiny-frenet-seed-2,192.24811239987685,1200000
tiny,a2c,0.0,1.0,1,0.0,0.5571548511941898,35.39555333622082,0.5571548511941898,frenet,2,982d03dbf5495856ac5a635963e738775633e02a94278b0ddf3508740fa92572,a2c-tiny-frenet-seed-2,200.13798909968318,1250000
tiny,a2c,0.0,1.0,1,0.0,0.5563271110887856,35.552814318819614,0.5563271110887856,frenet,2,982d03dbf5495856ac5a635963e738775633e02a94278b0ddf3508740fa92572,a2c-tiny-frenet-seed-2,208.17711879982744,1300000
tiny,a2c,0.0,1.0,1,0.0,0.5545392598131612,35.33925382930305,0.5545392598131612,frenet,2,982d03dbf5495856ac5a635963e738775633e02a94278b0ddf3508740fa92572,a2c-tiny-frenet-seed-2,216.04538259974288,1350000
tiny,a2c,0.0,1.0,1,0.0,0.5571207988943148,35.634658756572215,0.5571207988943148,frenet,2,982d03dbf5495856ac5a635963e738775633e02a94278b0ddf3508740fa92572,a2c-tiny-frenet-seed-2,223.9580890999132,1400000
tiny,a2c,0.0,1.0,1,0.0,0.5563992163540559,35.760692227107086,0.5563992163540559,frenet,2,982d03dbf5495856ac5a635963e738775633e02a94278b0ddf3508740fa92572,a2c-tiny-frenet-seed-2,231.95780060004108,1450000
tiny,a2c,0.0,1.0,1,0.0,0.08224299065420689,-2.9855458588344903,0.08224299065420689,frenet,2,982d03dbf5495856ac5a635963e738775633e02a94278b0ddf3508740fa92572,a2c-tiny-frenet-seed-2,25.05480049984908,150000
tiny,a2c,0.0,1.0,1,0.0,0.5574490634444746,35.86357947555944,0.5574490634444746,frenet,2,982d03dbf5495856ac5a635963e738775633e02a94278b0ddf3508740fa92572,a2c-tiny-frenet-seed-2,239.86789090005914,1500000
tiny,a2c,1.0,0.0,1,1.0,1.0002649921157396,226.15507935063806,1.0002649921157396,frenet,2,982d03dbf5495856ac5a635963e738775633e02a94278b0ddf3508740fa92572,a2c-tiny-frenet-seed-2,247.8084603000716,1550000
tiny,a2c,1.0,0.0,1,1.0,1.000060431400787,229.04898330179347,1.000060431400787,frenet,2,982d03dbf5495856ac5a635963e738775633e02a94278b0ddf3508740fa92572,a2c-tiny-frenet-seed-2,255.7519891999109,1600000
tiny,a2c,0.0,1.0,1,0.0,0.5592908115609406,36.4457693076134,0.5592908115609406,frenet,2,982d03dbf5495856ac5a635963e738775633e02a94278b0ddf3508740fa92572,a2c-tiny-frenet-seed-2,263.67760509995423,1650000
tiny,a2c,0.0,1.0,1,0.0,0.5626736167981246,36.822050329903455,0.5626736167981246,frenet,2,982d03dbf5495856ac5a635963e738775633e02a94278b0ddf3508740fa92572,a2c-tiny-frenet-seed-2,271.78834020021895,1700000
tiny,a2c,0.0,1.0,1,0.0,0.5562798340686839,36.42658129398877,0.5562798340686839,frenet,2,982d03dbf5495856ac5a635963e738775633e02a94278b0ddf3508740fa92572,a2c-tiny-frenet-seed-2,279.79182110008696,1750000
tiny,a2c,0.0,1.0,1,0.0,0.5597315416464027,36.45245337668875,0.5597315416464027,frenet,2,982d03dbf5495856ac5a635963e738775633e02a94278b0ddf3508740fa92572,a2c-tiny-frenet-seed-2,287.9395601000906,1800000
tiny,a2c,0.0,1.0,1,0.0,0.5628558442183675,36.72568007849561,0.5628558442183675,frenet,2,982d03dbf5495856ac5a635963e738775633e02a94278b0ddf3508740fa92572,a2c-tiny-frenet-seed-2,295.9512317002045,1850000
tiny,a2c,0.0,1.0,1,0.0,0.5613277238120165,36.61329078215925,0.5613277238120165,frenet,2,982d03dbf5495856ac5a635963e738775633e02a94278b0ddf3508740fa92572,a2c-tiny-frenet-seed-2,304.2662138003434,1900000
tiny,a2c,0.0,1.0,1,0.0,0.5563074904653548,36.154437371079936,0.5563074904653548,frenet,2,982d03dbf5495856ac5a635963e738775633e02a94278b0ddf3508740fa92572,a2c-tiny-frenet-seed-2,312.2967470003787,1950000
tiny,a2c,0.0,1.0,1,0.0,0.08813769890816836,-2.4549532710281214,0.08813769890816836,frenet,2,982d03dbf5495856ac5a635963e738775633e02a94278b0ddf3508740fa92572,a2c-tiny-frenet-seed-2,33.41590129976248,200000
tiny,a2c,0.0,1.0,1,0.0,0.5634822813707469,36.594443977842005,0.5634822813707469,frenet,2,982d03dbf5495856ac5a635963e738775633e02a94278b0ddf3508740fa92572,a2c-tiny-frenet-seed-2,320.42969260036625,2000000
tiny,a2c,0.0,1.0,1,0.0,0.21144617293613982,6.896856640828203,0.21144617293613982,frenet,2,982d03dbf5495856ac5a635963e738775633e02a94278b0ddf3508740fa92572,a2c-tiny-frenet-seed-2,41.60120879972965,250000
tiny,a2c,0.0,1.0,1,0.0,0.2171984687063126,7.676542711011232,0.2171984687063126,frenet,2,982d03dbf5495856ac5a635963e738775633e02a94278b0ddf3508740fa92572,a2c-tiny-frenet-seed-2,49.73549739966984,300000
tiny,a2c,0.0,1.0,1,0.0,0.22177498352520952,8.17210087992557,0.22177498352520952,frenet,2,982d03dbf5495856ac5a635963e738775633e02a94278b0ddf3508740fa92572,a2c-tiny-frenet-seed-2,57.89014779961872,350000
tiny,a2c,0.0,1.0,1,0.0,0.3516452970387069,18.620209736525965,0.3516452970387069,frenet,2,982d03dbf5495856ac5a635963e738775633e02a94278b0ddf3508740fa92572,a2c-tiny-frenet-seed-2,65.97554669952297,400000
tiny,a2c,0.0,1.0,1,0.0,0.5029574134670377,30.73987852072532,0.5029574134670377,frenet,2,982d03dbf5495856ac5a635963e738775633e02a94278b0ddf3508740fa92572,a2c-tiny-frenet-seed-2,74.03913749948697,450000
tiny,a2c,0.0,1.0,1,0.0,0.07368737543652538,-4.146052591063464,0.07368737543652538,frenet,2,982d03dbf5495856ac5a635963e738775633e02a94278b0ddf3508740fa92572,a2c-tiny-frenet-seed-2,8.374152399901504,50000
tiny,a2c,0.0,1.0,1,0.0,0.5064161819785471,31.02657755396401,0.5064161819785471,frenet,2,982d03dbf5495856ac5a635963e738775633e02a94278b0ddf3508740fa92572,a2c-tiny-frenet-seed-2,81.97185539934799,500000
tiny,a2c,0.0,1.0,1,0.0,0.5013735073153494,30.689258483436447,0.5013735073153494,frenet,2,982d03dbf5495856ac5a635963e738775633e02a94278b0ddf3508740fa92572,a2c-tiny-frenet-seed-2,89.82802609926148,550000
tiny,a2c,0.0,1.0,1,0.0,0.5013892458644111,30.68447831126833,0.5013892458644111,frenet,2,982d03dbf5495856ac5a635963e738775633e02a94278b0ddf3508740fa92572,a2c-tiny-frenet-seed-2,97.6951478993833,600000
tiny,a2c,0.0,1.0,1,0.0,0.5025884218967485,30.707497162839083,0.5025884218967485,frenet,2,982d03dbf5495856ac5a635963e738775633e02a94278b0ddf3508740fa92572,a2c-tiny-frenet-seed-2,105.57156949954879,650000
tiny,a2c,0.0,1.0,1,0.0,0.5050862326096182,30.913823234089833,0.5050862326096182,frenet,2,982d03dbf5495856ac5a635963e738775633e02a94278b0ddf3508740fa92572,a2c-tiny-frenet-seed-2,113.40429469999071,700000
tiny,a2c,0.0,1.0,1,0.0,0.5077662646640452,31.053938934765398,0.5077662646640452,frenet,2,982d03dbf5495856ac5a635963e738775633e02a94278b0ddf3508740fa92572,a2c-tiny-frenet-seed-2,121.31145929997001,750000
tiny,a2c,0.0,1.0,1,0.0,0.5070996483846063,31.160719271545325,0.5070996483846063,frenet,2,982d03dbf5495856ac5a635963e738775633e02a94278b0ddf3508740fa92572,a2c-tiny-frenet-seed-2,129.18238160002875,800000
tiny,a2c,0.0,1.0,1,0.0,0.5557321537326848,35.05195542277814,0.5557321537326848,frenet,2,982d03dbf5495856ac5a635963e738775633e02a94278b0ddf3508740fa92572,a2c-tiny-frenet-seed-2,137.0569989000578,850000
tiny,a2c,0.0,1.0,1,0.0,0.5573040831845935,35.12611204398246,0.5573040831845935,frenet,2,982d03dbf5495856ac5a635963e738775633e02a94278b0ddf3508740fa92572,a2c-tiny-frenet-seed-2,144.9131564999734,900000
tiny,a2c,0.0,1.0,1,0.0,0.5584271239390239,35.3559650294379,0.5584271239390239,frenet,2,982d03dbf5495856ac5a635963e738775633e02a94278b0ddf3508740fa92572,a2c-tiny-frenet-seed-2,152.72282630002883,950000
tiny,a2c,0.0,1.0,1,0.0,0.06898124312971224,-4.079511014271813,0.06898124312971224,frenet,3,4752208ed0db580c4b8c97a576ac48019756f72cdcd97cff0a9df527bd303a53,a2c-tiny-frenet-seed-3,16.801193199964473,100000
tiny,a2c,0.0,1.0,1,0.0,0.503692535586284,31.186521124801438,0.503692535586284,frenet,3,4752208ed0db580c4b8c97a576ac48019756f72cdcd97cff0a9df527bd303a53,a2c-tiny-frenet-seed-3,165.44723489966418,1000000
tiny,a2c,0.0,1.0,1,0.0,0.5519319252089857,35.00129798954635,0.5519319252089857,frenet,3,4752208ed0db580c4b8c97a576ac48019756f72cdcd97cff0a9df527bd303a53,a2c-tiny-frenet-seed-3,174.406687299841,1050000
tiny,a2c,0.0,1.0,1,0.0,0.5047945599185227,31.33751334258666,0.5047945599185227,frenet,3,4752208ed0db580c4b8c97a576ac48019756f72cdcd97cff0a9df527bd303a53,a2c-tiny-frenet-seed-3,182.5401816996964,1100000
tiny,a2c,0.0,1.0,1,0.0,0.5025239480674811,31.30059389031372,0.5025239480674811,frenet,3,4752208ed0db580c4b8c97a576ac48019756f72cdcd97cff0a9df527bd303a53,a2c-tiny-frenet-seed-3,190.49076059975778,1150000
tiny,a2c,0.0,1.0,1,0.0,0.5051568135355199,31.500474865768012,0.5051568135355199,frenet,3,4752208ed0db580c4b8c97a576ac48019756f72cdcd97cff0a9df527bd303a53,a2c-tiny-frenet-seed-3,198.50824459986688,1200000
tiny,a2c,0.0,1.0,1,0.0,0.5107795334142562,31.768222333064358,0.5107795334142562,frenet,3,4752208ed0db580c4b8c97a576ac48019756f72cdcd97cff0a9df527bd303a53,a2c-tiny-frenet-seed-3,206.41756779995558,1250000
tiny,a2c,0.0,1.0,1,0.0,0.5562160327180246,35.42424911291817,0.5562160327180246,frenet,3,4752208ed0db580c4b8c97a576ac48019756f72cdcd97cff0a9df527bd303a53,a2c-tiny-frenet-seed-3,214.35112409998328,1300000
tiny,a2c,0.0,1.0,1,0.0,0.5596473835747495,35.532593821164525,0.5596473835747495,frenet,3,4752208ed0db580c4b8c97a576ac48019756f72cdcd97cff0a9df527bd303a53,a2c-tiny-frenet-seed-3,223.27080910006407,1350000
tiny,a2c,0.0,1.0,1,0.0,0.5630720266847702,35.83484526040172,0.5630720266847702,frenet,3,4752208ed0db580c4b8c97a576ac48019756f72cdcd97cff0a9df527bd303a53,a2c-tiny-frenet-seed-3,231.36613370003033,1400000
tiny,a2c,1.0,0.0,1,1.0,1.0000131220734119,223.18378514606744,1.0000131220734119,frenet,3,4752208ed0db580c4b8c97a576ac48019756f72cdcd97cff0a9df527bd303a53,a2c-tiny-frenet-seed-3,239.2307698998593,1450000
tiny,a2c,0.0,1.0,1,0.0,0.07250728660490699,-3.403738317756882,0.07250728660490699,frenet,3,4752208ed0db580c4b8c97a576ac48019756f72cdcd97cff0a9df527bd303a53,a2c-tiny-frenet-seed-3,25.356392299905565,150000
tiny,a2c,0.0,1.0,1,0.0,0.5609497831455716,35.89859157725564,0.5609497831455716,frenet,3,4752208ed0db580c4b8c97a576ac48019756f72cdcd97cff0a9df527bd303a53,a2c-tiny-frenet-seed-3,247.05956649995278,1500000
tiny,a2c,0.0,1.0,1,0.0,0.5537560236550453,35.348296192115825,0.5537560236550453,frenet,3,4752208ed0db580c4b8c97a576ac48019756f72cdcd97cff0a9df527bd303a53,a2c-tiny-frenet-seed-3,254.9570867000948,1550000
tiny,a2c,0.0,1.0,1,0.0,0.5592679585820318,35.53247880640507,0.5592679585820318,frenet,3,4752208ed0db580c4b8c97a576ac48019756f72cdcd97cff0a9df527bd303a53,a2c-tiny-frenet-seed-3,262.8909490999649,1600000
tiny,a2c,1.0,0.0,1,1.0,1.0000169566708768,219.58442477303333,1.0000169566708768,frenet,3,4752208ed0db580c4b8c97a576ac48019756f72cdcd97cff0a9df527bd303a53,a2c-tiny-frenet-seed-3,271.80921049997414,1650000
tiny,a2c,0.0,1.0,1,0.0,0.5529935929600982,35.34271569784552,0.5529935929600982,frenet,3,4752208ed0db580c4b8c97a576ac48019756f72cdcd97cff0a9df527bd303a53,a2c-tiny-frenet-seed-3,279.8837757000292,1700000
tiny,a2c,0.0,1.0,1,0.0,0.5107910727808795,32.32639996585067,0.5107910727808795,frenet,3,4752208ed0db580c4b8c97a576ac48019756f72cdcd97cff0a9df527bd303a53,a2c-tiny-frenet-seed-3,287.80440779996206,1750000
tiny,a2c,0.0,1.0,1,0.0,0.5532501814982619,35.68790339048201,0.5532501814982619,frenet,3,4752208ed0db580c4b8c97a576ac48019756f72cdcd97cff0a9df527bd303a53,a2c-tiny-frenet-seed-3,295.6927598999355,1800000
tiny,a2c,1.0,0.0,1,1.0,1.000100121651509,224.59042364797008,1.000100121651509,frenet,3,4752208ed0db580c4b8c97a576ac48019756f72cdcd97cff0a9df527bd303a53,a2c-tiny-frenet-seed-3,303.65661929977796,1850000
tiny,a2c,0.0,1.0,1,0.0,0.7437543464107563,50.01255067322,0.7437543464107563,frenet,3,4752208ed0db580c4b8c97a576ac48019756f72cdcd97cff0a9df527bd303a53,a2c-tiny-frenet-seed-3,311.51967439961663,1900000
tiny,a2c,0.0,1.0,1,0.0,0.5513721497895688,35.822134567359576,0.5513721497895688,frenet,3,4752208ed0db580c4b8c97a576ac48019756f72cdcd97cff0a9df527bd303a53,a2c-tiny-frenet-seed-3,320.60103429980154,1950000
tiny,a2c,0.0,1.0,1,0.0,0.0736615503143653,-2.9807517860203863,0.0736615503143653,frenet,3,4752208ed0db580c4b8c97a576ac48019756f72cdcd97cff0a9df527bd303a53,a2c-tiny-frenet-seed-3,33.887935400136485,200000
tiny,a2c,0.0,1.0,1,0.0,0.5497221475642238,35.65576187238578,0.5497221475642238,frenet,3,4752208ed0db580c4b8c97a576ac48019756f72cdcd97cff0a9df527bd303a53,a2c-tiny-frenet-seed-3,328.6498054998301,2000000
tiny,a2c,0.0,1.0,1,0.0,0.0800761673928112,-2.1449933820513807,0.0800761673928112,frenet,3,4752208ed0db580c4b8c97a576ac48019756f72cdcd97cff0a9df527bd303a53,a2c-tiny-frenet-seed-3,42.57549499990637,250000
tiny,a2c,0.0,1.0,1,0.0,0.08504121720444255,-1.6687850467289609,0.08504121720444255,frenet,3,4752208ed0db580c4b8c97a576ac48019756f72cdcd97cff0a9df527bd303a53,a2c-tiny-frenet-seed-3,51.14672679982323,300000
tiny,a2c,0.0,1.0,1,0.0,0.20987428910880693,8.018355321953363,0.20987428910880693,frenet,3,4752208ed0db580c4b8c97a576ac48019756f72cdcd97cff0a9df527bd303a53,a2c-tiny-frenet-seed-3,59.50888269980351,350000
tiny,a2c,0.0,1.0,1,0.0,0.21599190556050765,8.477347408124212,0.21599190556050765,frenet,3,4752208ed0db580c4b8c97a576ac48019756f72cdcd97cff0a9df527bd303a53,a2c-tiny-frenet-seed-3,67.71312889950059,400000
tiny,a2c,0.0,1.0,1,0.0,0.36554447100741666,19.888375121065224,0.36554447100741666,frenet,3,4752208ed0db580c4b8c97a576ac48019756f72cdcd97cff0a9df527bd303a53,a2c-tiny-frenet-seed-3,76.6278349995373,450000
tiny,a2c,0.0,1.0,1,0.0,0.07289719626168373,-4.279886012684974,0.07289719626168373,frenet,3,4752208ed0db580c4b8c97a576ac48019756f72cdcd97cff0a9df527bd303a53,a2c-tiny-frenet-seed-3,8.298934600054054,50000
tiny,a2c,0.0,1.0,1,0.0,0.49924754000064336,30.475903304061376,0.49924754000064336,frenet,3,4752208ed0db580c4b8c97a576ac48019756f72cdcd97cff0a9df527bd303a53,a2c-tiny-frenet-seed-3,85.06929139971908,500000
tiny,a2c,0.0,1.0,1,0.0,0.4983934829114613,30.438516303807617,0.4983934829114613,frenet,3,4752208ed0db580c4b8c97a576ac48019756f72cdcd97cff0a9df527bd303a53,a2c-tiny-frenet-seed-3,93.02431329967294,550000
tiny,a2c,0.0,1.0,1,0.0,0.4993245837509852,30.66326121019688,0.4993245837509852,frenet,3,4752208ed0db580c4b8c97a576ac48019756f72cdcd97cff0a9df527bd303a53,a2c-tiny-frenet-seed-3,100.8796920997338,600000
tiny,a2c,0.0,1.0,1,0.0,0.49689662893787706,30.5985888506302,0.49689662893787706,frenet,3,4752208ed0db580c4b8c97a576ac48019756f72cdcd97cff0a9df527bd303a53,a2c-tiny-frenet-seed-3,108.83238069995423,650000
tiny,a2c,0.0,1.0,1,0.0,0.5033540480340783,31.126020992672963,0.5033540480340783,frenet,3,4752208ed0db580c4b8c97a576ac48019756f72cdcd97cff0a9df527bd303a53,a2c-tiny-frenet-seed-3,116.75518949989419,700000
tiny,a2c,0.0,1.0,1,0.0,0.5012891143183349,31.03263622890858,0.5012891143183349,frenet,3,4752208ed0db580c4b8c97a576ac48019756f72cdcd97cff0a9df527bd303a53,a2c-tiny-frenet-seed-3,125.6940098999039,750000
tiny,a2c,0.0,1.0,1,0.0,0.49884043286985297,30.871025542043277,0.49884043286985297,frenet,3,4752208ed0db580c4b8c97a576ac48019756f72cdcd97cff0a9df527bd303a53,a2c-tiny-frenet-seed-3,133.78455159989244,800000
tiny,a2c,0.0,1.0,1,0.0,0.49099175064647843,30.26861772515177,0.49099175064647843,frenet,3,4752208ed0db580c4b8c97a576ac48019756f72cdcd97cff0a9df527bd303a53,a2c-tiny-frenet-seed-3,141.73986279982273,850000
tiny,a2c,0.0,1.0,1,0.0,0.5009606223656027,30.911478905099052,0.5009606223656027,frenet,3,4752208ed0db580c4b8c97a576ac48019756f72cdcd97cff0a9df527bd303a53,a2c-tiny-frenet-seed-3,149.65027129960072,900000
tiny,a2c,0.0,1.0,1,0.0,0.5025696473766822,31.162092827849804,0.5025696473766822,frenet,3,4752208ed0db580c4b8c97a576ac48019756f72cdcd97cff0a9df527bd303a53,a2c-tiny-frenet-seed-3,157.55364299956273,950000
tiny,a2c,0.0,1.0,1,0.0,0.08053833796293028,-3.5916936544123717,0.08053833796293028,frenet,4,9e42cd038bb0428a07f6e882d8286bcb51004b8b355cdad9c8da4c0cfeec39b7,a2c-tiny-frenet-seed-4,16.365070899701095,100000
tiny,a2c,0.0,1.0,1,0.0,0.5043745130807465,31.299487665477507,0.5043745130807465,frenet,4,9e42cd038bb0428a07f6e882d8286bcb51004b8b355cdad9c8da4c0cfeec39b7,a2c-tiny-frenet-seed-4,165.1723681000367,1000000
tiny,a2c,0.0,1.0,1,0.0,0.5089528912981112,31.585424821091962,0.5089528912981112,frenet,4,9e42cd038bb0428a07f6e882d8286bcb51004b8b355cdad9c8da4c0cfeec39b7,a2c-tiny-frenet-seed-4,174.26106710004024,1050000
tiny,a2c,0.0,1.0,1,0.0,0.508073424140501,31.561671429705257,0.508073424140501,frenet,4,9e42cd038bb0428a07f6e882d8286bcb51004b8b355cdad9c8da4c0cfeec39b7,a2c-tiny-frenet-seed-4,182.26887190031994,1100000
tiny,a2c,0.0,1.0,1,0.0,0.5068489545929715,31.525461689326647,0.5068489545929715,frenet,4,9e42cd038bb0428a07f6e882d8286bcb51004b8b355cdad9c8da4c0cfeec39b7,a2c-tiny-frenet-seed-4,190.19649650026986,1150000
tiny,a2c,0.0,1.0,1,0.0,0.5109729504025656,31.921838337615462,0.5109729504025656,frenet,4,9e42cd038bb0428a07f6e882d8286bcb51004b8b355cdad9c8da4c0cfeec39b7,a2c-tiny-frenet-seed-4,198.03520270019362,1200000
tiny,a2c,0.0,1.0,1,0.0,0.553366856909394,35.175042162446005,0.553366856909394,frenet,4,9e42cd038bb0428a07f6e882d8286bcb51004b8b355cdad9c8da4c0cfeec39b7,a2c-tiny-frenet-seed-4,205.95627010013413,1250000
tiny,a2c,0.0,1.0,1,0.0,0.5574847276794226,35.461825671275726,0.5574847276794226,frenet,4,9e42cd038bb0428a07f6e882d8286bcb51004b8b355cdad9c8da4c0cfeec39b7,a2c-tiny-frenet-seed-4,214.55825939992428,1300000
tiny,a2c,0.0,1.0,1,0.0,0.5571751725422744,35.6318195085428,0.5571751725422744,frenet,4,9e42cd038bb0428a07f6e882d8286bcb51004b8b355cdad9c8da4c0cfeec39b7,a2c-tiny-frenet-seed-4,223.608366599874,1350000
tiny,a2c,0.0,1.0,1,0.0,0.5087640552796936,31.577885843408218,0.5087640552796936,frenet,4,9e42cd038bb0428a07f6e882d8286bcb51004b8b355cdad9c8da4c0cfeec39b7,a2c-tiny-frenet-seed-4,231.53676470011487,1400000
tiny,a2c,0.0,1.0,1,0.0,0.5514970848159879,35.154408796193266,0.5514970848159879,frenet,4,9e42cd038bb0428a07f6e882d8286bcb51004b8b355cdad9c8da4c0cfeec39b7,a2c-tiny-frenet-seed-4,239.45043220030493,1450000
tiny,a2c,0.0,1.0,1,0.0,0.08983344479607636,-2.462014086661818,0.08983344479607636,frenet,4,9e42cd038bb0428a07f6e882d8286bcb51004b8b355cdad9c8da4c0cfeec39b7,a2c-tiny-frenet-seed-4,24.706214099664066,150000
tiny,a2c,0.0,1.0,1,0.0,0.5544783496357036,35.2100445540674,0.5544783496357036,frenet,4,9e42cd038bb0428a07f6e882d8286bcb51004b8b355cdad9c8da4c0cfeec39b7,a2c-tiny-frenet-seed-4,247.31256640018546,1500000
tiny,a2c,1.0,0.0,1,1.0,1.0002366287873794,223.63129379935606,1.0002366287873794,frenet,4,9e42cd038bb0428a07f6e882d8286bcb51004b8b355cdad9c8da4c0cfeec39b7,a2c-tiny-frenet-seed-4,255.27067910003825,1550000
tiny,a2c,0.0,1.0,1,0.0,0.56493599121303,36.32883500618907,0.56493599121303,frenet,4,9e42cd038bb0428a07f6e882d8286bcb51004b8b355cdad9c8da4c0cfeec39b7,a2c-tiny-frenet-seed-4,263.4493033000508,1600000
tiny,a2c,0.0,1.0,1,0.0,0.554502263285208,35.53006377481682,0.554502263285208,frenet,4,9e42cd038bb0428a07f6e882d8286bcb51004b8b355cdad9c8da4c0cfeec39b7,a2c-tiny-frenet-seed-4,272.52247300011004,1650000
tiny,a2c,1.0,0.0,1,1.0,1.00006384130362,226.30867718155022,1.00006384130362,frenet,4,9e42cd038bb0428a07f6e882d8286bcb51004b8b355cdad9c8da4c0cfeec39b7,a2c-tiny-frenet-seed-4,280.4959647001997,1700000
tiny,a2c,1.0,0.0,1,1.0,1.0001789778207058,226.97888174235555,1.0001789778207058,frenet,4,9e42cd038bb0428a07f6e882d8286bcb51004b8b355cdad9c8da4c0cfeec39b7,a2c-tiny-frenet-seed-4,288.46835880015715,1750000
tiny,a2c,0.0,1.0,1,0.0,0.6905499252952239,46.055628193597364,0.6905499252952239,frenet,4,9e42cd038bb0428a07f6e882d8286bcb51004b8b355cdad9c8da4c0cfeec39b7,a2c-tiny-frenet-seed-4,296.36011090019383,1800000
tiny,a2c,0.0,1.0,1,0.0,0.6880295558984522,46.0034161918184,0.6880295558984522,frenet,4,9e42cd038bb0428a07f6e882d8286bcb51004b8b355cdad9c8da4c0cfeec39b7,a2c-tiny-frenet-seed-4,304.74371110013817,1850000
tiny,a2c,1.0,0.0,1,1.0,1.0001795825152273,228.11883479848632,1.0001795825152273,frenet,4,9e42cd038bb0428a07f6e882d8286bcb51004b8b355cdad9c8da4c0cfeec39b7,a2c-tiny-frenet-seed-4,313.2428012002092,1900000
tiny,a2c,1.0,0.0,1,1.0,1.0002109484748565,225.8639028317923,1.0002109484748565,frenet,4,9e42cd038bb0428a07f6e882d8286bcb51004b8b355cdad9c8da4c0cfeec39b7,a2c-tiny-frenet-seed-4,321.2887777001779,1950000
tiny,a2c,0.0,1.0,1,0.0,0.09854063544296912,-1.4561688330874265,0.09854063544296912,frenet,4,9e42cd038bb0428a07f6e882d8286bcb51004b8b355cdad9c8da4c0cfeec39b7,a2c-tiny-frenet-seed-4,33.199750199724804,200000
tiny,a2c,1.0,0.0,1,1.0,1.0003371996287036,225.19468547193028,1.0003371996287036,frenet,4,9e42cd038bb0428a07f6e882d8286bcb51004b8b355cdad9c8da4c0cfeec39b7,a2c-tiny-frenet-seed-4,329.0484429001299,2000000
tiny,a2c,0.0,1.0,1,0.0,0.09185329518396274,-1.6727547040566249,0.09185329518396274,frenet,4,9e42cd038bb0428a07f6e882d8286bcb51004b8b355cdad9c8da4c0cfeec39b7,a2c-tiny-frenet-seed-4,42.25237559969537,250000
tiny,a2c,0.0,1.0,1,0.0,0.18411214953271124,5.497205983884745,0.18411214953271124,frenet,4,9e42cd038bb0428a07f6e882d8286bcb51004b8b355cdad9c8da4c0cfeec39b7,a2c-tiny-frenet-seed-4,51.48126899979252,300000
tiny,a2c,0.0,1.0,1,0.0,0.224088820247756,8.916823755870846,0.224088820247756,frenet,4,9e42cd038bb0428a07f6e882d8286bcb51004b8b355cdad9c8da4c0cfeec39b7,a2c-tiny-frenet-seed-4,59.76331779987595,350000
tiny,a2c,0.0,1.0,1,0.0,0.48408732817170574,30.462679980916604,0.48408732817170574,frenet,4,9e42cd038bb0428a07f6e882d8286bcb51004b8b355cdad9c8da4c0cfeec39b7,a2c-tiny-frenet-seed-4,67.90751249991445,400000
tiny,a2c,0.0,1.0,1,0.0,0.3033141489176867,15.214300553788366,0.3033141489176867,frenet,4,9e42cd038bb0428a07f6e882d8286bcb51004b8b355cdad9c8da4c0cfeec39b7,a2c-tiny-frenet-seed-4,75.94952649987317,450000
tiny,a2c,0.0,1.0,1,0.0,0.07663551401869095,-4.306629216102369,0.07663551401869095,frenet,4,9e42cd038bb0428a07f6e882d8286bcb51004b8b355cdad9c8da4c0cfeec39b7,a2c-tiny-frenet-seed-4,8.140800300017872,50000
tiny,a2c,0.0,1.0,1,0.0,0.49636679211392903,30.474521614384145,0.49636679211392903,frenet,4,9e42cd038bb0428a07f6e882d8286bcb51004b8b355cdad9c8da4c0cfeec39b7,a2c-tiny-frenet-seed-4,84.06635619981535,500000
tiny,a2c,0.0,1.0,1,0.0,0.49791307551751707,30.64931159717642,0.49791307551751707,frenet,4,9e42cd038bb0428a07f6e882d8286bcb51004b8b355cdad9c8da4c0cfeec39b7,a2c-tiny-frenet-seed-4,92.5510100998763,550000
tiny,a2c,0.0,1.0,1,0.0,0.4967490178499977,30.559862392528018,0.4967490178499977,frenet,4,9e42cd038bb0428a07f6e882d8286bcb51004b8b355cdad9c8da4c0cfeec39b7,a2c-tiny-frenet-seed-4,100.54467859976285,600000
tiny,a2c,0.0,1.0,1,0.0,0.5004123348623493,30.843352243176724,0.5004123348623493,frenet,4,9e42cd038bb0428a07f6e882d8286bcb51004b8b355cdad9c8da4c0cfeec39b7,a2c-tiny-frenet-seed-4,108.51210859972343,650000
tiny,a2c,0.0,1.0,1,0.0,0.5009504040605519,30.905512219041192,0.5009504040605519,frenet,4,9e42cd038bb0428a07f6e882d8286bcb51004b8b355cdad9c8da4c0cfeec39b7,a2c-tiny-frenet-seed-4,116.4079932997156,700000
tiny,a2c,0.0,1.0,1,0.0,0.49926310273522323,30.877717020546676,0.49926310273522323,frenet,4,9e42cd038bb0428a07f6e882d8286bcb51004b8b355cdad9c8da4c0cfeec39b7,a2c-tiny-frenet-seed-4,125.4152089998679,750000
tiny,a2c,0.0,1.0,1,0.0,0.4992147121091802,30.87267987317299,0.4992147121091802,frenet,4,9e42cd038bb0428a07f6e882d8286bcb51004b8b355cdad9c8da4c0cfeec39b7,a2c-tiny-frenet-seed-4,133.3589680999903,800000
tiny,a2c,0.0,1.0,1,0.0,0.5014468473154167,30.91024986412451,0.5014468473154167,frenet,4,9e42cd038bb0428a07f6e882d8286bcb51004b8b355cdad9c8da4c0cfeec39b7,a2c-tiny-frenet-seed-4,141.2967751999713,850000
tiny,a2c,0.0,1.0,1,0.0,0.5003245047566752,30.88579147777461,0.5003245047566752,frenet,4,9e42cd038bb0428a07f6e882d8286bcb51004b8b355cdad9c8da4c0cfeec39b7,a2c-tiny-frenet-seed-4,149.12800519998564,900000
tiny,a2c,0.0,1.0,1,0.0,0.4995088046323078,30.891435539963418,0.4995088046323078,frenet,4,9e42cd038bb0428a07f6e882d8286bcb51004b8b355cdad9c8da4c0cfeec39b7,a2c-tiny-frenet-seed-4,157.0186434000425,950000
large,ppo,1.0,0.0,1,1.0,1.0001828813846505,226.03395775289823,1.0001828813846505,frenet,0,19c65cb305ec820fb7609f284e6365709bf0ace944cc655428903eb3096063b0,ppo-large-frenet-seed-0,25.673461300062627,100000
large,ppo,1.0,0.0,1,1.0,1.000372575001547,225.2992987814451,1.000372575001547,frenet,0,19c65cb305ec820fb7609f284e6365709bf0ace944cc655428903eb3096063b0,ppo-large-frenet-seed-0,253.53925729963157,1000000
large,ppo,1.0,0.0,1,1.0,1.0002939136370117,224.7189640799875,1.0002939136370117,frenet,0,19c65cb305ec820fb7609f284e6365709bf0ace944cc655428903eb3096063b0,ppo-large-frenet-seed-0,265.8892386994812,1050000
large,ppo,1.0,0.0,1,1.0,1.000037895003694,224.44477246588355,1.000037895003694,frenet,0,19c65cb305ec820fb7609f284e6365709bf0ace944cc655428903eb3096063b0,ppo-large-frenet-seed-0,278.4103802994032,1100000
large,ppo,1.0,0.0,1,1.0,1.0000410694628092,222.10367080795655,1.0000410694628092,frenet,0,19c65cb305ec820fb7609f284e6365709bf0ace944cc655428903eb3096063b0,ppo-large-frenet-seed-0,290.6719737994026,1150000
large,ppo,1.0,0.0,1,1.0,1.0003882111179896,226.33346201121228,1.0003882111179896,frenet,0,19c65cb305ec820fb7609f284e6365709bf0ace944cc655428903eb3096063b0,ppo-large-frenet-seed-0,303.25866629938173,1200000
large,ppo,1.0,0.0,1,1.0,1.0003187339003465,230.36703931991966,1.0003187339003465,frenet,0,19c65cb305ec820fb7609f284e6365709bf0ace944cc655428903eb3096063b0,ppo-large-frenet-seed-0,315.775544699427,1250000
large,ppo,1.0,0.0,1,1.0,1.0001421283855627,229.23086141760126,1.0001421283855627,frenet,0,19c65cb305ec820fb7609f284e6365709bf0ace944cc655428903eb3096063b0,ppo-large-frenet-seed-0,328.1892159994495,1300000
large,ppo,1.0,0.0,1,1.0,1.0003040987858471,225.83062553333457,1.0003040987858471,frenet,0,19c65cb305ec820fb7609f284e6365709bf0ace944cc655428903eb3096063b0,ppo-large-frenet-seed-0,340.66578249944723,1350000
large,ppo,1.0,0.0,1,1.0,1.0003255261714814,226.36902496384775,1.0003255261714814,frenet,0,19c65cb305ec820fb7609f284e6365709bf0ace944cc655428903eb3096063b0,ppo-large-frenet-seed-0,353.27651189952303,1400000
large,ppo,1.0,0.0,1,1.0,1.000331059786608,227.41055023227392,1.000331059786608,frenet,0,19c65cb305ec820fb7609f284e6365709bf0ace944cc655428903eb3096063b0,ppo-large-frenet-seed-0,365.8470979994381,1450000
large,ppo,1.0,0.0,1,1.0,1.0004067482898633,230.23505584568215,1.0004067482898633,frenet,0,19c65cb305ec820fb7609f284e6365709bf0ace944cc655428903eb3096063b0,ppo-large-frenet-seed-0,38.75646059997962,150000
large,ppo,1.0,0.0,1,1.0,1.0001848907835942,222.0760925567293,1.0001848907835942,frenet,0,19c65cb305ec820fb7609f284e6365709bf0ace944cc655428903eb3096063b0,ppo-large-frenet-seed-0,378.0955008992787,1500000
large,ppo,1.0,0.0,1,1.0,1.0003078098581515,226.27131900074943,1.0003078098581515,frenet,0,19c65cb305ec820fb7609f284e6365709bf0ace944cc655428903eb3096063b0,ppo-large-frenet-seed-0,390.442589899234,1550000
large,ppo,1.0,0.0,1,1.0,1.0003740563720953,224.40311103588283,1.0003740563720953,frenet,0,19c65cb305ec820fb7609f284e6365709bf0ace944cc655428903eb3096063b0,ppo-large-frenet-seed-0,403.1818962990619,1600000
large,ppo,1.0,0.0,1,1.0,1.0003107571925423,218.59357843441143,1.0003107571925423,frenet,0,19c65cb305ec820fb7609f284e6365709bf0ace944cc655428903eb3096063b0,ppo-large-frenet-seed-0,415.80218979913116,1650000
large,ppo,1.0,0.0,1,1.0,1.0002988864277405,218.13811592005865,1.0002988864277405,frenet,0,19c65cb305ec820fb7609f284e6365709bf0ace944cc655428903eb3096063b0,ppo-large-frenet-seed-0,428.2421088991978,1700000
large,ppo,1.0,0.0,1,1.0,1.000108974713652,217.75501142487303,1.000108974713652,frenet,0,19c65cb305ec820fb7609f284e6365709bf0ace944cc655428903eb3096063b0,ppo-large-frenet-seed-0,440.62238399922353,1750000
large,ppo,1.0,0.0,1,1.0,1.0003456172277396,216.6184145392622,1.0003456172277396,frenet,0,19c65cb305ec820fb7609f284e6365709bf0ace944cc655428903eb3096063b0,ppo-large-frenet-seed-0,452.9458259992789,1800000
large,ppo,1.0,0.0,1,1.0,1.0002639871260084,215.57152128485973,1.0002639871260084,frenet,0,19c65cb305ec820fb7609f284e6365709bf0ace944cc655428903eb3096063b0,ppo-large-frenet-seed-0,466.5195126994149,1850000
large,ppo,1.0,0.0,1,1.0,1.0003829564588886,223.93782894798585,1.0003829564588886,frenet,0,19c65cb305ec820fb7609f284e6365709bf0ace944cc655428903eb3096063b0,ppo-large-frenet-seed-0,478.9035719992862,1900000
large,ppo,1.0,0.0,1,1.0,1.0002288513349362,224.9314506619227,1.0002288513349362,frenet,0,19c65cb305ec820fb7609f284e6365709bf0ace944cc655428903eb3096063b0,ppo-large-frenet-seed-0,491.4957792993773,1950000
large,ppo,1.0,0.0,1,1.0,1.0001146102982803,232.18676358610372,1.0001146102982803,frenet,0,19c65cb305ec820fb7609f284e6365709bf0ace944cc655428903eb3096063b0,ppo-large-frenet-seed-0,51.34359330020379,200000
large,ppo,1.0,0.0,1,1.0,1.0003619952695886,224.00534352998176,1.0003619952695886,frenet,0,19c65cb305ec820fb7609f284e6365709bf0ace944cc655428903eb3096063b0,ppo-large-frenet-seed-0,503.8675035993547,2000000
large,ppo,1.0,0.0,1,1.0,1.0001704822225168,234.0373015521585,1.0001704822225168,frenet,0,19c65cb305ec820fb7609f284e6365709bf0ace944cc655428903eb3096063b0,ppo-large-frenet-seed-0,64.40540110009533,250000
large,ppo,1.0,0.0,1,1.0,1.000196317072616,230.8487798215014,1.000196317072616,frenet,0,19c65cb305ec820fb7609f284e6365709bf0ace944cc655428903eb3096063b0,ppo-large-frenet-seed-0,77.08745480005018,300000
large,ppo,1.0,0.0,1,1.0,1.0003515468199289,228.07333300743593,1.0003515468199289,frenet,0,19c65cb305ec820fb7609f284e6365709bf0ace944cc655428903eb3096063b0,ppo-large-frenet-seed-0,90.02789620009571,350000
large,ppo,1.0,0.0,1,1.0,1.0001063399143897,228.40858659164354,1.0001063399143897,frenet,0,19c65cb305ec820fb7609f284e6365709bf0ace944cc655428903eb3096063b0,ppo-large-frenet-seed-0,102.81234890000269,400000
large,ppo,1.0,0.0,1,1.0,1.000201496117338,230.03674497057932,1.000201496117338,frenet,0,19c65cb305ec820fb7609f284e6365709bf0ace944cc655428903eb3096063b0,ppo-large-frenet-seed-0,116.70348149987694,450000
large,ppo,1.0,0.0,1,1.0,1.0003560074448197,215.72412447402948,1.0003560074448197,frenet,0,19c65cb305ec820fb7609f284e6365709bf0ace944cc655428903eb3096063b0,ppo-large-frenet-seed-0,12.736222999901656,50000
large,ppo,1.0,0.0,1,1.0,1.000100048933249,228.49954932263083,1.000100048933249,frenet,0,19c65cb305ec820fb7609f284e6365709bf0ace944cc655428903eb3096063b0,ppo-large-frenet-seed-0,129.39872409973032,500000
large,ppo,1.0,0.0,1,1.0,1.0001485925602458,223.96878241114842,1.0001485925602458,frenet,0,19c65cb305ec820fb7609f284e6365709bf0ace944cc655428903eb3096063b0,ppo-large-frenet-seed-0,141.7621879997023,550000
large,ppo,1.0,0.0,1,1.0,1.0003381290280704,221.51375118181164,1.0003381290280704,frenet,0,19c65cb305ec820fb7609f284e6365709bf0ace944cc655428903eb3096063b0,ppo-large-frenet-seed-0,154.13274099986302,600000
large,ppo,1.0,0.0,1,1.0,1.0001208345451666,222.17781368670066,1.0001208345451666,frenet,0,19c65cb305ec820fb7609f284e6365709bf0ace944cc655428903eb3096063b0,ppo-large-frenet-seed-0,166.6371940997633,650000
large,ppo,1.0,0.0,1,1.0,1.0002259404100455,220.74383354533938,1.0002259404100455,frenet,0,19c65cb305ec820fb7609f284e6365709bf0ace944cc655428903eb3096063b0,ppo-large-frenet-seed-0,178.91718979971483,700000
large,ppo,1.0,0.0,1,1.0,1.0002946717371937,220.11117566507374,1.0002946717371937,frenet,0,19c65cb305ec820fb7609f284e6365709bf0ace944cc655428903eb3096063b0,ppo-large-frenet-seed-0,191.48710269979347,750000
large,ppo,1.0,0.0,1,1.0,1.0003517225118703,222.6767955535075,1.0003517225118703,frenet,0,19c65cb305ec820fb7609f284e6365709bf0ace944cc655428903eb3096063b0,ppo-large-frenet-seed-0,203.8314746999058,800000
large,ppo,1.0,0.0,1,1.0,1.0000045386070628,222.70779693715872,1.0000045386070628,frenet,0,19c65cb305ec820fb7609f284e6365709bf0ace944cc655428903eb3096063b0,ppo-large-frenet-seed-0,216.37145069963663,850000
large,ppo,1.0,0.0,1,1.0,1.0001715443133479,223.83725486407172,1.0001715443133479,frenet,0,19c65cb305ec820fb7609f284e6365709bf0ace944cc655428903eb3096063b0,ppo-large-frenet-seed-0,228.6917791997039,900000
large,ppo,1.0,0.0,1,1.0,1.000016104195066,222.2464593682658,1.000016104195066,frenet,0,19c65cb305ec820fb7609f284e6365709bf0ace944cc655428903eb3096063b0,ppo-large-frenet-seed-0,241.0882716996639,950000
large,ppo,1.0,0.0,1,1.0,1.0001948217577799,227.25195152826575,1.0001948217577799,frenet,1,4f31e73a744b7def05eaf4196b13f59ee601c3b2379cd8a5d02cbf9d296ee3cb,ppo-large-frenet-seed-1,24.860630400005903,100000
large,ppo,1.0,0.0,1,1.0,1.000291036133603,228.38440224053903,1.000291036133603,frenet,1,4f31e73a744b7def05eaf4196b13f59ee601c3b2379cd8a5d02cbf9d296ee3cb,ppo-large-frenet-seed-1,262.9193604003631,1000000
large,ppo,1.0,0.0,1,1.0,1.0000853909043372,224.04586610326152,1.0000853909043372,frenet,1,4f31e73a744b7def05eaf4196b13f59ee601c3b2379cd8a5d02cbf9d296ee3cb,ppo-large-frenet-seed-1,275.7253489001887,1050000
large,ppo,1.0,0.0,1,1.0,1.0003553711879374,225.87243602444732,1.0003553711879374,frenet,1,4f31e73a744b7def05eaf4196b13f59ee601c3b2379cd8a5d02cbf9d296ee3cb,ppo-large-frenet-seed-1,288.7330391004798,1100000
large,ppo,1.0,0.0,1,1.0,1.000319222913332,226.9490957588495,1.000319222913332,frenet,1,4f31e73a744b7def05eaf4196b13f59ee601c3b2379cd8a5d02cbf9d296ee3cb,ppo-large-frenet-seed-1,301.5685155005158,1150000
large,ppo,1.0,0.0,1,1.0,1.0001782062293925,225.42174905082243,1.0001782062293925,frenet,1,4f31e73a744b7def05eaf4196b13f59ee601c3b2379cd8a5d02cbf9d296ee3cb,ppo-large-frenet-seed-1,314.28969230069197,1200000
large,ppo,1.0,0.0,1,1.0,1.0003186016345522,225.61445456450906,1.0003186016345522,frenet,1,4f31e73a744b7def05eaf4196b13f59ee601c3b2379cd8a5d02cbf9d296ee3cb,ppo-large-frenet-seed-1,327.38132840073376,1250000
large,ppo,1.0,0.0,1,1.0,1.000159692402022,227.8333944874367,1.000159692402022,frenet,1,4f31e73a744b7def05eaf4196b13f59ee601c3b2379cd8a5d02cbf9d296ee3cb,ppo-large-frenet-seed-1,339.97789430061675,1300000
large,ppo,1.0,0.0,1,1.0,1.0000987231436258,219.29024503079086,1.0000987231436258,frenet,1,4f31e73a744b7def05eaf4196b13f59ee601c3b2379cd8a5d02cbf9d296ee3cb,ppo-large-frenet-seed-1,352.7744488005919,1350000
large,ppo,1.0,0.0,1,1.0,1.0000105171838594,225.4788871435146,1.0000105171838594,frenet,1,4f31e73a744b7def05eaf4196b13f59ee601c3b2379cd8a5d02cbf9d296ee3cb,ppo-large-frenet-seed-1,365.1835339005338,1400000
large,ppo,1.0,0.0,1,1.0,1.0002148615286215,216.00227358077444,1.0002148615286215,frenet,1,4f31e73a744b7def05eaf4196b13f59ee601c3b2379cd8a5d02cbf9d296ee3cb,ppo-large-frenet-seed-1,377.68444360071953,1450000
large,ppo,1.0,0.0,1,1.0,1.0004085396046307,228.85208765847074,1.0004085396046307,frenet,1,4f31e73a744b7def05eaf4196b13f59ee601c3b2379cd8a5d02cbf9d296ee3cb,ppo-large-frenet-seed-1,37.94976940006745,150000
large,ppo,1.0,0.0,1,1.0,1.0000694800608128,219.28414404887204,1.0000694800608128,frenet,1,4f31e73a744b7def05eaf4196b13f59ee601c3b2379cd8a5d02cbf9d296ee3cb,ppo-large-frenet-seed-1,390.0253163006819,1500000
large,ppo,1.0,0.0,1,1.0,1.0003645960389427,221.68711919051572,1.0003645960389427,frenet,1,4f31e73a744b7def05eaf4196b13f59ee601c3b2379cd8a5d02cbf9d296ee3cb,ppo-large-frenet-seed-1,402.6343040007596,1550000
large,ppo,1.0,0.0,1,1.0,1.0003641613394885,220.8321614554728,1.0003641613394885,frenet,1,4f31e73a744b7def05eaf4196b13f59ee601c3b2379cd8a5d02cbf9d296ee3cb,ppo-large-frenet-seed-1,415.64721710082085,1600000
large,ppo,1.0,0.0,1,1.0,1.0002713926233378,219.96508202160828,1.0002713926233378,frenet,1,4f31e73a744b7def05eaf4196b13f59ee601c3b2379cd8a5d02cbf9d296ee3cb,ppo-large-frenet-seed-1,428.26975050066903,1650000
large,ppo,1.0,0.0,1,1.0,1.000132439824759,219.0080620709167,1.000132439824759,frenet,1,4f31e73a744b7def05eaf4196b13f59ee601c3b2379cd8a5d02cbf9d296ee3cb,ppo-large-frenet-seed-1,441.36953060082305,1700000
large,ppo,1.0,0.0,1,1.0,1.0000868194039556,217.0265395244919,1.0000868194039556,frenet,1,4f31e73a744b7def05eaf4196b13f59ee601c3b2379cd8a5d02cbf9d296ee3cb,ppo-large-frenet-seed-1,454.0752606007045,1750000
large,ppo,1.0,0.0,1,1.0,1.000152137817403,204.75335872748713,1.000152137817403,frenet,1,4f31e73a744b7def05eaf4196b13f59ee601c3b2379cd8a5d02cbf9d296ee3cb,ppo-large-frenet-seed-1,466.50892330077477,1800000
large,ppo,1.0,0.0,1,1.0,1.0000907526845688,215.37186477492088,1.0000907526845688,frenet,1,4f31e73a744b7def05eaf4196b13f59ee601c3b2379cd8a5d02cbf9d296ee3cb,ppo-large-frenet-seed-1,479.16861110097307,1850000
large,ppo,1.0,0.0,1,1.0,1.000294535890514,211.834058879817,1.000294535890514,frenet,1,4f31e73a744b7def05eaf4196b13f59ee601c3b2379cd8a5d02cbf9d296ee3cb,ppo-large-frenet-seed-1,491.5564677011025,1900000
large,ppo,1.0,0.0,1,1.0,1.0001129835898421,214.1147698541153,1.0001129835898421,frenet,1,4f31e73a744b7def05eaf4196b13f59ee601c3b2379cd8a5d02cbf9d296ee3cb,ppo-large-frenet-seed-1,504.21429310126405,1950000
large,ppo,1.0,0.0,1,1.0,1.0003664090056625,230.6853131256965,1.0003664090056625,frenet,1,4f31e73a744b7def05eaf4196b13f59ee601c3b2379cd8a5d02cbf9d296ee3cb,ppo-large-frenet-seed-1,53.71364740011268,200000
large,ppo,1.0,0.0,1,1.0,1.0001529835132277,217.2164478191782,1.0001529835132277,frenet,1,4f31e73a744b7def05eaf4196b13f59ee601c3b2379cd8a5d02cbf9d296ee3cb,ppo-large-frenet-seed-1,516.6699897013386,2000000
large,ppo,1.0,0.0,1,1.0,1.0000885909071746,230.83890242389535,1.0000885909071746,frenet,1,4f31e73a744b7def05eaf4196b13f59ee601c3b2379cd8a5d02cbf9d296ee3cb,ppo-large-frenet-seed-1,68.28054330011582,250000
large,ppo,1.0,0.0,1,1.0,1.0004389824916171,233.11935040774608,1.0004389824916171,frenet,1,4f31e73a744b7def05eaf4196b13f59ee601c3b2379cd8a5d02cbf9d296ee3cb,ppo-large-frenet-seed-1,82.04283120013133,300000
large,ppo,1.0,0.0,1,1.0,1.0002601050037254,232.60657253221757,1.0002601050037254,frenet,1,4f31e73a744b7def05eaf4196b13f59ee601c3b2379cd8a5d02cbf9d296ee3cb,ppo-large-frenet-seed-1,95.0715913000422,350000
large,ppo,1.0,0.0,1,1.0,1.0000560867439394,234.9688134833926,1.0000560867439394,frenet,1,4f31e73a744b7def05eaf4196b13f59ee601c3b2379cd8a5d02cbf9d296ee3cb,ppo-large-frenet-seed-1,108.13450120001653,400000
large,ppo,1.0,0.0,1,1.0,1.0001826464479533,233.90387064651685,1.0001826464479533,frenet,1,4f31e73a744b7def05eaf4196b13f59ee601c3b2379cd8a5d02cbf9d296ee3cb,ppo-large-frenet-seed-1,121.29050630003985,450000
large,ppo,0.0,1.0,1,0.0,0.5557912891191363,36.65906188196554,0.5557912891191363,frenet,1,4f31e73a744b7def05eaf4196b13f59ee601c3b2379cd8a5d02cbf9d296ee3cb,ppo-large-frenet-seed-1,12.538310099993396,50000
large,ppo,1.0,0.0,1,1.0,1.0001092684237112,232.27755620310447,1.0001092684237112,frenet,1,4f31e73a744b7def05eaf4196b13f59ee601c3b2379cd8a5d02cbf9d296ee3cb,ppo-large-frenet-seed-1,133.8644781002513,500000
large,ppo,1.0,0.0,1,1.0,1.0001088617763019,230.88593363465412,1.0001088617763019,frenet,1,4f31e73a744b7def05eaf4196b13f59ee601c3b2379cd8a5d02cbf9d296ee3cb,ppo-large-frenet-seed-1,146.44356820006578,550000
large,ppo,1.0,0.0,1,1.0,1.0003950201028622,228.89119783488434,1.0003950201028622,frenet,1,4f31e73a744b7def05eaf4196b13f59ee601c3b2379cd8a5d02cbf9d296ee3cb,ppo-large-frenet-seed-1,158.73130990008576,600000
large,ppo,1.0,0.0,1,1.0,1.000170242543612,229.8989588858823,1.000170242543612,frenet,1,4f31e73a744b7def05eaf4196b13f59ee601c3b2379cd8a5d02cbf9d296ee3cb,ppo-large-frenet-seed-1,171.26128340009382,650000
large,ppo,1.0,0.0,1,1.0,1.0001147098976508,227.86855232125424,1.0001147098976508,frenet,1,4f31e73a744b7def05eaf4196b13f59ee601c3b2379cd8a5d02cbf9d296ee3cb,ppo-large-frenet-seed-1,183.56551120001677,700000
large,ppo,1.0,0.0,1,1.0,1.0004097460499097,234.28917526440733,1.0004097460499097,frenet,1,4f31e73a744b7def05eaf4196b13f59ee601c3b2379cd8a5d02cbf9d296ee3cb,ppo-large-frenet-seed-1,197.2249693002268,750000
large,ppo,1.0,0.0,1,1.0,1.0001704087901266,231.02637158322926,1.0001704087901266,frenet,1,4f31e73a744b7def05eaf4196b13f59ee601c3b2379cd8a5d02cbf9d296ee3cb,ppo-large-frenet-seed-1,210.5788560003166,800000
large,ppo,1.0,0.0,1,1.0,1.0002748224129339,230.3610748886012,1.0002748224129339,frenet,1,4f31e73a744b7def05eaf4196b13f59ee601c3b2379cd8a5d02cbf9d296ee3cb,ppo-large-frenet-seed-1,223.9467969003199,850000
large,ppo,1.0,0.0,1,1.0,1.0000928346062976,228.00479968017106,1.0000928346062976,frenet,1,4f31e73a744b7def05eaf4196b13f59ee601c3b2379cd8a5d02cbf9d296ee3cb,ppo-large-frenet-seed-1,237.21935810030482,900000
large,ppo,1.0,0.0,1,1.0,1.0003388938471414,228.07165190173293,1.0003388938471414,frenet,1,4f31e73a744b7def05eaf4196b13f59ee601c3b2379cd8a5d02cbf9d296ee3cb,ppo-large-frenet-seed-1,249.8505446004565,950000
large,ppo,1.0,0.0,1,1.0,1.000247327640248,204.67304580570266,1.000247327640248,frenet,2,bfaf95588b759d5f7521f018e488ab888dfce3c22ede4277aa3f21993ff0ec68,ppo-large-frenet-seed-2,25.042758600000525,100000
large,ppo,0.0,1.0,1,0.0,0.6886097947393586,44.56512737371159,0.6886097947393586,frenet,2,bfaf95588b759d5f7521f018e488ab888dfce3c22ede4277aa3f21993ff0ec68,ppo-large-frenet-seed-2,265.71373909925387,1000000
large,ppo,0.0,1.0,1,0.0,0.7073311055343176,46.56873644528726,0.7073311055343176,frenet,2,bfaf95588b759d5f7521f018e488ab888dfce3c22ede4277aa3f21993ff0ec68,ppo-large-frenet-seed-2,279.18415239909154,1050000
large,ppo,1.0,0.0,1,1.0,1.0003545265641485,217.69095432853857,1.0003545265641485,frenet,2,bfaf95588b759d5f7521f018e488ab888dfce3c22ede4277aa3f21993ff0ec68,ppo-large-frenet-seed-2,292.84603299899027,1100000
large,ppo,1.0,0.0,1,1.0,1.0001111412467703,220.48984079404912,1.0001111412467703,frenet,2,bfaf95588b759d5f7521f018e488ab888dfce3c22ede4277aa3f21993ff0ec68,ppo-large-frenet-seed-2,306.41105789921494,1150000
large,ppo,1.0,0.0,1,1.0,1.0001251030522844,220.91325679500173,1.0001251030522844,frenet,2,bfaf95588b759d5f7521f018e488ab888dfce3c22ede4277aa3f21993ff0ec68,ppo-large-frenet-seed-2,319.9696656992346,1200000
large,ppo,1.0,0.0,1,1.0,1.0003617023142832,224.5721557621658,1.0003617023142832,frenet,2,bfaf95588b759d5f7521f018e488ab888dfce3c22ede4277aa3f21993ff0ec68,ppo-large-frenet-seed-2,333.93439569893235,1250000
large,ppo,1.0,0.0,1,1.0,1.0002932832776734,221.7214414234794,1.0002932832776734,frenet,2,bfaf95588b759d5f7521f018e488ab888dfce3c22ede4277aa3f21993ff0ec68,ppo-large-frenet-seed-2,347.61146649887087,1300000
large,ppo,1.0,0.0,1,1.0,1.0001454318384133,229.52839751740308,1.0001454318384133,frenet,2,bfaf95588b759d5f7521f018e488ab888dfce3c22ede4277aa3f21993ff0ec68,ppo-large-frenet-seed-2,361.31871919900004,1350000
large,ppo,1.0,0.0,1,1.0,1.0000120849480094,215.9780512662137,1.0000120849480094,frenet,2,bfaf95588b759d5f7521f018e488ab888dfce3c22ede4277aa3f21993ff0ec68,ppo-large-frenet-seed-2,374.7285091990707,1400000
large,ppo,1.0,0.0,1,1.0,1.0000287612395709,227.67860529592866,1.0000287612395709,frenet,2,bfaf95588b759d5f7521f018e488ab888dfce3c22ede4277aa3f21993ff0ec68,ppo-large-frenet-seed-2,388.40320509897356,1450000
large,ppo,1.0,0.0,1,1.0,1.0002968826852923,205.65846076646912,1.0002968826852923,frenet,2,bfaf95588b759d5f7521f018e488ab888dfce3c22ede4277aa3f21993ff0ec68,ppo-large-frenet-seed-2,37.9264839000316,150000
large,ppo,1.0,0.0,1,1.0,1.0003400131581204,231.89168122916539,1.0003400131581204,frenet,2,bfaf95588b759d5f7521f018e488ab888dfce3c22ede4277aa3f21993ff0ec68,ppo-large-frenet-seed-2,401.91541649899955,1500000
large,ppo,1.0,0.0,1,1.0,1.0000043529577736,226.05987963020723,1.0000043529577736,frenet,2,bfaf95588b759d5f7521f018e488ab888dfce3c22ede4277aa3f21993ff0ec68,ppo-large-frenet-seed-2,415.52311969913353,1550000
large,ppo,1.0,0.0,1,1.0,1.0002580794604135,221.81760984655523,1.0002580794604135,frenet,2,bfaf95588b759d5f7521f018e488ab888dfce3c22ede4277aa3f21993ff0ec68,ppo-large-frenet-seed-2,429.29765889935516,1600000
large,ppo,1.0,0.0,1,1.0,1.0000102121097503,223.05252190142377,1.0000102121097503,frenet,2,bfaf95588b759d5f7521f018e488ab888dfce3c22ede4277aa3f21993ff0ec68,ppo-large-frenet-seed-2,442.9334062992966,1650000
large,ppo,1.0,0.0,1,1.0,1.000387049420789,222.78125500909547,1.000387049420789,frenet,2,bfaf95588b759d5f7521f018e488ab888dfce3c22ede4277aa3f21993ff0ec68,ppo-large-frenet-seed-2,456.5916599992888,1700000
large,ppo,1.0,0.0,1,1.0,1.000325412704831,221.51272288809002,1.000325412704831,frenet,2,bfaf95588b759d5f7521f018e488ab888dfce3c22ede4277aa3f21993ff0ec68,ppo-large-frenet-seed-2,471.651736699263,1750000
large,ppo,1.0,0.0,1,1.0,1.0002765328207488,225.10383348900024,1.0002765328207488,frenet,2,bfaf95588b759d5f7521f018e488ab888dfce3c22ede4277aa3f21993ff0ec68,ppo-large-frenet-seed-2,489.7830428993984,1800000
large,ppo,1.0,0.0,1,1.0,1.000140946615724,227.24670459874517,1.000140946615724,frenet,2,bfaf95588b759d5f7521f018e488ab888dfce3c22ede4277aa3f21993ff0ec68,ppo-large-frenet-seed-2,505.1296338993161,1850000
large,ppo,1.0,0.0,1,1.0,1.000341059684078,230.45852591934772,1.000341059684078,frenet,2,bfaf95588b759d5f7521f018e488ab888dfce3c22ede4277aa3f21993ff0ec68,ppo-large-frenet-seed-2,518.583461399372,1900000
large,ppo,1.0,0.0,1,1.0,1.0000810177414157,231.3268893258276,1.0000810177414157,frenet,2,bfaf95588b759d5f7521f018e488ab888dfce3c22ede4277aa3f21993ff0ec68,ppo-large-frenet-seed-2,532.3754626992522,1950000
large,ppo,1.0,0.0,1,1.0,1.0000395794575765,214.83883132873768,1.0000395794575765,frenet,2,bfaf95588b759d5f7521f018e488ab888dfce3c22ede4277aa3f21993ff0ec68,ppo-large-frenet-seed-2,51.21443440008807,200000
large,ppo,1.0,0.0,1,1.0,1.0003288614089578,228.20775404248462,1.0003288614089578,frenet,2,bfaf95588b759d5f7521f018e488ab888dfce3c22ede4277aa3f21993ff0ec68,ppo-large-frenet-seed-2,545.8582993994023,2000000
large,ppo,1.0,0.0,1,1.0,1.0002774575009306,213.63743402971656,1.0002774575009306,frenet,2,bfaf95588b759d5f7521f018e488ab888dfce3c22ede4277aa3f21993ff0ec68,ppo-large-frenet-seed-2,65.09933899994576,250000
large,ppo,1.0,0.0,1,1.0,1.0001906033627355,214.44823938138933,1.0001906033627355,frenet,2,bfaf95588b759d5f7521f018e488ab888dfce3c22ede4277aa3f21993ff0ec68,ppo-large-frenet-seed-2,78.74815730002592,300000
large,ppo,1.0,0.0,1,1.0,1.0000212116462497,216.98433023814533,1.0000212116462497,frenet,2,bfaf95588b759d5f7521f018e488ab888dfce3c22ede4277aa3f21993ff0ec68,ppo-large-frenet-seed-2,92.8524643999699,350000
large,ppo,1.0,0.0,1,1.0,1.0000871344705171,215.27016908967207,1.0000871344705171,frenet,2,bfaf95588b759d5f7521f018e488ab888dfce3c22ede4277aa3f21993ff0ec68,ppo-large-frenet-seed-2,105.66564340007608,400000
large,ppo,1.0,0.0,1,1.0,1.0002696273819651,213.37471207323318,1.0002696273819651,frenet,2,bfaf95588b759d5f7521f018e488ab888dfce3c22ede4277aa3f21993ff0ec68,ppo-large-frenet-seed-2,118.44119620013589,450000
large,ppo,0.0,1.0,1,0.0,0.5607423800770275,37.468504869707914,0.5607423800770275,frenet,2,bfaf95588b759d5f7521f018e488ab888dfce3c22ede4277aa3f21993ff0ec68,ppo-large-frenet-seed-2,12.54750350004906,50000
large,ppo,1.0,0.0,1,1.0,1.0001203827685894,206.99601052551446,1.0001203827685894,frenet,2,bfaf95588b759d5f7521f018e488ab888dfce3c22ede4277aa3f21993ff0ec68,ppo-large-frenet-seed-2,131.24584879983377,500000
large,ppo,1.0,0.0,1,1.0,1.0000728969576607,206.3446499489732,1.0000728969576607,frenet,2,bfaf95588b759d5f7521f018e488ab888dfce3c22ede4277aa3f21993ff0ec68,ppo-large-frenet-seed-2,143.86019569995187,550000
large,ppo,0.0,1.0,1,0.0,0.5081079706214224,30.414230293701166,0.5081079706214224,frenet,2,bfaf95588b759d5f7521f018e488ab888dfce3c22ede4277aa3f21993ff0ec68,ppo-large-frenet-seed-2,156.87627279991648,600000
large,ppo,1.0,0.0,1,1.0,1.0000506907762512,198.86224951652162,1.0000506907762512,frenet,2,bfaf95588b759d5f7521f018e488ab888dfce3c22ede4277aa3f21993ff0ec68,ppo-large-frenet-seed-2,170.11499889980405,650000
large,ppo,1.0,0.0,1,1.0,1.0002294394709499,206.4003663325822,1.0002294394709499,frenet,2,bfaf95588b759d5f7521f018e488ab888dfce3c22ede4277aa3f21993ff0ec68,ppo-large-frenet-seed-2,183.1264145997775,700000
large,ppo,1.0,0.0,1,1.0,1.0000498117465035,207.7109289825181,1.0000498117465035,frenet,2,bfaf95588b759d5f7521f018e488ab888dfce3c22ede4277aa3f21993ff0ec68,ppo-large-frenet-seed-2,196.8515612996198,750000
large,ppo,1.0,0.0,1,1.0,1.0001304047121948,215.20653681375086,1.0001304047121948,frenet,2,bfaf95588b759d5f7521f018e488ab888dfce3c22ede4277aa3f21993ff0ec68,ppo-large-frenet-seed-2,210.63289369942504,800000
large,ppo,1.0,0.0,1,1.0,1.0003055213955143,216.07901920157713,1.0003055213955143,frenet,2,bfaf95588b759d5f7521f018e488ab888dfce3c22ede4277aa3f21993ff0ec68,ppo-large-frenet-seed-2,224.69296639958338,850000
large,ppo,1.0,0.0,1,1.0,1.0001226632049895,212.00118849546413,1.0001226632049895,frenet,2,bfaf95588b759d5f7521f018e488ab888dfce3c22ede4277aa3f21993ff0ec68,ppo-large-frenet-seed-2,238.18087399949582,900000
large,ppo,1.0,0.0,1,1.0,1.0000950841147198,213.93843200193606,1.0000950841147198,frenet,2,bfaf95588b759d5f7521f018e488ab888dfce3c22ede4277aa3f21993ff0ec68,ppo-large-frenet-seed-2,251.85294759941098,950000
large,ppo,1.0,0.0,1,1.0,1.0002293117538574,223.98927200011005,1.0002293117538574,frenet,3,3d48797dee6806cd285594634cc6a28c22affcedfa3049f0e7c1f7b6e3cc157a,ppo-large-frenet-seed-3,31.21822370027803,100000
large,ppo,1.0,0.0,1,1.0,1.000289013663979,206.61640859331823,1.000289013663979,frenet,3,3d48797dee6806cd285594634cc6a28c22affcedfa3049f0e7c1f7b6e3cc157a,ppo-large-frenet-seed-3,274.7670233000317,1000000
large,ppo,1.0,0.0,1,1.0,1.0001112796380611,211.45780669217936,1.0001112796380611,frenet,3,3d48797dee6806cd285594634cc6a28c22affcedfa3049f0e7c1f7b6e3cc157a,ppo-large-frenet-seed-3,287.89613040002223,1050000
large,ppo,1.0,0.0,1,1.0,1.0003115297688672,209.49870498171546,1.0003115297688672,frenet,3,3d48797dee6806cd285594634cc6a28c22affcedfa3049f0e7c1f7b6e3cc157a,ppo-large-frenet-seed-3,301.8673120001222,1100000
large,ppo,1.0,0.0,1,1.0,1.0003379256093996,210.33042820245652,1.0003379256093996,frenet,3,3d48797dee6806cd285594634cc6a28c22affcedfa3049f0e7c1f7b6e3cc157a,ppo-large-frenet-seed-3,314.2181618999675,1150000
large,ppo,1.0,0.0,1,1.0,1.0003544640030235,215.11673069794352,1.0003544640030235,frenet,3,3d48797dee6806cd285594634cc6a28c22affcedfa3049f0e7c1f7b6e3cc157a,ppo-large-frenet-seed-3,326.5911299999643,1200000
large,ppo,1.0,0.0,1,1.0,1.0002242766959997,212.83279351505232,1.0002242766959997,frenet,3,3d48797dee6806cd285594634cc6a28c22affcedfa3049f0e7c1f7b6e3cc157a,ppo-large-frenet-seed-3,339.17194230014866,1250000
large,ppo,1.0,0.0,1,1.0,1.0002955134725302,207.5539531502186,1.0002955134725302,frenet,3,3d48797dee6806cd285594634cc6a28c22affcedfa3049f0e7c1f7b6e3cc157a,ppo-large-frenet-seed-3,351.5107902002055,1300000
large,ppo,1.0,0.0,1,1.0,1.0000340859143904,215.55293717390418,1.0000340859143904,frenet,3,3d48797dee6806cd285594634cc6a28c22affcedfa3049f0e7c1f7b6e3cc157a,ppo-large-frenet-seed-3,364.33377800025846,1350000
large,ppo,1.0,0.0,1,1.0,1.0002979491167876,218.35167111455465,1.0002979491167876,frenet,3,3d48797dee6806cd285594634cc6a28c22affcedfa3049f0e7c1f7b6e3cc157a,ppo-large-frenet-seed-3,377.0974976999714,1400000
large,ppo,1.0,0.0,1,1.0,1.00000304882004,216.62627330229367,1.00000304882004,frenet,3,3d48797dee6806cd285594634cc6a28c22affcedfa3049f0e7c1f7b6e3cc157a,ppo-large-frenet-seed-3,389.98814570007016,1450000
large,ppo,1.0,0.0,1,1.0,1.0001402720749284,229.7725857948879,1.0001402720749284,frenet,3,3d48797dee6806cd285594634cc6a28c22affcedfa3049f0e7c1f7b6e3cc157a,ppo-large-frenet-seed-3,45.68369490017358,150000
large,ppo,1.0,0.0,1,1.0,1.0000964077256442,219.23012093297467,1.0000964077256442,frenet,3,3d48797dee6806cd285594634cc6a28c22affcedfa3049f0e7c1f7b6e3cc157a,ppo-large-frenet-seed-3,403.18503390012484,1500000
large,ppo,1.0,0.0,1,1.0,1.0000525191888088,219.40639817516978,1.0000525191888088,frenet,3,3d48797dee6806cd285594634cc6a28c22affcedfa3049f0e7c1f7b6e3cc157a,ppo-large-frenet-seed-3,416.09549489996425,1550000
large,ppo,1.0,0.0,1,1.0,1.000372170110519,223.39675168670067,1.000372170110519,frenet,3,3d48797dee6806cd285594634cc6a28c22affcedfa3049f0e7c1f7b6e3cc157a,ppo-large-frenet-seed-3,429.1806600998061,1600000
large,ppo,1.0,0.0,1,1.0,1.0003771772005956,224.7530802087504,1.0003771772005956,frenet,3,3d48797dee6806cd285594634cc6a28c22affcedfa3049f0e7c1f7b6e3cc157a,ppo-large-frenet-seed-3,441.84041789973344,1650000
large,ppo,1.0,0.0,1,1.0,1.0000392959368827,225.65726047295954,1.0000392959368827,frenet,3,3d48797dee6806cd285594634cc6a28c22affcedfa3049f0e7c1f7b6e3cc157a,ppo-large-frenet-seed-3,454.79605289968094,1700000
large,ppo,1.0,0.0,1,1.0,1.000165572058346,216.8986575983597,1.000165572058346,frenet,3,3d48797dee6806cd285594634cc6a28c22affcedfa3049f0e7c1f7b6e3cc157a,ppo-large-frenet-seed-3,467.4906795997558,1750000
large,ppo,1.0,0.0,1,1.0,1.0000292187558615,215.58675012580625,1.0000292187558615,frenet,3,3d48797dee6806cd285594634cc6a28c22affcedfa3049f0e7c1f7b6e3cc157a,ppo-large-frenet-seed-3,480.25426979981785,1800000
large,ppo,1.0,0.0,1,1.0,1.0001790587344535,223.48485423885785,1.0001790587344535,frenet,3,3d48797dee6806cd285594634cc6a28c22affcedfa3049f0e7c1f7b6e3cc157a,ppo-large-frenet-seed-3,493.16839399985474,1850000
large,ppo,1.0,0.0,1,1.0,1.0001338497904189,215.55135609463002,1.0001338497904189,frenet,3,3d48797dee6806cd285594634cc6a28c22affcedfa3049f0e7c1f7b6e3cc157a,ppo-large-frenet-seed-3,505.95054199979495,1900000
large,ppo,1.0,0.0,1,1.0,1.0003046569644836,225.24287674163287,1.0003046569644836,frenet,3,3d48797dee6806cd285594634cc6a28c22affcedfa3049f0e7c1f7b6e3cc157a,ppo-large-frenet-seed-3,518.7523221995798,1950000
large,ppo,1.0,0.0,1,1.0,1.0001414214902289,231.56645164996672,1.0001414214902289,frenet,3,3d48797dee6806cd285594634cc6a28c22affcedfa3049f0e7c1f7b6e3cc157a,ppo-large-frenet-seed-3,59.53777430005357,200000
large,ppo,1.0,0.0,1,1.0,1.0004169213214833,221.23963066952132,1.0004169213214833,frenet,3,3d48797dee6806cd285594634cc6a28c22affcedfa3049f0e7c1f7b6e3cc157a,ppo-large-frenet-seed-3,531.421141099625,2000000
large,ppo,1.0,0.0,1,1.0,1.000193411313278,226.67810426818272,1.000193411313278,frenet,3,3d48797dee6806cd285594634cc6a28c22affcedfa3049f0e7c1f7b6e3cc157a,ppo-large-frenet-seed-3,73.35754350016214,250000
large,ppo,1.0,0.0,1,1.0,1.000070241652869,222.46646149936652,1.000070241652869,frenet,3,3d48797dee6806cd285594634cc6a28c22affcedfa3049f0e7c1f7b6e3cc157a,ppo-large-frenet-seed-3,86.74113610019776,300000
large,ppo,1.0,0.0,1,1.0,1.0000261581624499,223.77855988116715,1.0000261581624499,frenet,3,3d48797dee6806cd285594634cc6a28c22affcedfa3049f0e7c1f7b6e3cc157a,ppo-large-frenet-seed-3,101.16160329990817,350000
large,ppo,1.0,0.0,1,1.0,1.0001145540360428,222.11201321833406,1.0001145540360428,frenet,3,3d48797dee6806cd285594634cc6a28c22affcedfa3049f0e7c1f7b6e3cc157a,ppo-large-frenet-seed-3,114.90671999993356,400000
large,ppo,1.0,0.0,1,1.0,1.0002795065993375,219.2485769559639,1.0002795065993375,frenet,3,3d48797dee6806cd285594634cc6a28c22affcedfa3049f0e7c1f7b6e3cc157a,ppo-large-frenet-seed-3,128.51168189996315,450000
large,ppo,0.0,1.0,1,0.0,0.6859906607298845,45.64413571983368,0.6859906607298845,frenet,3,3d48797dee6806cd285594634cc6a28c22affcedfa3049f0e7c1f7b6e3cc157a,ppo-large-frenet-seed-3,15.307636000077764,50000
large,ppo,1.0,0.0,1,1.0,1.00025750756234,216.72685257451914,1.00025750756234,frenet,3,3d48797dee6806cd285594634cc6a28c22affcedfa3049f0e7c1f7b6e3cc157a,ppo-large-frenet-seed-3,142.61287019994052,500000
large,ppo,1.0,0.0,1,1.0,1.0001812029825428,217.31825658464462,1.0001812029825428,frenet,3,3d48797dee6806cd285594634cc6a28c22affcedfa3049f0e7c1f7b6e3cc157a,ppo-large-frenet-seed-3,155.91056310006024,550000
large,ppo,1.0,0.0,1,1.0,1.0000928378937806,216.23102600417153,1.0000928378937806,frenet,3,3d48797dee6806cd285594634cc6a28c22affcedfa3049f0e7c1f7b6e3cc157a,ppo-large-frenet-seed-3,168.48418610000954,600000
large,ppo,1.0,0.0,1,1.0,1.0001821218708113,217.04122177872728,1.0001821218708113,frenet,3,3d48797dee6806cd285594634cc6a28c22affcedfa3049f0e7c1f7b6e3cc157a,ppo-large-frenet-seed-3,181.29536670004018,650000
large,ppo,1.0,0.0,1,1.0,1.0000362674208194,215.22808647951933,1.0000362674208194,frenet,3,3d48797dee6806cd285594634cc6a28c22affcedfa3049f0e7c1f7b6e3cc157a,ppo-large-frenet-seed-3,194.81940890011174,700000
large,ppo,1.0,0.0,1,1.0,1.0000704606793342,206.1671926901388,1.0000704606793342,frenet,3,3d48797dee6806cd285594634cc6a28c22affcedfa3049f0e7c1f7b6e3cc157a,ppo-large-frenet-seed-3,208.6523370000541,750000
large,ppo,1.0,0.0,1,1.0,1.0003124202177653,207.63036973952802,1.0003124202177653,frenet,3,3d48797dee6806cd285594634cc6a28c22affcedfa3049f0e7c1f7b6e3cc157a,ppo-large-frenet-seed-3,222.22337290017822,800000
large,ppo,1.0,0.0,1,1.0,1.0001118272188056,202.85645322747354,1.0001118272188056,frenet,3,3d48797dee6806cd285594634cc6a28c22affcedfa3049f0e7c1f7b6e3cc157a,ppo-large-frenet-seed-3,236.29876700024033,850000
large,ppo,1.0,0.0,1,1.0,1.0003248911592812,198.01737902040009,1.0003248911592812,frenet,3,3d48797dee6806cd285594634cc6a28c22affcedfa3049f0e7c1f7b6e3cc157a,ppo-large-frenet-seed-3,249.04502020022846,900000
large,ppo,1.0,0.0,1,1.0,1.000048768860494,207.8893215351021,1.000048768860494,frenet,3,3d48797dee6806cd285594634cc6a28c22affcedfa3049f0e7c1f7b6e3cc157a,ppo-large-frenet-seed-3,261.67299390005064,950000
large,ppo,1.0,0.0,1,1.0,1.0001013413498525,222.60861304978295,1.0001013413498525,frenet,4,9ecfa50ba9cce1c84c4cd852a9c60c237a41d65ff542dfb528d8f24686b70d8d,ppo-large-frenet-seed-4,25.702667900011875,100000
large,ppo,1.0,0.0,1,1.0,1.0000292489284097,228.94003812901892,1.0000292489284097,frenet,4,9ecfa50ba9cce1c84c4cd852a9c60c237a41d65ff542dfb528d8f24686b70d8d,ppo-large-frenet-seed-4,257.06161589984185,1000000
large,ppo,1.0,0.0,1,1.0,1.0000799862503942,228.72461504284132,1.0000799862503942,frenet,4,9ecfa50ba9cce1c84c4cd852a9c60c237a41d65ff542dfb528d8f24686b70d8d,ppo-large-frenet-seed-4,269.78097669967246,1050000
large,ppo,1.0,0.0,1,1.0,1.0001580328824056,228.2915501833146,1.0001580328824056,frenet,4,9ecfa50ba9cce1c84c4cd852a9c60c237a41d65ff542dfb528d8f24686b70d8d,ppo-large-frenet-seed-4,282.63534499974776,1100000
large,ppo,1.0,0.0,1,1.0,1.0000101438485562,228.04151382186734,1.0000101438485562,frenet,4,9ecfa50ba9cce1c84c4cd852a9c60c237a41d65ff542dfb528d8f24686b70d8d,ppo-large-frenet-seed-4,295.36724869974205,1150000
large,ppo,1.0,0.0,1,1.0,1.0003922422190352,224.53869726999653,1.0003922422190352,frenet,4,9ecfa50ba9cce1c84c4cd852a9c60c237a41d65ff542dfb528d8f24686b70d8d,ppo-large-frenet-seed-4,308.076041399705,1200000
large,ppo,1.0,0.0,1,1.0,1.0000719164555667,223.9055749036838,1.0000719164555667,frenet,4,9ecfa50ba9cce1c84c4cd852a9c60c237a41d65ff542dfb528d8f24686b70d8d,ppo-large-frenet-seed-4,320.8870622994873,1250000
large,ppo,1.0,0.0,1,1.0,1.000039030613725,223.32687493211375,1.000039030613725,frenet,4,9ecfa50ba9cce1c84c4cd852a9c60c237a41d65ff542dfb528d8f24686b70d8d,ppo-large-frenet-seed-4,333.59552169936796,1300000
large,ppo,1.0,0.0,1,1.0,1.0002283319717011,225.32403618532578,1.0002283319717011,frenet,4,9ecfa50ba9cce1c84c4cd852a9c60c237a41d65ff542dfb528d8f24686b70d8d,ppo-large-frenet-seed-4,346.6481329993512,1350000
large,ppo,0.0,1.0,1,0.0,0.9172463501608797,63.48734610292664,0.9172463501608797,frenet,4,9ecfa50ba9cce1c84c4cd852a9c60c237a41d65ff542dfb528d8f24686b70d8d,ppo-large-frenet-seed-4,359.6826877994281,1400000
large,ppo,0.0,1.0,1,0.0,0.9236355201099598,64.22276609637714,0.9236355201099598,frenet,4,9ecfa50ba9cce1c84c4cd852a9c60c237a41d65ff542dfb528d8f24686b70d8d,ppo-large-frenet-seed-4,372.60244389946456,1450000
large,ppo,1.0,0.0,1,1.0,1.00027913341831,220.24797971626663,1.00027913341831,frenet,4,9ecfa50ba9cce1c84c4cd852a9c60c237a41d65ff542dfb528d8f24686b70d8d,ppo-large-frenet-seed-4,38.680550699977175,150000
large,ppo,1.0,0.0,1,1.0,1.000173720838985,224.27153839164163,1.000173720838985,frenet,4,9ecfa50ba9cce1c84c4cd852a9c60c237a41d65ff542dfb528d8f24686b70d8d,ppo-large-frenet-seed-4,385.5171637992062,1500000
large,ppo,1.0,0.0,1,1.0,1.0002855143709695,225.2416414940518,1.0002855143709695,frenet,4,9ecfa50ba9cce1c84c4cd852a9c60c237a41d65ff542dfb528d8f24686b70d8d,ppo-large-frenet-seed-4,398.27437559923055,1550000
large,ppo,1.0,0.0,1,1.0,1.0000640940328553,227.0972214173151,1.0000640940328553,frenet,4,9ecfa50ba9cce1c84c4cd852a9c60c237a41d65ff542dfb528d8f24686b70d8d,ppo-large-frenet-seed-4,411.20902349911194,1600000
large,ppo,1.0,0.0,1,1.0,1.000130418415691,222.93015195569467,1.000130418415691,frenet,4,9ecfa50ba9cce1c84c4cd852a9c60c237a41d65ff542dfb528d8f24686b70d8d,ppo-large-frenet-seed-4,423.82657369901426,1650000
large,ppo,1.0,0.0,1,1.0,1.000236376094195,224.74332888027712,1.000236376094195,frenet,4,9ecfa50ba9cce1c84c4cd852a9c60c237a41d65ff542dfb528d8f24686b70d8d,ppo-large-frenet-seed-4,436.92063659917403,1700000
large,ppo,1.0,0.0,1,1.0,1.000378604509017,221.73694373106233,1.000378604509017,frenet,4,9ecfa50ba9cce1c84c4cd852a9c60c237a41d65ff542dfb528d8f24686b70d8d,ppo-large-frenet-seed-4,449.3411317991049,1750000
large,ppo,1.0,0.0,1,1.0,1.0002030047024488,211.02384519121324,1.0002030047024488,frenet,4,9ecfa50ba9cce1c84c4cd852a9c60c237a41d65ff542dfb528d8f24686b70d8d,ppo-large-frenet-seed-4,462.117934499016,1800000
large,ppo,1.0,0.0,1,1.0,1.0002495039643993,214.31073321855732,1.0002495039643993,frenet,4,9ecfa50ba9cce1c84c4cd852a9c60c237a41d65ff542dfb528d8f24686b70d8d,ppo-large-frenet-seed-4,475.05966819897367,1850000
large,ppo,0.0,1.0,1,0.0,0.44461590708587406,26.18872691304171,0.44461590708587406,frenet,4,9ecfa50ba9cce1c84c4cd852a9c60c237a41d65ff542dfb528d8f24686b70d8d,ppo-large-frenet-seed-4,487.67156299890485,1900000
large,ppo,1.0,0.0,1,1.0,1.0001558674533533,212.1772098507896,1.0001558674533533,frenet,4,9ecfa50ba9cce1c84c4cd852a9c60c237a41d65ff542dfb528d8f24686b70d8d,ppo-large-frenet-seed-4,500.3634121989671,1950000
large,ppo,1.0,0.0,1,1.0,1.0000284640173311,219.72120936883823,1.0000284640173311,frenet,4,9ecfa50ba9cce1c84c4cd852a9c60c237a41d65ff542dfb528d8f24686b70d8d,ppo-large-frenet-seed-4,51.421466000028886,200000
large,ppo,1.0,0.0,1,1.0,1.000249550582794,214.20491603050908,1.000249550582794,frenet,4,9ecfa50ba9cce1c84c4cd852a9c60c237a41d65ff542dfb528d8f24686b70d8d,ppo-large-frenet-seed-4,512.8424788991397,2000000
large,ppo,1.0,0.0,1,1.0,1.0000040458510773,219.1361629286053,1.0000040458510773,frenet,4,9ecfa50ba9cce1c84c4cd852a9c60c237a41d65ff542dfb528d8f24686b70d8d,ppo-large-frenet-seed-4,64.36102829988886,250000
large,ppo,1.0,0.0,1,1.0,1.000047476824357,209.92967619391806,1.000047476824357,frenet,4,9ecfa50ba9cce1c84c4cd852a9c60c237a41d65ff542dfb528d8f24686b70d8d,ppo-large-frenet-seed-4,77.15593360002822,300000
large,ppo,1.0,0.0,1,1.0,1.0002187530560533,212.3655319262499,1.0002187530560533,frenet,4,9ecfa50ba9cce1c84c4cd852a9c60c237a41d65ff542dfb528d8f24686b70d8d,ppo-large-frenet-seed-4,90.07096639999872,350000
large,ppo,1.0,0.0,1,1.0,1.0003273806677102,218.45435423669943,1.0003273806677102,frenet,4,9ecfa50ba9cce1c84c4cd852a9c60c237a41d65ff542dfb528d8f24686b70d8d,ppo-large-frenet-seed-4,103.2412723000125,400000
large,ppo,1.0,0.0,1,1.0,1.0000267551232063,217.38907174316026,1.0000267551232063,frenet,4,9ecfa50ba9cce1c84c4cd852a9c60c237a41d65ff542dfb528d8f24686b70d8d,ppo-large-frenet-seed-4,115.97379000020373,450000
large,ppo,1.0,0.0,1,1.0,1.0000934637005132,221.89546905740946,1.0000934637005132,frenet,4,9ecfa50ba9cce1c84c4cd852a9c60c237a41d65ff542dfb528d8f24686b70d8d,ppo-large-frenet-seed-4,13.01139180003156,50000
large,ppo,1.0,0.0,1,1.0,1.0000132513030082,213.94107146584065,1.0000132513030082,frenet,4,9ecfa50ba9cce1c84c4cd852a9c60c237a41d65ff542dfb528d8f24686b70d8d,ppo-large-frenet-seed-4,128.8563616001993,500000
large,ppo,1.0,0.0,1,1.0,1.000265679401336,195.27320637233126,1.000265679401336,frenet,4,9ecfa50ba9cce1c84c4cd852a9c60c237a41d65ff542dfb528d8f24686b70d8d,ppo-large-frenet-seed-4,141.6717880000615,550000
large,ppo,1.0,0.0,1,1.0,1.0001044807314732,205.51876075674565,1.0001044807314732,frenet,4,9ecfa50ba9cce1c84c4cd852a9c60c237a41d65ff542dfb528d8f24686b70d8d,ppo-large-frenet-seed-4,154.33579510005075,600000
large,ppo,1.0,0.0,1,1.0,1.0001466744349303,199.7573145207003,1.0001466744349303,frenet,4,9ecfa50ba9cce1c84c4cd852a9c60c237a41d65ff542dfb528d8f24686b70d8d,ppo-large-frenet-seed-4,167.65154600001188,650000
large,ppo,0.0,0.0,1,0.0,0.8879049858667459,48.790498586674566,0.8879049858667459,frenet,4,9ecfa50ba9cce1c84c4cd852a9c60c237a41d65ff542dfb528d8f24686b70d8d,ppo-large-frenet-seed-4,180.3521833001614,700000
large,ppo,1.0,0.0,1,1.0,1.0001951379130214,211.32398236859854,1.0001951379130214,frenet,4,9ecfa50ba9cce1c84c4cd852a9c60c237a41d65ff542dfb528d8f24686b70d8d,ppo-large-frenet-seed-4,193.13601110022137,750000
large,ppo,1.0,0.0,1,1.0,1.000225389748804,199.99387135557288,1.000225389748804,frenet,4,9ecfa50ba9cce1c84c4cd852a9c60c237a41d65ff542dfb528d8f24686b70d8d,ppo-large-frenet-seed-4,205.76906460015016,800000
large,ppo,1.0,0.0,1,1.0,1.0000400194845012,214.25593067236565,1.0000400194845012,frenet,4,9ecfa50ba9cce1c84c4cd852a9c60c237a41d65ff542dfb528d8f24686b70d8d,ppo-large-frenet-seed-4,218.83811230010906,850000
large,ppo,1.0,0.0,1,1.0,1.0001880080304337,223.33961787084326,1.0001880080304337,frenet,4,9ecfa50ba9cce1c84c4cd852a9c60c237a41d65ff542dfb528d8f24686b70d8d,ppo-large-frenet-seed-4,231.54739919974236,900000
large,ppo,1.0,0.0,1,1.0,1.0003466766439124,226.19557180358265,1.0003466766439124,frenet,4,9ecfa50ba9cce1c84c4cd852a9c60c237a41d65ff542dfb528d8f24686b70d8d,ppo-large-frenet-seed-4,244.2090276999552,950000
medium,ppo,1.0,0.0,1,1.0,1.000028942651602,229.44121831070106,1.000028942651602,frenet,0,e34ff7f871eba2fae32580a29108bef3d55ff366474f64cfa7acade52deda354,ppo-medium-frenet-seed-0,24.019346699849848,100000
medium,ppo,0.0,1.0,1,0.0,0.9190248725366367,60.62884857988213,0.9190248725366367,frenet,0,e34ff7f871eba2fae32580a29108bef3d55ff366474f64cfa7acade52deda354,ppo-medium-frenet-seed-0,239.54374930055565,1000000
medium,ppo,1.0,0.0,1,1.0,1.00028573060252,203.701343022644,1.00028573060252,frenet,0,e34ff7f871eba2fae32580a29108bef3d55ff366474f64cfa7acade52deda354,ppo-medium-frenet-seed-0,251.09368220054967,1050000
medium,ppo,1.0,0.0,1,1.0,1.0003404577604629,208.93154330159052,1.0003404577604629,frenet,0,e34ff7f871eba2fae32580a29108bef3d55ff366474f64cfa7acade52deda354,ppo-medium-frenet-seed-0,263.3726328004377,1100000
medium,ppo,1.0,0.0,1,1.0,1.0003145016705777,201.12965229365486,1.0003145016705777,frenet,0,e34ff7f871eba2fae32580a29108bef3d55ff366474f64cfa7acade52deda354,ppo-medium-frenet-seed-0,275.0578131002112,1150000
medium,ppo,1.0,0.0,1,1.0,1.0002797947332174,205.804698387973,1.0002797947332174,frenet,0,e34ff7f871eba2fae32580a29108bef3d55ff366474f64cfa7acade52deda354,ppo-medium-frenet-seed-0,287.22216170036336,1200000
medium,ppo,0.0,1.0,1,0.0,0.36290707233323843,20.932823884241763,0.36290707233323843,frenet,0,e34ff7f871eba2fae32580a29108bef3d55ff366474f64cfa7acade52deda354,ppo-medium-frenet-seed-0,299.2909115005459,1250000
medium,ppo,1.0,0.0,1,1.0,1.0000684198090342,224.00202891338225,1.0000684198090342,frenet,0,e34ff7f871eba2fae32580a29108bef3d55ff366474f64cfa7acade52deda354,ppo-medium-frenet-seed-0,311.14086720076375,1300000
medium,ppo,1.0,0.0,1,1.0,1.0003517540162001,219.03999679517912,1.0003517540162001,frenet,0,e34ff7f871eba2fae32580a29108bef3d55ff366474f64cfa7acade52deda354,ppo-medium-frenet-seed-0,323.1424978007635,1350000
medium,ppo,1.0,0.0,1,1.0,1.0000525922894445,227.91710878817688,1.0000525922894445,frenet,0,e34ff7f871eba2fae32580a29108bef3d55ff366474f64cfa7acade52deda354,ppo-medium-frenet-seed-0,335.0077522008469,1400000
medium,ppo,1.0,0.0,1,1.0,1.000315455456159,231.66819684256882,1.000315455456159,frenet,0,e34ff7f871eba2fae32580a29108bef3d55ff366474f64cfa7acade52deda354,ppo-medium-frenet-seed-0,346.9854811009318,1450000
medium,ppo,1.0,0.0,1,1.0,1.0000860231632391,233.08560404998443,1.0000860231632391,frenet,0,e34ff7f871eba2fae32580a29108bef3d55ff366474f64cfa7acade52deda354,ppo-medium-frenet-seed-0,36.0691799998458,150000
medium,ppo,1.0,0.0,1,1.0,1.0000493773266468,228.32088736225802,1.0000493773266468,frenet,0,e34ff7f871eba2fae32580a29108bef3d55ff366474f64cfa7acade52deda354,ppo-medium-frenet-seed-0,358.79749280097167,1500000
medium,ppo,1.0,0.0,1,1.0,1.0000174177993473,229.0771796269363,1.0000174177993473,frenet,0,e34ff7f871eba2fae32580a29108bef3d55ff366474f64cfa7acade52deda354,ppo-medium-frenet-seed-0,370.85333290089693,1550000
medium,ppo,0.0,1.0,1,0.0,0.43809951420816856,27.753551630332062,0.43809951420816856,frenet,0,e34ff7f871eba2fae32580a29108bef3d55ff366474f64cfa7acade52deda354,ppo-medium-frenet-seed-0,382.8428724008809,1600000
medium,ppo,0.0,1.0,1,0.0,0.4384654298787163,27.760104922942176,0.4384654298787163,frenet,0,e34ff7f871eba2fae32580a29108bef3d55ff366474f64cfa7acade52deda354,ppo-medium-frenet-seed-0,394.5417364010973,1650000
medium,ppo,1.0,0.0,1,1.0,1.0001447732132918,230.29687271525984,1.0001447732132918,frenet,0,e34ff7f871eba2fae32580a29108bef3d55ff366474f64cfa7acade52deda354,ppo-medium-frenet-seed-0,406.60392580118787,1700000
medium,ppo,1.0,0.0,1,1.0,1.000246241477544,231.39096842754248,1.000246241477544,frenet,0,e34ff7f871eba2fae32580a29108bef3d55ff366474f64cfa7acade52deda354,ppo-medium-frenet-seed-0,418.3734352012034,1750000
medium,ppo,1.0,0.0,1,1.0,1.0004096482978966,229.75489831950802,1.0004096482978966,frenet,0,e34ff7f871eba2fae32580a29108bef3d55ff366474f64cfa7acade52deda354,ppo-medium-frenet-seed-0,430.2279653011792,1800000
medium,ppo,1.0,0.0,1,1.0,1.0000090718351775,231.33049012476582,1.0000090718351775,frenet,0,e34ff7f871eba2fae32580a29108bef3d55ff366474f64cfa7acade52deda354,ppo-medium-frenet-seed-0,442.36435770131357,1850000
medium,ppo,1.0,0.0,1,1.0,1.0004057217048927,232.66848803380344,1.0004057217048927,frenet,0,e34ff7f871eba2fae32580a29108bef3d55ff366474f64cfa7acade52deda354,ppo-medium-frenet-seed-0,454.2894492013256,1900000
medium,ppo,1.0,0.0,1,1.0,1.0004003895870008,235.99372085917736,1.0004003895870008,frenet,0,e34ff7f871eba2fae32580a29108bef3d55ff366474f64cfa7acade52deda354,ppo-medium-frenet-seed-0,466.55531870127743,1950000
medium,ppo,1.0,0.0,1,1.0,1.0002903746097025,231.8971247152636,1.0002903746097025,frenet,0,e34ff7f871eba2fae32580a29108bef3d55ff366474f64cfa7acade52deda354,ppo-medium-frenet-seed-0,48.15371629981382,200000
medium,ppo,1.0,0.0,1,1.0,1.0002112268217693,233.50449853055267,1.0002112268217693,frenet,0,e34ff7f871eba2fae32580a29108bef3d55ff366474f64cfa7acade52deda354,ppo-medium-frenet-seed-0,478.3693197011926,2000000
medium,ppo,1.0,0.0,1,1.0,1.0003187313113115,226.5515617945174,1.0003187313113115,frenet,0,e34ff7f871eba2fae32580a29108bef3d55ff366474f64cfa7acade52deda354,ppo-medium-frenet-seed-0,60.1824017999279,250000
medium,ppo,0.0,1.0,1,0.0,0.44231876705731404,27.590090897532875,0.44231876705731404,frenet,0,e34ff7f871eba2fae32580a29108bef3d55ff366474f64cfa7acade52deda354,ppo-medium-frenet-seed-0,71.93496990002313,300000
medium,ppo,1.0,0.0,1,1.0,1.000124388666072,225.94749793800835,1.000124388666072,frenet,0,e34ff7f871eba2fae32580a29108bef3d55ff366474f64cfa7acade52deda354,ppo-medium-frenet-seed-0,83.88513460016475,350000
medium,ppo,1.0,0.0,1,1.0,1.0001041991835264,221.09779999815578,1.0001041991835264,frenet,0,e34ff7f871eba2fae32580a29108bef3d55ff366474f64cfa7acade52deda354,ppo-medium-frenet-seed-0,95.86907810018965,400000
medium,ppo,1.0,0.0,1,1.0,1.0000653433097921,197.39202547172218,1.0000653433097921,frenet,0,e34ff7f871eba2fae32580a29108bef3d55ff366474f64cfa7acade52deda354,ppo-medium-frenet-seed-0,107.6318517002801,450000
medium,ppo,0.0,1.0,1,0.0,0.6830442439515159,46.74283832006439,0.6830442439515159,frenet,0,e34ff7f871eba2fae32580a29108bef3d55ff366474f64cfa7acade52deda354,ppo-medium-frenet-seed-0,11.960186400006933,50000
medium,ppo,0.0,1.0,1,0.0,0.6708998302518264,42.453573025273165,0.6708998302518264,frenet,0,e34ff7f871eba2fae32580a29108bef3d55ff366474f64cfa7acade52deda354,ppo-medium-frenet-seed-0,119.65337240021836,500000
medium,ppo,1.0,0.0,1,1.0,1.0002948385251802,215.83151953519223,1.0002948385251802,frenet,0,e34ff7f871eba2fae32580a29108bef3d55ff366474f64cfa7acade52deda354,ppo-medium-frenet-seed-0,131.61383450020367,550000
medium,ppo,1.0,0.0,1,1.0,1.0002993542382006,216.8785188585842,1.0002993542382006,frenet,0,e34ff7f871eba2fae32580a29108bef3d55ff366474f64cfa7acade52deda354,ppo-medium-frenet-seed-0,143.58652240024094,600000
medium,ppo,1.0,0.0,1,1.0,1.000072783130332,209.15354694472998,1.000072783130332,frenet,0,e34ff7f871eba2fae32580a29108bef3d55ff366474f64cfa7acade52deda354,ppo-medium-frenet-seed-0,155.78607230032503,650000
medium,ppo,1.0,0.0,1,1.0,1.0000676634231986,212.46237713740564,1.0000676634231986,frenet,0,e34ff7f871eba2fae32580a29108bef3d55ff366474f64cfa7acade52deda354,ppo-medium-frenet-seed-0,167.45547690058447,700000
medium,ppo,1.0,0.0,1,1.0,1.0001030493183207,220.4939912761271,1.0001030493183207,frenet,0,e34ff7f871eba2fae32580a29108bef3d55ff366474f64cfa7acade52deda354,ppo-medium-frenet-seed-0,179.76410070066413,750000
medium,ppo,1.0,0.0,1,1.0,1.0000913430367409,202.43721149177233,1.0000913430367409,frenet,0,e34ff7f871eba2fae32580a29108bef3d55ff366474f64cfa7acade52deda354,ppo-medium-frenet-seed-0,191.5396917006001,800000
medium,ppo,1.0,0.0,1,1.0,1.0000934192183153,200.33788624884244,1.0000934192183153,frenet,0,e34ff7f871eba2fae32580a29108bef3d55ff366474f64cfa7acade52deda354,ppo-medium-frenet-seed-0,203.41684720063859,850000
medium,ppo,1.0,0.0,1,1.0,1.0000594550617943,200.45755282122067,1.0000594550617943,frenet,0,e34ff7f871eba2fae32580a29108bef3d55ff366474f64cfa7acade52deda354,ppo-medium-frenet-seed-0,214.95530470059748,900000
medium,ppo,1.0,0.0,1,1.0,1.0001393283589965,204.2443368214906,1.0001393283589965,frenet,0,e34ff7f871eba2fae32580a29108bef3d55ff366474f64cfa7acade52deda354,ppo-medium-frenet-seed-0,226.88541110048754,950000
medium,ppo,1.0,0.0,1,1.0,1.0001861781529897,209.30659515616117,1.0001861781529897,frenet,1,ba05ceca1d3b77d0c1c1c56e8c2d094b4b4a63687b7fae5bf03e40193f064426,ppo-medium-frenet-seed-1,24.022829599984107,100000
medium,ppo,1.0,0.0,1,1.0,1.0001570360132102,201.24233548665853,1.0001570360132102,frenet,1,ba05ceca1d3b77d0c1c1c56e8c2d094b4b4a63687b7fae5bf03e40193f064426,ppo-medium-frenet-seed-1,233.57304220049627,1000000
medium,ppo,1.0,0.0,1,1.0,1.0003165513270842,205.18217540587182,1.0003165513270842,frenet,1,ba05ceca1d3b77d0c1c1c56e8c2d094b4b4a63687b7fae5bf03e40193f064426,ppo-medium-frenet-seed-1,245.01662970052712,1050000
medium,ppo,1.0,0.0,1,1.0,1.000336398119641,201.2236852483806,1.000336398119641,frenet,1,ba05ceca1d3b77d0c1c1c56e8c2d094b4b4a63687b7fae5bf03e40193f064426,ppo-medium-frenet-seed-1,257.60568230080753,1100000
medium,ppo,1.0,0.0,1,1.0,1.0003523080745134,208.3874552977707,1.0003523080745134,frenet,1,ba05ceca1d3b77d0c1c1c56e8c2d094b4b4a63687b7fae5bf03e40193f064426,ppo-medium-frenet-seed-1,269.18290610078475,1150000
medium,ppo,1.0,0.0,1,1.0,1.0000046373717506,205.98249249268258,1.0000046373717506,frenet,1,ba05ceca1d3b77d0c1c1c56e8c2d094b4b4a63687b7fae5bf03e40193f064426,ppo-medium-frenet-seed-1,280.920411800751,1200000
medium,ppo,0.0,1.0,1,0.0,0.4469503825536501,26.029508425767826,0.4469503825536501,frenet,1,ba05ceca1d3b77d0c1c1c56e8c2d094b4b4a63687b7fae5bf03e40193f064426,ppo-medium-frenet-seed-1,292.71488360070725,1250000
medium,ppo,1.0,0.0,1,1.0,1.00017221742765,213.30389079623603,1.00017221742765,frenet,1,ba05ceca1d3b77d0c1c1c56e8c2d094b4b4a63687b7fae5bf03e40193f064426,ppo-medium-frenet-seed-1,304.39008480083066,1300000
medium,ppo,1.0,0.0,1,1.0,1.000257144373106,219.18091080590864,1.000257144373106,frenet,1,ba05ceca1d3b77d0c1c1c56e8c2d094b4b4a63687b7fae5bf03e40193f064426,ppo-medium-frenet-seed-1,316.211519200966,1350000
medium,ppo,1.0,0.0,1,1.0,1.000096077864187,217.9734902427585,1.000096077864187,frenet,1,ba05ceca1d3b77d0c1c1c56e8c2d094b4b4a63687b7fae5bf03e40193f064426,ppo-medium-frenet-seed-1,327.96640360099263,1400000
medium,ppo,1.0,0.0,1,1.0,1.0000119638057645,218.21295159209978,1.0000119638057645,frenet,1,ba05ceca1d3b77d0c1c1c56e8c2d094b4b4a63687b7fae5bf03e40193f064426,ppo-medium-frenet-seed-1,339.7658417010134,1450000
medium,ppo,1.0,0.0,1,1.0,1.0002126024775917,212.86758408749097,1.0002126024775917,frenet,1,ba05ceca1d3b77d0c1c1c56e8c2d094b4b4a63687b7fae5bf03e40193f064426,ppo-medium-frenet-seed-1,36.06290390000868,150000
medium,ppo,0.0,1.0,1,0.0,0.11511866149406268,2.3980665130740233,0.11511866149406268,frenet,1,ba05ceca1d3b77d0c1c1c56e8c2d094b4b4a63687b7fae5bf03e40193f064426,ppo-medium-frenet-seed-1,351.4682420009485,1500000
medium,ppo,1.0,0.0,1,1.0,1.0001340831018555,219.88029800202483,1.0001340831018555,frenet,1,ba05ceca1d3b77d0c1c1c56e8c2d094b4b4a63687b7fae5bf03e40193f064426,ppo-medium-frenet-seed-1,363.23283700082175,1550000
medium,ppo,1.0,0.0,1,1.0,1.000135317730049,215.02045669325952,1.000135317730049,frenet,1,ba05ceca1d3b77d0c1c1c56e8c2d094b4b4a63687b7fae5bf03e40193f064426,ppo-medium-frenet-seed-1,374.9840039009614,1600000
medium,ppo,1.0,0.0,1,1.0,1.0002592248629345,214.74985161705195,1.0002592248629345,frenet,1,ba05ceca1d3b77d0c1c1c56e8c2d094b4b4a63687b7fae5bf03e40193f064426,ppo-medium-frenet-seed-1,386.7354687008301,1650000
medium,ppo,1.0,0.0,1,1.0,1.000019036796259,211.8438262211307,1.000019036796259,frenet,1,ba05ceca1d3b77d0c1c1c56e8c2d094b4b4a63687b7fae5bf03e40193f064426,ppo-medium-frenet-seed-1,398.50932400090096,1700000
medium,ppo,1.0,0.0,1,1.0,1.0000620048542062,215.19134087171193,1.0000620048542062,frenet,1,ba05ceca1d3b77d0c1c1c56e8c2d094b4b4a63687b7fae5bf03e40193f064426,ppo-medium-frenet-seed-1,410.2454546010922,1750000
medium,ppo,1.0,0.0,1,1.0,1.0002480712577846,211.50703868172428,1.0002480712577846,frenet,1,ba05ceca1d3b77d0c1c1c56e8c2d094b4b4a63687b7fae5bf03e40193f064426,ppo-medium-frenet-seed-1,421.9772101011404,1800000
medium,ppo,1.0,0.0,1,1.0,1.0001810885033136,211.96869408386897,1.0001810885033136,frenet,1,ba05ceca1d3b77d0c1c1c56e8c2d094b4b4a63687b7fae5bf03e40193f064426,ppo-medium-frenet-seed-1,433.66229230116005,1850000
medium,ppo,1.0,0.0,1,1.0,1.0000002607728904,214.68409838444762,1.0000002607728904,frenet,1,ba05ceca1d3b77d0c1c1c56e8c2d094b4b4a63687b7fae5bf03e40193f064426,ppo-medium-frenet-seed-1,445.2732722010878,1900000
medium,ppo,1.0,0.0,1,1.0,1.0003197070390784,213.77833478333915,1.0003197070390784,frenet,1,ba05ceca1d3b77d0c1c1c56e8c2d094b4b4a63687b7fae5bf03e40193f064426,ppo-medium-frenet-seed-1,457.0869760010137,1950000
medium,ppo,1.0,0.0,1,1.0,1.0003219701169024,215.1783803095572,1.0003219701169024,frenet,1,ba05ceca1d3b77d0c1c1c56e8c2d094b4b4a63687b7fae5bf03e40193f064426,ppo-medium-frenet-seed-1,47.80881390001741,200000
medium,ppo,1.0,0.0,1,1.0,1.0000690389730043,215.80863721577492,1.0000690389730043,frenet,1,ba05ceca1d3b77d0c1c1c56e8c2d094b4b4a63687b7fae5bf03e40193f064426,ppo-medium-frenet-seed-1,468.8397808010486,2000000
medium,ppo,1.0,0.0,1,1.0,1.0001945591992998,211.10322080459497,1.0001945591992998,frenet,1,ba05ceca1d3b77d0c1c1c56e8c2d094b4b4a63687b7fae5bf03e40193f064426,ppo-medium-frenet-seed-1,59.69717070015395,250000
medium,ppo,1.0,0.0,1,1.0,1.0002943684673062,210.3164304025613,1.0002943684673062,frenet,1,ba05ceca1d3b77d0c1c1c56e8c2d094b4b4a63687b7fae5bf03e40193f064426,ppo-medium-frenet-seed-1,71.39617830009593,300000
medium,ppo,1.0,0.0,1,1.0,1.0001091918180818,208.7536427590561,1.0001091918180818,frenet,1,ba05ceca1d3b77d0c1c1c56e8c2d094b4b4a63687b7fae5bf03e40193f064426,ppo-medium-frenet-seed-1,83.10652830014078,350000
medium,ppo,1.0,0.0,1,1.0,1.000323860772803,208.20157517824578,1.000323860772803,frenet,1,ba05ceca1d3b77d0c1c1c56e8c2d094b4b4a63687b7fae5bf03e40193f064426,ppo-medium-frenet-seed-1,95.04268930010221,400000
medium,ppo,1.0,0.0,1,1.0,1.0003096207679725,201.93738990235872,1.0003096207679725,frenet,1,ba05ceca1d3b77d0c1c1c56e8c2d094b4b4a63687b7fae5bf03e40193f064426,ppo-medium-frenet-seed-1,106.92104220018155,450000
medium,ppo,0.0,1.0,1,0.0,0.2184049461942805,9.801136625048533,0.2184049461942805,frenet,1,ba05ceca1d3b77d0c1c1c56e8c2d094b4b4a63687b7fae5bf03e40193f064426,ppo-medium-frenet-seed-1,12.15693780004949,50000
medium,ppo,1.0,0.0,1,1.0,1.0001953035722793,203.87498437871574,1.0001953035722793,frenet,1,ba05ceca1d3b77d0c1c1c56e8c2d094b4b4a63687b7fae5bf03e40193f064426,ppo-medium-frenet-seed-1,118.87912350035913,500000
medium,ppo,1.0,0.0,1,1.0,1.000209613629639,202.8658296709709,1.000209613629639,frenet,1,ba05ceca1d3b77d0c1c1c56e8c2d094b4b4a63687b7fae5bf03e40193f064426,ppo-medium-frenet-seed-1,130.65796700027568,550000
medium,ppo,1.0,0.0,1,1.0,1.0001228485197988,208.00483479229348,1.0001228485197988,frenet,1,ba05ceca1d3b77d0c1c1c56e8c2d094b4b4a63687b7fae5bf03e40193f064426,ppo-medium-frenet-seed-1,142.54022950037688,600000
medium,ppo,1.0,0.0,1,1.0,1.0000174806670836,203.3179057585039,1.0000174806670836,frenet,1,ba05ceca1d3b77d0c1c1c56e8c2d094b4b4a63687b7fae5bf03e40193f064426,ppo-medium-frenet-seed-1,154.24186250040293,650000
medium,ppo,1.0,0.0,1,1.0,1.0001611282637661,206.56907028568537,1.0001611282637661,frenet,1,ba05ceca1d3b77d0c1c1c56e8c2d094b4b4a63687b7fae5bf03e40193f064426,ppo-medium-frenet-seed-1,165.59048700040876,700000
medium,ppo,1.0,0.0,1,1.0,1.0000361925327814,208.13426844440278,1.0000361925327814,frenet,1,ba05ceca1d3b77d0c1c1c56e8c2d094b4b4a63687b7fae5bf03e40193f064426,ppo-medium-frenet-seed-1,176.81589020039246,750000
medium,ppo,1.0,0.0,1,1.0,1.0001386163781116,206.2768320048118,1.0001386163781116,frenet,1,ba05ceca1d3b77d0c1c1c56e8c2d094b4b4a63687b7fae5bf03e40193f064426,ppo-medium-frenet-seed-1,187.88527990047078,800000
medium,ppo,1.0,0.0,1,1.0,1.000278749567206,207.07885069978124,1.000278749567206,frenet,1,ba05ceca1d3b77d0c1c1c56e8c2d094b4b4a63687b7fae5bf03e40193f064426,ppo-medium-frenet-seed-1,199.25877120052246,850000
medium,ppo,1.0,0.0,1,1.0,1.0002218817670734,205.38708874419842,1.0002218817670734,frenet,1,ba05ceca1d3b77d0c1c1c56e8c2d094b4b4a63687b7fae5bf03e40193f064426,ppo-medium-frenet-seed-1,210.46864460055804,900000
medium,ppo,1.0,0.0,1,1.0,1.0001156226603192,202.6429057542824,1.0001156226603192,frenet,1,ba05ceca1d3b77d0c1c1c56e8c2d094b4b4a63687b7fae5bf03e40193f064426,ppo-medium-frenet-seed-1,221.90609540063087,950000
medium,ppo,1.0,0.0,1,1.0,1.0002362306803116,221.04726748069982,1.0002362306803116,frenet,2,75cc5af0a06a05f20a2f844fba201f906e5d2a5ddea9e58133860400f27a2444,ppo-medium-frenet-seed-2,23.30718759983938,100000
medium,ppo,1.0,0.0,1,1.0,1.0002144158873367,213.7367683121298,1.0002144158873367,frenet,2,75cc5af0a06a05f20a2f844fba201f906e5d2a5ddea9e58133860400f27a2444,ppo-medium-frenet-seed-2,228.28300869966552,1000000
medium,ppo,0.0,1.0,1,0.0,0.9258380952572663,60.75853954738787,0.9258380952572663,frenet,2,75cc5af0a06a05f20a2f844fba201f906e5d2a5ddea9e58133860400f27a2444,ppo-medium-frenet-seed-2,239.62316789974648,1050000
medium,ppo,1.0,0.0,1,1.0,1.0001810051417863,214.52487568104277,1.0001810051417863,frenet,2,75cc5af0a06a05f20a2f844fba201f906e5d2a5ddea9e58133860400f27a2444,ppo-medium-frenet-seed-2,251.39391779959988,1100000
medium,ppo,1.0,0.0,1,1.0,1.000293773130925,213.55956307289193,1.000293773130925,frenet,2,75cc5af0a06a05f20a2f844fba201f906e5d2a5ddea9e58133860400f27a2444,ppo-medium-frenet-seed-2,263.08795549974093,1150000
medium,ppo,0.0,1.0,1,0.0,0.9181963360992142,61.41273582232708,0.9181963360992142,frenet,2,75cc5af0a06a05f20a2f844fba201f906e5d2a5ddea9e58133860400f27a2444,ppo-medium-frenet-seed-2,274.59326719988894,1200000
medium,ppo,1.0,0.0,1,1.0,1.0001490572303517,215.45664933380579,1.0001490572303517,frenet,2,75cc5af0a06a05f20a2f844fba201f906e5d2a5ddea9e58133860400f27a2444,ppo-medium-frenet-seed-2,286.83396459977666,1250000
medium,ppo,1.0,0.0,1,1.0,1.0000712241492788,216.5963029031796,1.0000712241492788,frenet,2,75cc5af0a06a05f20a2f844fba201f906e5d2a5ddea9e58133860400f27a2444,ppo-medium-frenet-seed-2,298.6487875000348,1300000
medium,ppo,1.0,0.0,1,1.0,1.0000215544227253,214.79018600312102,1.0000215544227253,frenet,2,75cc5af0a06a05f20a2f844fba201f906e5d2a5ddea9e58133860400f27a2444,ppo-medium-frenet-seed-2,310.51244640021105,1350000
medium,ppo,1.0,0.0,1,1.0,1.0002059688633629,213.2240302887049,1.0002059688633629,frenet,2,75cc5af0a06a05f20a2f844fba201f906e5d2a5ddea9e58133860400f27a2444,ppo-medium-frenet-seed-2,322.0747677003019,1400000
medium,ppo,0.0,1.0,1,0.0,0.6899729488652735,44.36881462330169,0.6899729488652735,frenet,2,75cc5af0a06a05f20a2f844fba201f906e5d2a5ddea9e58133860400f27a2444,ppo-medium-frenet-seed-2,333.95744550030213,1450000
medium,ppo,1.0,0.0,1,1.0,1.0003311085004716,222.6036990092706,1.0003311085004716,frenet,2,75cc5af0a06a05f20a2f844fba201f906e5d2a5ddea9e58133860400f27a2444,ppo-medium-frenet-seed-2,34.98109339972507,150000
medium,ppo,0.0,1.0,1,0.0,0.7025082422503857,44.98678794485095,0.7025082422503857,frenet,2,75cc5af0a06a05f20a2f844fba201f906e5d2a5ddea9e58133860400f27a2444,ppo-medium-frenet-seed-2,345.4414231003029,1500000
medium,ppo,1.0,0.0,1,1.0,1.0002616120599188,214.8570916941835,1.0002616120599188,frenet,2,75cc5af0a06a05f20a2f844fba201f906e5d2a5ddea9e58133860400f27a2444,ppo-medium-frenet-seed-2,356.5615967003323,1550000
medium,ppo,1.0,0.0,1,1.0,1.0001682763800486,213.84111119066608,1.0001682763800486,frenet,2,75cc5af0a06a05f20a2f844fba201f906e5d2a5ddea9e58133860400f27a2444,ppo-medium-frenet-seed-2,368.2076136003161,1600000
medium,ppo,1.0,0.0,1,1.0,1.0001169493030353,216.49813698068493,1.0001169493030353,frenet,2,75cc5af0a06a05f20a2f844fba201f906e5d2a5ddea9e58133860400f27a2444,ppo-medium-frenet-seed-2,379.6009263005435,1650000
medium,ppo,1.0,0.0,1,1.0,1.0002002048886363,219.24154995737615,1.0002002048886363,frenet,2,75cc5af0a06a05f20a2f844fba201f906e5d2a5ddea9e58133860400f27a2444,ppo-medium-frenet-seed-2,391.123985600414,1700000
medium,ppo,1.0,0.0,1,1.0,1.0003202077135578,216.73336186284462,1.0003202077135578,frenet,2,75cc5af0a06a05f20a2f844fba201f906e5d2a5ddea9e58133860400f27a2444,ppo-medium-frenet-seed-2,402.4027383000757,1750000
medium,ppo,1.0,0.0,1,1.0,1.0003109587818364,219.929695187893,1.0003109587818364,frenet,2,75cc5af0a06a05f20a2f844fba201f906e5d2a5ddea9e58133860400f27a2444,ppo-medium-frenet-seed-2,413.65102189999743,1800000
medium,ppo,1.0,0.0,1,1.0,1.0003872555416207,223.0912375375965,1.0003872555416207,frenet,2,75cc5af0a06a05f20a2f844fba201f906e5d2a5ddea9e58133860400f27a2444,ppo-medium-frenet-seed-2,425.0153228999079,1850000
medium,ppo,1.0,0.0,1,1.0,1.0000476091602428,220.90587342669892,1.0000476091602428,frenet,2,75cc5af0a06a05f20a2f844fba201f906e5d2a5ddea9e58133860400f27a2444,ppo-medium-frenet-seed-2,436.39062929982174,1900000
medium,ppo,1.0,0.0,1,1.0,1.0001336225088795,219.37467137551448,1.0001336225088795,frenet,2,75cc5af0a06a05f20a2f844fba201f906e5d2a5ddea9e58133860400f27a2444,ppo-medium-frenet-seed-2,447.8928603998502,1950000
medium,ppo,1.0,0.0,1,1.0,1.0001698368699292,226.5340102130789,1.0001698368699292,frenet,2,75cc5af0a06a05f20a2f844fba201f906e5d2a5ddea9e58133860400f27a2444,ppo-medium-frenet-seed-2,46.48857619968112,200000
medium,ppo,1.0,0.0,1,1.0,1.0000644069214504,217.56833801346193,1.0000644069214504,frenet,2,75cc5af0a06a05f20a2f844fba201f906e5d2a5ddea9e58133860400f27a2444,ppo-medium-frenet-seed-2,459.18763529995704,2000000
medium,ppo,1.0,0.0,1,1.0,1.0002225853650473,224.69314502764513,1.0002225853650473,frenet,2,75cc5af0a06a05f20a2f844fba201f906e5d2a5ddea9e58133860400f27a2444,ppo-medium-frenet-seed-2,58.19267769991711,250000
medium,ppo,1.0,0.0,1,1.0,1.0000892540772883,222.42987084647788,1.0000892540772883,frenet,2,75cc5af0a06a05f20a2f844fba201f906e5d2a5ddea9e58133860400f27a2444,ppo-medium-frenet-seed-2,69.31964699976743,300000
medium,ppo,1.0,0.0,1,1.0,1.0000537165202859,218.68770674224152,1.0000537165202859,frenet,2,75cc5af0a06a05f20a2f844fba201f906e5d2a5ddea9e58133860400f27a2444,ppo-medium-frenet-seed-2,80.43593079963466,350000
medium,ppo,1.0,0.0,1,1.0,1.0001426826945907,208.7670739805592,1.0001426826945907,frenet,2,75cc5af0a06a05f20a2f844fba201f906e5d2a5ddea9e58133860400f27a2444,ppo-medium-frenet-seed-2,91.90265389978231,400000
medium,ppo,1.0,0.0,1,1.0,1.0002404558002562,203.48513033097365,1.0002404558002562,frenet,2,75cc5af0a06a05f20a2f844fba201f906e5d2a5ddea9e58133860400f27a2444,ppo-medium-frenet-seed-2,103.19775059964013,450000
medium,ppo,0.0,1.0,1,0.0,0.6889511210350368,45.82397075442582,0.6889511210350368,frenet,2,75cc5af0a06a05f20a2f844fba201f906e5d2a5ddea9e58133860400f27a2444,ppo-medium-frenet-seed-2,11.814589599791361,50000
medium,ppo,1.0,0.0,1,1.0,1.0003085191655126,203.73856320041438,1.0003085191655126,frenet,2,75cc5af0a06a05f20a2f844fba201f906e5d2a5ddea9e58133860400f27a2444,ppo-medium-frenet-seed-2,115.02337199970498,500000
medium,ppo,1.0,0.0,1,1.0,1.00026984250402,214.9949073832283,1.00026984250402,frenet,2,75cc5af0a06a05f20a2f844fba201f906e5d2a5ddea9e58133860400f27a2444,ppo-medium-frenet-seed-2,126.06998169964936,550000
medium,ppo,1.0,0.0,1,1.0,1.0000457333289179,216.9534616592382,1.0000457333289179,frenet,2,75cc5af0a06a05f20a2f844fba201f906e5d2a5ddea9e58133860400f27a2444,ppo-medium-frenet-seed-2,137.2897934998473,600000
medium,ppo,1.0,0.0,1,1.0,1.0000577370479273,218.02709851426866,1.0000577370479273,frenet,2,75cc5af0a06a05f20a2f844fba201f906e5d2a5ddea9e58133860400f27a2444,ppo-medium-frenet-seed-2,148.73147379995498,650000
medium,ppo,1.0,0.0,1,1.0,1.0002851951981881,214.75164868734868,1.0002851951981881,frenet,2,75cc5af0a06a05f20a2f844fba201f906e5d2a5ddea9e58133860400f27a2444,ppo-medium-frenet-seed-2,160.0048905998592,700000
medium,ppo,1.0,0.0,1,1.0,1.0001546777331776,211.6127229669251,1.0001546777331776,frenet,2,75cc5af0a06a05f20a2f844fba201f906e5d2a5ddea9e58133860400f27a2444,ppo-medium-frenet-seed-2,171.57084599972586,750000
medium,ppo,1.0,0.0,1,1.0,1.0001564028093721,220.4541166352163,1.0001564028093721,frenet,2,75cc5af0a06a05f20a2f844fba201f906e5d2a5ddea9e58133860400f27a2444,ppo-medium-frenet-seed-2,182.8476426998095,800000
medium,ppo,1.0,0.0,1,1.0,1.0000453376737828,217.027244432276,1.0000453376737828,frenet,2,75cc5af0a06a05f20a2f844fba201f906e5d2a5ddea9e58133860400f27a2444,ppo-medium-frenet-seed-2,194.07504189978135,850000
medium,ppo,1.0,0.0,1,1.0,1.000086388935947,218.82803813196492,1.000086388935947,frenet,2,75cc5af0a06a05f20a2f844fba201f906e5d2a5ddea9e58133860400f27a2444,ppo-medium-frenet-seed-2,205.23057819958922,900000
medium,ppo,1.0,0.0,1,1.0,1.0000390674258952,220.90589803219083,1.0000390674258952,frenet,2,75cc5af0a06a05f20a2f844fba201f906e5d2a5ddea9e58133860400f27a2444,ppo-medium-frenet-seed-2,216.4814271995965,950000
medium,ppo,1.0,0.0,1,1.0,1.000014879496643,230.98315622041778,1.000014879496643,frenet,3,54787958599a3761cc0cb309cbd4d031abb7c33e57f8c97ea287de87c4409ecf,ppo-medium-frenet-seed-3,23.003525099797116,100000
medium,ppo,1.0,0.0,1,1.0,1.0002927207809673,211.1173771873332,1.0002927207809673,frenet,3,54787958599a3761cc0cb309cbd4d031abb7c33e57f8c97ea287de87c4409ecf,ppo-medium-frenet-seed-3,233.1855809997396,1000000
medium,ppo,1.0,0.0,1,1.0,1.0002300951987004,213.05274459791696,1.0002300951987004,frenet,3,54787958599a3761cc0cb309cbd4d031abb7c33e57f8c97ea287de87c4409ecf,ppo-medium-frenet-seed-3,244.99764509972738,1050000
medium,ppo,1.0,0.0,1,1.0,1.0003287378535908,215.7965221336283,1.0003287378535908,frenet,3,54787958599a3761cc0cb309cbd4d031abb7c33e57f8c97ea287de87c4409ecf,ppo-medium-frenet-seed-3,257.57892879971405,1100000
medium,ppo,1.0,0.0,1,1.0,1.0000748394279544,219.76801300429514,1.0000748394279544,frenet,3,54787958599a3761cc0cb309cbd4d031abb7c33e57f8c97ea287de87c4409ecf,ppo-medium-frenet-seed-3,269.42453199981173,1150000
medium,ppo,1.0,0.0,1,1.0,1.0002462741934348,209.77335028005018,1.0002462741934348,frenet,3,54787958599a3761cc0cb309cbd4d031abb7c33e57f8c97ea287de87c4409ecf,ppo-medium-frenet-seed-3,281.12557799973,1200000
medium,ppo,1.0,0.0,1,1.0,1.000070232675295,217.06838266467696,1.000070232675295,frenet,3,54787958599a3761cc0cb309cbd4d031abb7c33e57f8c97ea287de87c4409ecf,ppo-medium-frenet-seed-3,293.0979161994692,1250000
medium,ppo,1.0,0.0,1,1.0,1.0001727116974326,220.27899695456975,1.0001727116974326,frenet,3,54787958599a3761cc0cb309cbd4d031abb7c33e57f8c97ea287de87c4409ecf,ppo-medium-frenet-seed-3,304.8598806995178,1300000
medium,ppo,1.0,0.0,1,1.0,1.000189346998411,221.72032139523202,1.000189346998411,frenet,3,54787958599a3761cc0cb309cbd4d031abb7c33e57f8c97ea287de87c4409ecf,ppo-medium-frenet-seed-3,318.27943069952744,1350000
medium,ppo,1.0,0.0,1,1.0,1.0000038044185748,220.90646460409494,1.0000038044185748,frenet,3,54787958599a3761cc0cb309cbd4d031abb7c33e57f8c97ea287de87c4409ecf,ppo-medium-frenet-seed-3,331.09236199953375,1400000
medium,ppo,1.0,0.0,1,1.0,1.00016618654125,217.5399848356,1.00016618654125,frenet,3,54787958599a3761cc0cb309cbd4d031abb7c33e57f8c97ea287de87c4409ecf,ppo-medium-frenet-seed-3,343.7947788997444,1450000
medium,ppo,1.0,0.0,1,1.0,1.0002669489926637,231.58213755772127,1.0002669489926637,frenet,3,54787958599a3761cc0cb309cbd4d031abb7c33e57f8c97ea287de87c4409ecf,ppo-medium-frenet-seed-3,34.56329489977725,150000
medium,ppo,1.0,0.0,1,1.0,1.0000799572679244,216.77413241694916,1.0000799572679244,frenet,3,54787958599a3761cc0cb309cbd4d031abb7c33e57f8c97ea287de87c4409ecf,ppo-medium-frenet-seed-3,356.2531800996221,1500000
medium,ppo,1.0,0.0,1,1.0,1.0000380993935574,218.1459141154429,1.0000380993935574,frenet,3,54787958599a3761cc0cb309cbd4d031abb7c33e57f8c97ea287de87c4409ecf,ppo-medium-frenet-seed-3,369.0972454996445,1550000
medium,ppo,1.0,0.0,1,1.0,1.0002326121423735,217.18767792222468,1.0002326121423735,frenet,3,54787958599a3761cc0cb309cbd4d031abb7c33e57f8c97ea287de87c4409ecf,ppo-medium-frenet-seed-3,382.1618176994234,1600000
medium,ppo,1.0,0.0,1,1.0,1.000089463135025,217.35982073132652,1.000089463135025,frenet,3,54787958599a3761cc0cb309cbd4d031abb7c33e57f8c97ea287de87c4409ecf,ppo-medium-frenet-seed-3,394.72879379945516,1650000
medium,ppo,1.0,0.0,1,1.0,1.000223025995071,218.52653970213976,1.000223025995071,frenet,3,54787958599a3761cc0cb309cbd4d031abb7c33e57f8c97ea287de87c4409ecf,ppo-medium-frenet-seed-3,407.3549861994434,1700000
medium,ppo,1.0,0.0,1,1.0,1.000345415019221,218.32453454634538,1.000345415019221,frenet,3,54787958599a3761cc0cb309cbd4d031abb7c33e57f8c97ea287de87c4409ecf,ppo-medium-frenet-seed-3,419.8142356994831,1750000
medium,ppo,1.0,0.0,1,1.0,1.0002738487117013,216.2611993966919,1.0002738487117013,frenet,3,54787958599a3761cc0cb309cbd4d031abb7c33e57f8c97ea287de87c4409ecf,ppo-medium-frenet-seed-3,432.70473819965264,1800000
medium,ppo,1.0,0.0,1,1.0,1.0000500807831074,215.70048949674748,1.0000500807831074,frenet,3,54787958599a3761cc0cb309cbd4d031abb7c33e57f8c97ea287de87c4409ecf,ppo-medium-frenet-seed-3,445.75570649946167,1850000
medium,ppo,1.0,0.0,1,1.0,1.0003195605810595,213.9998700936457,1.0003195605810595,frenet,3,54787958599a3761cc0cb309cbd4d031abb7c33e57f8c97ea287de87c4409ecf,ppo-medium-frenet-seed-3,458.5415779995237,1900000
medium,ppo,1.0,0.0,1,1.0,1.0001093974317303,210.41589560763794,1.0001093974317303,frenet,3,54787958599a3761cc0cb309cbd4d031abb7c33e57f8c97ea287de87c4409ecf,ppo-medium-frenet-seed-3,471.77208299930135,1950000
medium,ppo,1.0,0.0,1,1.0,1.0000571009957833,233.44228198718898,1.0000571009957833,frenet,3,54787958599a3761cc0cb309cbd4d031abb7c33e57f8c97ea287de87c4409ecf,ppo-medium-frenet-seed-3,45.726529699586536,200000
medium,ppo,1.0,0.0,1,1.0,1.0001433887307618,209.62046988646023,1.0001433887307618,frenet,3,54787958599a3761cc0cb309cbd4d031abb7c33e57f8c97ea287de87c4409ecf,ppo-medium-frenet-seed-3,484.63410459934676,2000000
medium,ppo,1.0,0.0,1,1.0,1.0000317857535854,233.9375090057215,1.0000317857535854,frenet,3,54787958599a3761cc0cb309cbd4d031abb7c33e57f8c97ea287de87c4409ecf,ppo-medium-frenet-seed-3,57.180469599690696,250000
medium,ppo,1.0,0.0,1,1.0,1.000246912282935,234.94499710890142,1.000246912282935,frenet,3,54787958599a3761cc0cb309cbd4d031abb7c33e57f8c97ea287de87c4409ecf,ppo-medium-frenet-seed-3,68.53515179964597,300000
medium,ppo,1.0,0.0,1,1.0,1.0002435749262941,233.100073065843,1.0002435749262941,frenet,3,54787958599a3761cc0cb309cbd4d031abb7c33e57f8c97ea287de87c4409ecf,ppo-medium-frenet-seed-3,80.13187189960081,350000
medium,ppo,1.0,0.0,1,1.0,1.0003478279044062,231.31253756716956,1.0003478279044062,frenet,3,54787958599a3761cc0cb309cbd4d031abb7c33e57f8c97ea287de87c4409ecf,ppo-medium-frenet-seed-3,91.97922389939049,400000
medium,ppo,1.0,0.0,1,1.0,1.0004085558839915,231.59247962550302,1.0004085558839915,frenet,3,54787958599a3761cc0cb309cbd4d031abb7c33e57f8c97ea287de87c4409ecf,ppo-medium-frenet-seed-3,103.45124769945687,450000
medium,ppo,0.0,1.0,1,0.0,0.23045846253063368,10.929067108219574,0.23045846253063368,frenet,3,54787958599a3761cc0cb309cbd4d031abb7c33e57f8c97ea287de87c4409ecf,ppo-medium-frenet-seed-3,11.606830199867545,50000
medium,ppo,1.0,0.0,1,1.0,1.0004066023531974,229.83443635598076,1.0004066023531974,frenet,3,54787958599a3761cc0cb309cbd4d031abb7c33e57f8c97ea287de87c4409ecf,ppo-medium-frenet-seed-3,115.08604889959679,500000
medium,ppo,1.0,0.0,1,1.0,1.0004109912577133,227.05279663885648,1.0004109912577133,frenet,3,54787958599a3761cc0cb309cbd4d031abb7c33e57f8c97ea287de87c4409ecf,ppo-medium-frenet-seed-3,126.52823609950065,550000
medium,ppo,1.0,0.0,1,1.0,1.000379549525894,227.4517226124142,1.000379549525894,frenet,3,54787958599a3761cc0cb309cbd4d031abb7c33e57f8c97ea287de87c4409ecf,ppo-medium-frenet-seed-3,138.13130739967164,600000
medium,ppo,1.0,0.0,1,1.0,1.0001877915900008,224.05687320841488,1.0001877915900008,frenet,3,54787958599a3761cc0cb309cbd4d031abb7c33e57f8c97ea287de87c4409ecf,ppo-medium-frenet-seed-3,149.86622419980995,650000
medium,ppo,1.0,0.0,1,1.0,1.0003118989530726,224.74356781025705,1.0003118989530726,frenet,3,54787958599a3761cc0cb309cbd4d031abb7c33e57f8c97ea287de87c4409ecf,ppo-medium-frenet-seed-3,161.36415599964675,700000
medium,ppo,1.0,0.0,1,1.0,1.0002719846743449,217.51359085241506,1.0002719846743449,frenet,3,54787958599a3761cc0cb309cbd4d031abb7c33e57f8c97ea287de87c4409ecf,ppo-medium-frenet-seed-3,173.0595214998466,750000
medium,ppo,1.0,0.0,1,1.0,1.0001773033263446,225.7160559985848,1.0001773033263446,frenet,3,54787958599a3761cc0cb309cbd4d031abb7c33e57f8c97ea287de87c4409ecf,ppo-medium-frenet-seed-3,184.7781646999356,800000
medium,ppo,1.0,0.0,1,1.0,1.0001405611430272,221.03572170216285,1.0001405611430272,frenet,3,54787958599a3761cc0cb309cbd4d031abb7c33e57f8c97ea287de87c4409ecf,ppo-medium-frenet-seed-3,196.74901989982754,850000
medium,ppo,1.0,0.0,1,1.0,1.0000013293960508,215.00995932100014,1.0000013293960508,frenet,3,54787958599a3761cc0cb309cbd4d031abb7c33e57f8c97ea287de87c4409ecf,ppo-medium-frenet-seed-3,208.50481089978712,900000
medium,ppo,1.0,0.0,1,1.0,1.0002348840892756,208.62658707841013,1.0002348840892756,frenet,3,54787958599a3761cc0cb309cbd4d031abb7c33e57f8c97ea287de87c4409ecf,ppo-medium-frenet-seed-3,221.1147167997733,950000
medium,ppo,1.0,0.0,1,1.0,1.0002992690374617,230.28146172177296,1.0002992690374617,frenet,4,4de564aac03461fe3669f249357cda2289db12b76262f4c0077346b261fc34eb,ppo-medium-frenet-seed-4,26.52207130023089,100000
medium,ppo,1.0,0.0,1,1.0,1.0003035878121167,224.57214510407792,1.0003035878121167,frenet,4,4de564aac03461fe3669f249357cda2289db12b76262f4c0077346b261fc34eb,ppo-medium-frenet-seed-4,260.1066408007573,1000000
medium,ppo,1.0,0.0,1,1.0,1.0002011625844056,225.46035419128359,1.0002011625844056,frenet,4,4de564aac03461fe3669f249357cda2289db12b76262f4c0077346b261fc34eb,ppo-medium-frenet-seed-4,271.70816590042523,1050000
medium,ppo,1.0,0.0,1,1.0,1.0002613424879374,223.8885603542898,1.0002613424879374,frenet,4,4de564aac03461fe3669f249357cda2289db12b76262f4c0077346b261fc34eb,ppo-medium-frenet-seed-4,283.3477422006581,1100000
medium,ppo,1.0,0.0,1,1.0,1.0002238253798752,221.28935958633548,1.0002238253798752,frenet,4,4de564aac03461fe3669f249357cda2289db12b76262f4c0077346b261fc34eb,ppo-medium-frenet-seed-4,294.8439654008762,1150000
medium,ppo,1.0,0.0,1,1.0,1.0002942630485916,221.95037311199542,1.0002942630485916,frenet,4,4de564aac03461fe3669f249357cda2289db12b76262f4c0077346b261fc34eb,ppo-medium-frenet-seed-4,306.0903734010244,1200000
medium,ppo,1.0,0.0,1,1.0,1.00029397383393,222.66981235869474,1.00029397383393,frenet,4,4de564aac03461fe3669f249357cda2289db12b76262f4c0077346b261fc34eb,ppo-medium-frenet-seed-4,317.6762355010105,1250000
medium,ppo,1.0,0.0,1,1.0,1.0001187956788569,221.996996269441,1.0001187956788569,frenet,4,4de564aac03461fe3669f249357cda2289db12b76262f4c0077346b261fc34eb,ppo-medium-frenet-seed-4,329.0730331009145,1300000
medium,ppo,1.0,0.0,1,1.0,1.0003751973251678,221.3011502496907,1.0003751973251678,frenet,4,4de564aac03461fe3669f249357cda2289db12b76262f4c0077346b261fc34eb,ppo-medium-frenet-seed-4,340.5871352007125,1350000
medium,ppo,1.0,0.0,1,1.0,1.0001158599109576,222.57327973034808,1.0001158599109576,frenet,4,4de564aac03461fe3669f249357cda2289db12b76262f4c0077346b261fc34eb,ppo-medium-frenet-seed-4,352.0775870007601,1400000
medium,ppo,1.0,0.0,1,1.0,1.000171147585718,221.2807254989602,1.000171147585718,frenet,4,4de564aac03461fe3669f249357cda2289db12b76262f4c0077346b261fc34eb,ppo-medium-frenet-seed-4,363.6980668005708,1450000
medium,ppo,1.0,0.0,1,1.0,1.00017629717938,233.95010984071365,1.00017629717938,frenet,4,4de564aac03461fe3669f249357cda2289db12b76262f4c0077346b261fc34eb,ppo-medium-frenet-seed-4,39.76500270012184,150000
medium,ppo,1.0,0.0,1,1.0,1.0002980533807009,221.65377262025655,1.0002980533807009,frenet,4,4de564aac03461fe3669f249357cda2289db12b76262f4c0077346b261fc34eb,ppo-medium-frenet-seed-4,375.31981020058447,1500000
medium,ppo,1.0,0.0,1,1.0,1.0000289205546649,219.32719740117363,1.0000289205546649,frenet,4,4de564aac03461fe3669f249357cda2289db12b76262f4c0077346b261fc34eb,ppo-medium-frenet-seed-4,386.6883593005623,1550000
medium,ppo,1.0,0.0,1,1.0,1.000055443328604,214.79006879170515,1.000055443328604,frenet,4,4de564aac03461fe3669f249357cda2289db12b76262f4c0077346b261fc34eb,ppo-medium-frenet-seed-4,398.9443413007248,1600000
medium,ppo,1.0,0.0,1,1.0,1.0002389891829042,216.9062203576927,1.0002389891829042,frenet,4,4de564aac03461fe3669f249357cda2289db12b76262f4c0077346b261fc34eb,ppo-medium-frenet-seed-4,411.0675263009325,1650000
medium,ppo,1.0,0.0,1,1.0,1.0000820023306276,218.78916165778043,1.0000820023306276,frenet,4,4de564aac03461fe3669f249357cda2289db12b76262f4c0077346b261fc34eb,ppo-medium-frenet-seed-4,423.45259290091417,1700000
medium,ppo,1.0,0.0,1,1.0,1.0003402968458108,221.9156488380549,1.0003402968458108,frenet,4,4de564aac03461fe3669f249357cda2289db12b76262f4c0077346b261fc34eb,ppo-medium-frenet-seed-4,434.994719201055,1750000
medium,ppo,1.0,0.0,1,1.0,1.0000120644138843,218.64075468943426,1.0000120644138843,frenet,4,4de564aac03461fe3669f249357cda2289db12b76262f4c0077346b261fc34eb,ppo-medium-frenet-seed-4,446.52462910127724,1800000
medium,ppo,1.0,0.0,1,1.0,1.0000543091920928,223.46732375414723,1.0000543091920928,frenet,4,4de564aac03461fe3669f249357cda2289db12b76262f4c0077346b261fc34eb,ppo-medium-frenet-seed-4,458.1624076012813,1850000
medium,ppo,1.0,0.0,1,1.0,1.0001656718606127,224.63645807827103,1.0001656718606127,frenet,4,4de564aac03461fe3669f249357cda2289db12b76262f4c0077346b261fc34eb,ppo-medium-frenet-seed-4,470.3429570014414,1900000
medium,ppo,1.0,0.0,1,1.0,1.0001439278125963,225.35363476549492,1.0001439278125963,frenet,4,4de564aac03461fe3669f249357cda2289db12b76262f4c0077346b261fc34eb,ppo-medium-frenet-seed-4,482.1769244014977,1950000
medium,ppo,1.0,0.0,1,1.0,1.0001411000661364,235.11328751460854,1.0001411000661364,frenet,4,4de564aac03461fe3669f249357cda2289db12b76262f4c0077346b261fc34eb,ppo-medium-frenet-seed-4,52.77095400000326,200000
medium,ppo,1.0,0.0,1,1.0,1.0000676683646237,226.5648663819739,1.0000676683646237,frenet,4,4de564aac03461fe3669f249357cda2289db12b76262f4c0077346b261fc34eb,ppo-medium-frenet-seed-4,493.6467157014122,2000000
medium,ppo,1.0,0.0,1,1.0,1.0000306715266314,230.2506017187153,1.0000306715266314,frenet,4,4de564aac03461fe3669f249357cda2289db12b76262f4c0077346b261fc34eb,ppo-medium-frenet-seed-4,65.8613231000636,250000
medium,ppo,1.0,0.0,1,1.0,1.0002110713650227,226.75720470073037,1.0002110713650227,frenet,4,4de564aac03461fe3669f249357cda2289db12b76262f4c0077346b261fc34eb,ppo-medium-frenet-seed-4,78.86365930034299,300000
medium,ppo,1.0,0.0,1,1.0,1.0001323538176485,226.97085301680448,1.0001323538176485,frenet,4,4de564aac03461fe3669f249357cda2289db12b76262f4c0077346b261fc34eb,ppo-medium-frenet-seed-4,92.00700160030829,350000
medium,ppo,1.0,0.0,1,1.0,1.0002082340700558,226.35347073016595,1.0002082340700558,frenet,4,4de564aac03461fe3669f249357cda2289db12b76262f4c0077346b261fc34eb,ppo-medium-frenet-seed-4,105.022105300377,400000
medium,ppo,1.0,0.0,1,1.0,1.000092135238343,225.12430367562277,1.000092135238343,frenet,4,4de564aac03461fe3669f249357cda2289db12b76262f4c0077346b261fc34eb,ppo-medium-frenet-seed-4,117.90095770051266,450000
medium,ppo,0.0,1.0,1,0.0,0.2223414900471365,10.270658386152393,0.2223414900471365,frenet,4,4de564aac03461fe3669f249357cda2289db12b76262f4c0077346b261fc34eb,ppo-medium-frenet-seed-4,13.388785700095468,50000
medium,ppo,1.0,0.0,1,1.0,1.0003323092261456,227.5308806723485,1.0003323092261456,frenet,4,4de564aac03461fe3669f249357cda2289db12b76262f4c0077346b261fc34eb,ppo-medium-frenet-seed-4,131.0270108005643,500000
medium,ppo,1.0,0.0,1,1.0,1.0003022344444115,226.37035647223212,1.0003022344444115,frenet,4,4de564aac03461fe3669f249357cda2289db12b76262f4c0077346b261fc34eb,ppo-medium-frenet-seed-4,143.93068500072332,550000
medium,ppo,1.0,0.0,1,1.0,1.0003274180020818,223.17468865850955,1.0003274180020818,frenet,4,4de564aac03461fe3669f249357cda2289db12b76262f4c0077346b261fc34eb,ppo-medium-frenet-seed-4,156.9243464006613,600000
medium,ppo,1.0,0.0,1,1.0,1.000269061642124,224.42985752685462,1.000269061642124,frenet,4,4de564aac03461fe3669f249357cda2289db12b76262f4c0077346b261fc34eb,ppo-medium-frenet-seed-4,170.08376790069087,650000
medium,ppo,1.0,0.0,1,1.0,1.0003698457296417,224.83666685040984,1.0003698457296417,frenet,4,4de564aac03461fe3669f249357cda2289db12b76262f4c0077346b261fc34eb,ppo-medium-frenet-seed-4,182.77324110057452,700000
medium,ppo,1.0,0.0,1,1.0,1.0000807549786546,228.28772458209102,1.0000807549786546,frenet,4,4de564aac03461fe3669f249357cda2289db12b76262f4c0077346b261fc34eb,ppo-medium-frenet-seed-4,196.02267760077666,750000
medium,ppo,1.0,0.0,1,1.0,1.0000119608725269,228.94049386226902,1.0000119608725269,frenet,4,4de564aac03461fe3669f249357cda2289db12b76262f4c0077346b261fc34eb,ppo-medium-frenet-seed-4,209.19046550069106,800000
medium,ppo,1.0,0.0,1,1.0,1.0001905262312467,225.13963362282675,1.0001905262312467,frenet,4,4de564aac03461fe3669f249357cda2289db12b76262f4c0077346b261fc34eb,ppo-medium-frenet-seed-4,222.31952520068444,850000
medium,ppo,1.0,0.0,1,1.0,1.0002896825513687,225.36833384285234,1.0002896825513687,frenet,4,4de564aac03461fe3669f249357cda2289db12b76262f4c0077346b261fc34eb,ppo-medium-frenet-seed-4,235.2558801008563,900000
medium,ppo,1.0,0.0,1,1.0,1.00035918763512,224.4374988367438,1.00035918763512,frenet,4,4de564aac03461fe3669f249357cda2289db12b76262f4c0077346b261fc34eb,ppo-medium-frenet-seed-4,248.25672190083424,950000
small,ppo,1.0,0.0,1,1.0,1.0003690106548802,224.8371088502932,1.0003690106548802,frenet,0,199c0af2a7710f13f08378d9708646f4068fddd3f2eaecd85ce60cdf220012ae,ppo-small-frenet-seed-0,22.323599199738965,100000
small,ppo,1.0,0.0,1,1.0,1.0001017780294876,212.90226738305438,1.0001017780294876,frenet,0,199c0af2a7710f13f08378d9708646f4068fddd3f2eaecd85ce60cdf220012ae,ppo-small-frenet-seed-0,223.02227379907708,1000000
small,ppo,1.0,0.0,1,1.0,1.0003165975749833,211.59620789188278,1.0003165975749833,frenet,0,199c0af2a7710f13f08378d9708646f4068fddd3f2eaecd85ce60cdf220012ae,ppo-small-frenet-seed-0,233.92022799920596,1050000
small,ppo,1.0,0.0,1,1.0,1.0003617840162846,214.3271243955857,1.0003617840162846,frenet,0,199c0af2a7710f13f08378d9708646f4068fddd3f2eaecd85ce60cdf220012ae,ppo-small-frenet-seed-0,245.2041113991545,1100000
small,ppo,1.0,0.0,1,1.0,1.0000458933432825,215.80778613778037,1.0000458933432825,frenet,0,199c0af2a7710f13f08378d9708646f4068fddd3f2eaecd85ce60cdf220012ae,ppo-small-frenet-seed-0,255.74415899930318,1150000
small,ppo,1.0,0.0,1,1.0,1.0003223637911693,218.59961803548134,1.0003223637911693,frenet,0,199c0af2a7710f13f08378d9708646f4068fddd3f2eaecd85ce60cdf220012ae,ppo-small-frenet-seed-0,265.81309389923626,1200000
small,ppo,1.0,0.0,1,1.0,1.000186218474119,215.78727004841363,1.000186218474119,frenet,0,199c0af2a7710f13f08378d9708646f4068fddd3f2eaecd85ce60cdf220012ae,ppo-small-frenet-seed-0,276.1080559992406,1250000
small,ppo,1.0,0.0,1,1.0,1.0003602590981755,217.56627917806438,1.0003602590981755,frenet,0,199c0af2a7710f13f08378d9708646f4068fddd3f2eaecd85ce60cdf220012ae,ppo-small-frenet-seed-0,286.57227379905817,1300000
small,ppo,1.0,0.0,1,1.0,1.0003347986320972,217.99626037543277,1.0003347986320972,frenet,0,199c0af2a7710f13f08378d9708646f4068fddd3f2eaecd85ce60cdf220012ae,ppo-small-frenet-seed-0,297.33102819916894,1350000
small,ppo,1.0,0.0,1,1.0,1.000386763451382,219.6838289143436,1.000386763451382,frenet,0,199c0af2a7710f13f08378d9708646f4068fddd3f2eaecd85ce60cdf220012ae,ppo-small-frenet-seed-0,308.6154812992281,1400000
small,ppo,1.0,0.0,1,1.0,1.0002545979248205,218.2328999016588,1.0002545979248205,frenet,0,199c0af2a7710f13f08378d9708646f4068fddd3f2eaecd85ce60cdf220012ae,ppo-small-frenet-seed-0,319.95174899905396,1450000
small,ppo,1.0,0.0,1,1.0,1.0001643460025906,224.69667117232737,1.0001643460025906,frenet,0,199c0af2a7710f13f08378d9708646f4068fddd3f2eaecd85ce60cdf220012ae,ppo-small-frenet-seed-0,33.48443049960406,150000
small,ppo,1.0,0.0,1,1.0,1.000047415627983,221.8090360165162,1.000047415627983,frenet,0,199c0af2a7710f13f08378d9708646f4068fddd3f2eaecd85ce60cdf220012ae,ppo-small-frenet-seed-0,331.138134299239,1500000
small,ppo,1.0,0.0,1,1.0,1.0001372717044363,222.21237802819167,1.0001372717044363,frenet,0,199c0af2a7710f13f08378d9708646f4068fddd3f2eaecd85ce60cdf220012ae,ppo-small-frenet-seed-0,342.1963844992897,1550000
small,ppo,1.0,0.0,1,1.0,1.0001510483106064,221.8962319580074,1.0001510483106064,frenet,0,199c0af2a7710f13f08378d9708646f4068fddd3f2eaecd85ce60cdf220012ae,ppo-small-frenet-seed-0,353.3799931993126,1600000
small,ppo,1.0,0.0,1,1.0,1.0001303244635877,226.07146689868551,1.0001303244635877,frenet,0,199c0af2a7710f13f08378d9708646f4068fddd3f2eaecd85ce60cdf220012ae,ppo-small-frenet-seed-0,364.5640224993076,1650000
small,ppo,1.0,0.0,1,1.0,1.0003926715283078,225.6936112868571,1.0003926715283078,frenet,0,199c0af2a7710f13f08378d9708646f4068fddd3f2eaecd85ce60cdf220012ae,ppo-small-frenet-seed-0,376.02674059901983,1700000
small,ppo,1.0,0.0,1,1.0,1.0001724156334404,223.55511080127212,1.0001724156334404,frenet,0,199c0af2a7710f13f08378d9708646f4068fddd3f2eaecd85ce60cdf220012ae,ppo-small-frenet-seed-0,387.1192508989334,1750000
small,ppo,1.0,0.0,1,1.0,1.000320499922803,223.03054556255802,1.000320499922803,frenet,0,199c0af2a7710f13f08378d9708646f4068fddd3f2eaecd85ce60cdf220012ae,ppo-small-frenet-seed-0,398.0650518990333,1800000
small,ppo,1.0,0.0,1,1.0,1.0002154623962385,224.45506190181482,1.0002154623962385,frenet,0,199c0af2a7710f13f08378d9708646f4068fddd3f2eaecd85ce60cdf220012ae,ppo-small-frenet-seed-0,409.26927599890405,1850000
small,ppo,1.0,0.0,1,1.0,1.000146904588368,223.6873975177723,1.000146904588368,frenet,0,199c0af2a7710f13f08378d9708646f4068fddd3f2eaecd85ce60cdf220012ae,ppo-small-frenet-seed-0,420.4881384988221,1900000
small,ppo,1.0,0.0,1,1.0,1.000443910073053,225.78251450173832,1.000443910073053,frenet,0,199c0af2a7710f13f08378d9708646f4068fddd3f2eaecd85ce60cdf220012ae,ppo-small-frenet-seed-0,432.417069098723,1950000
small,ppo,1.0,0.0,1,1.0,1.0003725600629736,226.91686945934157,1.0003725600629736,frenet,0,199c0af2a7710f13f08378d9708646f4068fddd3f2eaecd85ce60cdf220012ae,ppo-small-frenet-seed-0,44.591523499489995,200000
small,ppo,1.0,0.0,1,1.0,1.0003830494337622,221.59671785267724,1.0003830494337622,frenet,0,199c0af2a7710f13f08378d9708646f4068fddd3f2eaecd85ce60cdf220012ae,ppo-small-frenet-seed-0,445.09091919867933,2000000
small,ppo,1.0,0.0,1,1.0,1.0003130188932312,220.79610273446607,1.0003130188932312,frenet,0,199c0af2a7710f13f08378d9708646f4068fddd3f2eaecd85ce60cdf220012ae,ppo-small-frenet-seed-0,55.84231889970033,250000
small,ppo,1.0,0.0,1,1.0,1.0001911183613945,221.1421821773613,1.0001911183613945,frenet,0,199c0af2a7710f13f08378d9708646f4068fddd3f2eaecd85ce60cdf220012ae,ppo-small-frenet-seed-0,66.82818239957123,300000
small,ppo,1.0,0.0,1,1.0,1.0000689150954192,219.37118463022603,1.0000689150954192,frenet,0,199c0af2a7710f13f08378d9708646f4068fddd3f2eaecd85ce60cdf220012ae,ppo-small-frenet-seed-0,77.83448569950633,350000
small,ppo,1.0,0.0,1,1.0,1.0000956314527916,218.25662059093858,1.0000956314527916,frenet,0,199c0af2a7710f13f08378d9708646f4068fddd3f2eaecd85ce60cdf220012ae,ppo-small-frenet-seed-0,88.96680759941228,400000
small,ppo,1.0,0.0,1,1.0,1.0000642696424429,221.09233368077568,1.0000642696424429,frenet,0,199c0af2a7710f13f08378d9708646f4068fddd3f2eaecd85ce60cdf220012ae,ppo-small-frenet-seed-0,100.15738699960639,450000
small,ppo,0.0,1.0,1,0.0,0.5572585845872257,36.837081038585005,0.5572585845872257,frenet,0,199c0af2a7710f13f08378d9708646f4068fddd3f2eaecd85ce60cdf220012ae,ppo-small-frenet-seed-0,11.326494999862916,50000
small,ppo,1.0,0.0,1,1.0,1.0003253817778959,217.6344975430444,1.0003253817778959,frenet,0,199c0af2a7710f13f08378d9708646f4068fddd3f2eaecd85ce60cdf220012ae,ppo-small-frenet-seed-0,111.39553239958695,500000
small,ppo,1.0,0.0,1,1.0,1.000100536287278,217.07144263810898,1.000100536287278,frenet,0,199c0af2a7710f13f08378d9708646f4068fddd3f2eaecd85ce60cdf220012ae,ppo-small-frenet-seed-0,122.5211065994481,550000
small,ppo,1.0,0.0,1,1.0,1.0002275647475003,219.38553639873237,1.0002275647475003,frenet,0,199c0af2a7710f13f08378d9708646f4068fddd3f2eaecd85ce60cdf220012ae,ppo-small-frenet-seed-0,133.50474629935343,600000
small,ppo,1.0,0.0,1,1.0,1.0000778285715737,218.07126060887003,1.0000778285715737,frenet,0,199c0af2a7710f13f08378d9708646f4068fddd3f2eaecd85ce60cdf220012ae,ppo-small-frenet-seed-0,144.6935593991875,650000
small,ppo,1.0,0.0,1,1.0,1.0001489541277178,212.39752445155557,1.0001489541277178,frenet,0,199c0af2a7710f13f08378d9708646f4068fddd3f2eaecd85ce60cdf220012ae,ppo-small-frenet-seed-0,155.82197989914857,700000
small,ppo,1.0,0.0,1,1.0,1.0003119274327874,217.77194864090686,1.0003119274327874,frenet,0,199c0af2a7710f13f08378d9708646f4068fddd3f2eaecd85ce60cdf220012ae,ppo-small-frenet-seed-0,167.13236059899282,750000
small,ppo,1.0,0.0,1,1.0,1.0001710480604733,214.84740630841247,1.0001710480604733,frenet,0,199c0af2a7710f13f08378d9708646f4068fddd3f2eaecd85ce60cdf220012ae,ppo-small-frenet-seed-0,178.08592449908974,800000
small,ppo,1.0,0.0,1,1.0,1.0003348031375496,215.2207189867218,1.0003348031375496,frenet,0,199c0af2a7710f13f08378d9708646f4068fddd3f2eaecd85ce60cdf220012ae,ppo-small-frenet-seed-0,189.31246539896893,850000
small,ppo,1.0,0.0,1,1.0,1.000255186321033,213.3099736563331,1.000255186321033,frenet,0,199c0af2a7710f13f08378d9708646f4068fddd3f2eaecd85ce60cdf220012ae,ppo-small-frenet-seed-0,200.67224509895823,900000
small,ppo,1.0,0.0,1,1.0,1.000075003261075,213.9422277962409,1.000075003261075,frenet,0,199c0af2a7710f13f08378d9708646f4068fddd3f2eaecd85ce60cdf220012ae,ppo-small-frenet-seed-0,211.74217349885294,950000
small,ppo,1.0,0.0,1,1.0,1.0003852632180938,215.54332010310375,1.0003852632180938,frenet,1,0c9544245da5752f6996c41565a8908e40e3e5d96368f03ad1986e2917935d9e,ppo-small-frenet-seed-1,22.34258240015697,100000
small,ppo,1.0,0.0,1,1.0,1.0000316548113963,200.95427112640132,1.0000316548113963,frenet,1,0c9544245da5752f6996c41565a8908e40e3e5d96368f03ad1986e2917935d9e,ppo-small-frenet-seed-1,222.99577419946945,1000000
small,ppo,1.0,0.0,1,1.0,1.0000462276981161,209.5082056985542,1.0000462276981161,frenet,1,0c9544245da5752f6996c41565a8908e40e3e5d96368f03ad1986e2917935d9e,ppo-small-frenet-seed-1,234.04971429946818,1050000
small,ppo,1.0,0.0,1,1.0,1.0001177361036666,210.74374878807063,1.0001177361036666,frenet,1,0c9544245da5752f6996c41565a8908e40e3e5d96368f03ad1986e2917935d9e,ppo-small-frenet-seed-1,245.1855582995595,1100000
small,ppo,1.0,0.0,1,1.0,1.0003087468382972,209.68218753979755,1.0003087468382972,frenet,1,0c9544245da5752f6996c41565a8908e40e3e5d96368f03ad1986e2917935d9e,ppo-small-frenet-seed-1,256.22947649944035,1150000
small,ppo,1.0,0.0,1,1.0,1.000306760712211,207.499197154012,1.000306760712211,frenet,1,0c9544245da5752f6996c41565a8908e40e3e5d96368f03ad1986e2917935d9e,ppo-small-frenet-seed-1,267.42407759944035,1200000
small,ppo,1.0,0.0,1,1.0,1.0002986825045241,214.89170556126325,1.0002986825045241,frenet,1,0c9544245da5752f6996c41565a8908e40e3e5d96368f03ad1986e2917935d9e,ppo-small-frenet-seed-1,278.67721029950553,1250000
small,ppo,1.0,0.0,1,1.0,1.0000679605875593,216.9922925788493,1.0000679605875593,frenet,1,0c9544245da5752f6996c41565a8908e40e3e5d96368f03ad1986e2917935d9e,ppo-small-frenet-seed-1,289.61352379936943,1300000
small,ppo,1.0,0.0,1,1.0,1.0001272528638203,219.1530499602147,1.0001272528638203,frenet,1,0c9544245da5752f6996c41565a8908e40e3e5d96368f03ad1986e2917935d9e,ppo-small-frenet-seed-1,300.7448353994441,1350000
small,ppo,1.0,0.0,1,1.0,1.0003571624901557,215.47713005908335,1.0003571624901557,frenet,1,0c9544245da5752f6996c41565a8908e40e3e5d96368f03ad1986e2917935d9e,ppo-small-frenet-seed-1,311.8156143993183,1400000
small,ppo,1.0,0.0,1,1.0,1.0001888347032817,222.08314735185363,1.0001888347032817,frenet,1,0c9544245da5752f6996c41565a8908e40e3e5d96368f03ad1986e2917935d9e,ppo-small-frenet-seed-1,323.18510969925046,1450000
small,ppo,1.0,0.0,1,1.0,1.0002539761462943,218.9891254294452,1.0002539761462943,frenet,1,0c9544245da5752f6996c41565a8908e40e3e5d96368f03ad1986e2917935d9e,ppo-small-frenet-seed-1,33.50752720008677,150000
small,ppo,1.0,0.0,1,1.0,1.000162126929729,225.76181991972857,1.000162126929729,frenet,1,0c9544245da5752f6996c41565a8908e40e3e5d96368f03ad1986e2917935d9e,ppo-small-frenet-seed-1,334.29021959931924,1500000
small,ppo,1.0,0.0,1,1.0,1.0003810715377188,226.59923106496757,1.0003810715377188,frenet,1,0c9544245da5752f6996c41565a8908e40e3e5d96368f03ad1986e2917935d9e,ppo-small-frenet-seed-1,345.18085029935537,1550000
small,ppo,1.0,0.0,1,1.0,1.0003953721071217,228.53709915680682,1.0003953721071217,frenet,1,0c9544245da5752f6996c41565a8908e40e3e5d96368f03ad1986e2917935d9e,ppo-small-frenet-seed-1,356.35400469936576,1600000
small,ppo,1.0,0.0,1,1.0,1.0002717062836737,226.9056012680478,1.0002717062836737,frenet,1,0c9544245da5752f6996c41565a8908e40e3e5d96368f03ad1986e2917935d9e,ppo-small-frenet-seed-1,367.4217091993487,1650000
small,ppo,1.0,0.0,1,1.0,1.0003913228209178,230.37530351850586,1.0003913228209178,frenet,1,0c9544245da5752f6996c41565a8908e40e3e5d96368f03ad1986e2917935d9e,ppo-small-frenet-seed-1,378.76407619954625,1700000
small,ppo,0.0,1.0,1,0.0,0.9230121793848671,65.07169844611013,0.9230121793848671,frenet,1,0c9544245da5752f6996c41565a8908e40e3e5d96368f03ad1986e2917935d9e,ppo-small-frenet-seed-1,389.81013809941214,1750000
small,ppo,1.0,0.0,1,1.0,1.0002849415013157,224.6121732775673,1.0002849415013157,frenet,1,0c9544245da5752f6996c41565a8908e40e3e5d96368f03ad1986e2917935d9e,ppo-small-frenet-seed-1,400.75504999939585,1800000
small,ppo,0.0,1.0,1,0.0,0.9152912813083718,63.12511971218052,0.9152912813083718,frenet,1,0c9544245da5752f6996c41565a8908e40e3e5d96368f03ad1986e2917935d9e,ppo-small-frenet-seed-1,411.86257939949064,1850000
small,ppo,1.0,0.0,1,1.0,1.000255447873334,230.31802945302508,1.000255447873334,frenet,1,0c9544245da5752f6996c41565a8908e40e3e5d96368f03ad1986e2917935d9e,ppo-small-frenet-seed-1,422.9858499995862,1900000
small,ppo,1.0,0.0,1,1.0,1.00005295179444,234.29709669167835,1.00005295179444,frenet,1,0c9544245da5752f6996c41565a8908e40e3e5d96368f03ad1986e2917935d9e,ppo-small-frenet-seed-1,434.3028201995039,1950000
small,ppo,1.0,0.0,1,1.0,1.0002989495125165,220.75427558873798,1.0002989495125165,frenet,1,0c9544245da5752f6996c41565a8908e40e3e5d96368f03ad1986e2917935d9e,ppo-small-frenet-seed-1,44.54557040005602,200000
small,ppo,0.0,1.0,1,0.0,0.9200022710281784,64.72601541852977,0.9200022710281784,frenet,1,0c9544245da5752f6996c41565a8908e40e3e5d96368f03ad1986e2917935d9e,ppo-small-frenet-seed-1,445.3197060995408,2000000
small,ppo,1.0,0.0,1,1.0,1.0002082006167359,218.8435531825782,1.0002082006167359,frenet,1,0c9544245da5752f6996c41565a8908e40e3e5d96368f03ad1986e2917935d9e,ppo-small-frenet-seed-1,55.71984070005419,250000
small,ppo,1.0,0.0,1,1.0,1.0000551317286404,217.1745072993255,1.0000551317286404,frenet,1,0c9544245da5752f6996c41565a8908e40e3e5d96368f03ad1986e2917935d9e,ppo-small-frenet-seed-1,66.86007299993071,300000
small,ppo,1.0,0.0,1,1.0,1.0000958951375651,222.53384184429297,1.0000958951375651,frenet,1,0c9544245da5752f6996c41565a8908e40e3e5d96368f03ad1986e2917935d9e,ppo-small-frenet-seed-1,77.84029599999121,350000
small,ppo,1.0,0.0,1,1.0,1.0003658074096229,223.86030885055868,1.0003658074096229,frenet,1,0c9544245da5752f6996c41565a8908e40e3e5d96368f03ad1986e2917935d9e,ppo-small-frenet-seed-1,89.02092610015461,400000
small,ppo,1.0,0.0,1,1.0,1.0001363956408942,226.75407506801952,1.0001363956408942,frenet,1,0c9544245da5752f6996c41565a8908e40e3e5d96368f03ad1986e2917935d9e,ppo-small-frenet-seed-1,100.14366230009182,450000
small,ppo,0.0,1.0,1,0.0,0.673104753378923,44.52975068866921,0.673104753378923,frenet,1,0c9544245da5752f6996c41565a8908e40e3e5d96368f03ad1986e2917935d9e,ppo-small-frenet-seed-1,11.242603100177803,50000
small,ppo,1.0,0.0,1,1.0,1.0002730326113727,224.6487896096295,1.0002730326113727,frenet,1,0c9544245da5752f6996c41565a8908e40e3e5d96368f03ad1986e2917935d9e,ppo-small-frenet-seed-1,111.5269772001302,500000
small,ppo,1.0,0.0,1,1.0,1.0001596164092839,221.71975954524777,1.0001596164092839,frenet,1,0c9544245da5752f6996c41565a8908e40e3e5d96368f03ad1986e2917935d9e,ppo-small-frenet-seed-1,122.61621550027849,550000
small,ppo,1.0,0.0,1,1.0,1.0001570565238573,220.28290329131778,1.0001570565238573,frenet,1,0c9544245da5752f6996c41565a8908e40e3e5d96368f03ad1986e2917935d9e,ppo-small-frenet-seed-1,133.61584819997734,600000
small,ppo,1.0,0.0,1,1.0,1.0000859798222446,223.01051217107957,1.0000859798222446,frenet,1,0c9544245da5752f6996c41565a8908e40e3e5d96368f03ad1986e2917935d9e,ppo-small-frenet-seed-1,144.7549810001401,650000
small,ppo,1.0,0.0,1,1.0,1.0002139631528437,222.0866084015682,1.0002139631528437,frenet,1,0c9544245da5752f6996c41565a8908e40e3e5d96368f03ad1986e2917935d9e,ppo-small-frenet-seed-1,155.9006188999192,700000
small,ppo,0.0,1.0,1,0.0,0.9134317739643562,62.47544890889077,0.9134317739643562,frenet,1,0c9544245da5752f6996c41565a8908e40e3e5d96368f03ad1986e2917935d9e,ppo-small-frenet-seed-1,167.22167479998097,750000
small,ppo,1.0,0.0,1,1.0,1.000157092940035,220.82142583464963,1.000157092940035,frenet,1,0c9544245da5752f6996c41565a8908e40e3e5d96368f03ad1986e2917935d9e,ppo-small-frenet-seed-1,178.33286560018678,800000
small,ppo,1.0,0.0,1,1.0,1.0001666333727084,214.8158291734427,1.0001666333727084,frenet,1,0c9544245da5752f6996c41565a8908e40e3e5d96368f03ad1986e2917935d9e,ppo-small-frenet-seed-1,189.5219662999225,850000
small,ppo,1.0,0.0,1,1.0,1.0000123248911394,212.71442101926533,1.0000123248911394,frenet,1,0c9544245da5752f6996c41565a8908e40e3e5d96368f03ad1986e2917935d9e,ppo-small-frenet-seed-1,200.5244877997793,900000
small,ppo,1.0,0.0,1,1.0,1.0002948003124028,209.79201772057922,1.0002948003124028,frenet,1,0c9544245da5752f6996c41565a8908e40e3e5d96368f03ad1986e2917935d9e,ppo-small-frenet-seed-1,211.72450589973596,950000
small,ppo,1.0,0.0,1,1.0,1.0001207935090002,231.15771269931759,1.0001207935090002,frenet,2,b6c2179cf95cb4a2e1f3a74d4fad4e2c9a3fb935b4c7136b17a51c02d6f217e1,ppo-small-frenet-seed-2,22.539660900249146,100000
small,ppo,1.0,0.0,1,1.0,1.000094132442255,219.9503995506643,1.000094132442255,frenet,2,b6c2179cf95cb4a2e1f3a74d4fad4e2c9a3fb935b4c7136b17a51c02d6f217e1,ppo-small-frenet-seed-2,223.70749630067075,1000000
small,ppo,1.0,0.0,1,1.0,1.0001908956481014,222.4351498570751,1.0001908956481014,frenet,2,b6c2179cf95cb4a2e1f3a74d4fad4e2c9a3fb935b4c7136b17a51c02d6f217e1,ppo-small-frenet-seed-2,235.19028030060144,1050000
small,ppo,1.0,0.0,1,1.0,1.0000585066683245,221.8064426158861,1.0000585066683245,frenet,2,b6c2179cf95cb4a2e1f3a74d4fad4e2c9a3fb935b4c7136b17a51c02d6f217e1,ppo-small-frenet-seed-2,246.53521360053492,1100000
small,ppo,1.0,0.0,1,1.0,1.0002831615817958,221.0482287454562,1.0002831615817958,frenet,2,b6c2179cf95cb4a2e1f3a74d4fad4e2c9a3fb935b4c7136b17a51c02d6f217e1,ppo-small-frenet-seed-2,257.84890040060054,1150000
small,ppo,1.0,0.0,1,1.0,1.0002698474190646,219.02787284223717,1.0002698474190646,frenet,2,b6c2179cf95cb4a2e1f3a74d4fad4e2c9a3fb935b4c7136b17a51c02d6f217e1,ppo-small-frenet-seed-2,268.9682898005012,1200000
small,ppo,1.0,0.0,1,1.0,1.000118389495017,221.70710469200105,1.000118389495017,frenet,2,b6c2179cf95cb4a2e1f3a74d4fad4e2c9a3fb935b4c7136b17a51c02d6f217e1,ppo-small-frenet-seed-2,280.16690890062455,1250000
small,ppo,1.0,0.0,1,1.0,1.0000841011862518,223.59413747183675,1.0000841011862518,frenet,2,b6c2179cf95cb4a2e1f3a74d4fad4e2c9a3fb935b4c7136b17a51c02d6f217e1,ppo-small-frenet-seed-2,291.1184149005312,1300000
small,ppo,1.0,0.0,1,1.0,1.0000143801941197,221.83313498107526,1.0000143801941197,frenet,2,b6c2179cf95cb4a2e1f3a74d4fad4e2c9a3fb935b4c7136b17a51c02d6f217e1,ppo-small-frenet-seed-2,302.5110870005301,1350000
small,ppo,1.0,0.0,1,1.0,1.0003113164881807,214.09645721058638,1.0003113164881807,frenet,2,b6c2179cf95cb4a2e1f3a74d4fad4e2c9a3fb935b4c7136b17a51c02d6f217e1,ppo-small-frenet-seed-2,313.6173564007404,1400000
small,ppo,1.0,0.0,1,1.0,1.0003956083576617,213.10025865862582,1.0003956083576617,frenet,2,b6c2179cf95cb4a2e1f3a74d4fad4e2c9a3fb935b4c7136b17a51c02d6f217e1,ppo-small-frenet-seed-2,324.99597990075563,1450000
small,ppo,1.0,0.0,1,1.0,1.0003659835326433,230.90945817426956,1.0003659835326433,frenet,2,b6c2179cf95cb4a2e1f3a74d4fad4e2c9a3fb935b4c7136b17a51c02d6f217e1,ppo-small-frenet-seed-2,34.19087660009245,150000
small,ppo,1.0,0.0,1,1.0,1.0000857315464358,214.24382200585598,1.0000857315464358,frenet,2,b6c2179cf95cb4a2e1f3a74d4fad4e2c9a3fb935b4c7136b17a51c02d6f217e1,ppo-small-frenet-seed-2,336.04602680061,1500000
small,ppo,1.0,0.0,1,1.0,1.0002079099624293,215.19664580478616,1.0002079099624293,frenet,2,b6c2179cf95cb4a2e1f3a74d4fad4e2c9a3fb935b4c7136b17a51c02d6f217e1,ppo-small-frenet-seed-2,347.3449807006218,1550000
small,ppo,1.0,0.0,1,1.0,1.000082230429949,211.44763453326368,1.000082230429949,frenet,2,b6c2179cf95cb4a2e1f3a74d4fad4e2c9a3fb935b4c7136b17a51c02d6f217e1,ppo-small-frenet-seed-2,358.8272559003999,1600000
small,ppo,1.0,0.0,1,1.0,1.0002850521062272,211.56206882414497,1.0002850521062272,frenet,2,b6c2179cf95cb4a2e1f3a74d4fad4e2c9a3fb935b4c7136b17a51c02d6f217e1,ppo-small-frenet-seed-2,370.5237350006937,1650000
small,ppo,1.0,0.0,1,1.0,1.000070235645783,207.2282348517898,1.000070235645783,frenet,2,b6c2179cf95cb4a2e1f3a74d4fad4e2c9a3fb935b4c7136b17a51c02d6f217e1,ppo-small-frenet-seed-2,383.32819350087084,1700000
small,ppo,1.0,0.0,1,1.0,1.0001228340146668,207.05123571021164,1.0001228340146668,frenet,2,b6c2179cf95cb4a2e1f3a74d4fad4e2c9a3fb935b4c7136b17a51c02d6f217e1,ppo-small-frenet-seed-2,395.81191030093396,1750000
small,ppo,1.0,0.0,1,1.0,1.0003158763418034,207.60958193258423,1.0003158763418034,frenet,2,b6c2179cf95cb4a2e1f3a74d4fad4e2c9a3fb935b4c7136b17a51c02d6f217e1,ppo-small-frenet-seed-2,407.87936570102465,1800000
small,ppo,1.0,0.0,1,1.0,1.0003511454590064,208.77384828996762,1.0003511454590064,frenet,2,b6c2179cf95cb4a2e1f3a74d4fad4e2c9a3fb935b4c7136b17a51c02d6f217e1,ppo-small-frenet-seed-2,419.65231170090556,1850000
small,ppo,1.0,0.0,1,1.0,1.0001272915006592,209.47734632169914,1.0001272915006592,frenet,2,b6c2179cf95cb4a2e1f3a74d4fad4e2c9a3fb935b4c7136b17a51c02d6f217e1,ppo-small-frenet-seed-2,431.2902694007971,1900000
small,ppo,1.0,0.0,1,1.0,1.0002446137943295,210.5678555818896,1.0002446137943295,frenet,2,b6c2179cf95cb4a2e1f3a74d4fad4e2c9a3fb935b4c7136b17a51c02d6f217e1,ppo-small-frenet-seed-2,443.04433570077526,1950000
small,ppo,1.0,0.0,1,1.0,1.0004221299156295,229.87889367111836,1.0004221299156295,frenet,2,b6c2179cf95cb4a2e1f3a74d4fad4e2c9a3fb935b4c7136b17a51c02d6f217e1,ppo-small-frenet-seed-2,45.242571500024496,200000
small,ppo,1.0,0.0,1,1.0,1.0002258456172761,207.83169676966205,1.0002258456172761,frenet,2,b6c2179cf95cb4a2e1f3a74d4fad4e2c9a3fb935b4c7136b17a51c02d6f217e1,ppo-small-frenet-seed-2,454.5283636008753,2000000
small,ppo,1.0,0.0,1,1.0,1.0003538820780629,229.4254695395467,1.0003538820780629,frenet,2,b6c2179cf95cb4a2e1f3a74d4fad4e2c9a3fb935b4c7136b17a51c02d6f217e1,ppo-small-frenet-seed-2,56.52901689994542,250000
small,ppo,1.0,0.0,1,1.0,1.0004262762672091,226.15180148497228,1.0004262762672091,frenet,2,b6c2179cf95cb4a2e1f3a74d4fad4e2c9a3fb935b4c7136b17a51c02d6f217e1,ppo-small-frenet-seed-2,67.66572600013387,300000
small,ppo,1.0,0.0,1,1.0,1.0001004404612963,223.8646892058892,1.0001004404612963,frenet,2,b6c2179cf95cb4a2e1f3a74d4fad4e2c9a3fb935b4c7136b17a51c02d6f217e1,ppo-small-frenet-seed-2,78.73569940015295,350000
small,ppo,1.0,0.0,1,1.0,1.0001739640086185,219.4786939636452,1.0001739640086185,frenet,2,b6c2179cf95cb4a2e1f3a74d4fad4e2c9a3fb935b4c7136b17a51c02d6f217e1,ppo-small-frenet-seed-2,89.94236120018832,400000
small,ppo,1.0,0.0,1,1.0,1.0003151010516405,217.63238047050913,1.0003151010516405,frenet,2,b6c2179cf95cb4a2e1f3a74d4fad4e2c9a3fb935b4c7136b17a51c02d6f217e1,ppo-small-frenet-seed-2,101.0058996001535,450000
small,ppo,1.0,0.0,1,1.0,1.0002328431241994,231.35130823649035,1.0002328431241994,frenet,2,b6c2179cf95cb4a2e1f3a74d4fad4e2c9a3fb935b4c7136b17a51c02d6f217e1,ppo-small-frenet-seed-2,11.231673899994348,50000
small,ppo,1.0,0.0,1,1.0,1.0000796564508143,221.38707453202093,1.0000796564508143,frenet,2,b6c2179cf95cb4a2e1f3a74d4fad4e2c9a3fb935b4c7136b17a51c02d6f217e1,ppo-small-frenet-seed-2,112.20511860007537,500000
small,ppo,1.0,0.0,1,1.0,1.0001465809156376,225.40712825432456,1.0001465809156376,frenet,2,b6c2179cf95cb4a2e1f3a74d4fad4e2c9a3fb935b4c7136b17a51c02d6f217e1,ppo-small-frenet-seed-2,123.2718904000103,550000
small,ppo,1.0,0.0,1,1.0,1.0004188069093118,223.93998135384908,1.0004188069093118,frenet,2,b6c2179cf95cb4a2e1f3a74d4fad4e2c9a3fb935b4c7136b17a51c02d6f217e1,ppo-small-frenet-seed-2,134.2676297999169,600000
small,ppo,1.0,0.0,1,1.0,1.0001936416811699,222.02941777415356,1.0001936416811699,frenet,2,b6c2179cf95cb4a2e1f3a74d4fad4e2c9a3fb935b4c7136b17a51c02d6f217e1,ppo-small-frenet-seed-2,145.44231759996546,650000
small,ppo,1.0,0.0,1,1.0,1.0001921569117391,220.5385320619376,1.0001921569117391,frenet,2,b6c2179cf95cb4a2e1f3a74d4fad4e2c9a3fb935b4c7136b17a51c02d6f217e1,ppo-small-frenet-seed-2,156.60841990002518,700000
small,ppo,1.0,0.0,1,1.0,1.0000351088970676,219.76097399519045,1.0000351088970676,frenet,2,b6c2179cf95cb4a2e1f3a74d4fad4e2c9a3fb935b4c7136b17a51c02d6f217e1,ppo-small-frenet-seed-2,167.80590320007468,750000
small,ppo,1.0,0.0,1,1.0,1.0003403929692267,213.81007513867434,1.0003403929692267,frenet,2,b6c2179cf95cb4a2e1f3a74d4fad4e2c9a3fb935b4c7136b17a51c02d6f217e1,ppo-small-frenet-seed-2,178.93473620015357,800000
small,ppo,1.0,0.0,1,1.0,1.0001147515898687,218.1939437613259,1.0001147515898687,frenet,2,b6c2179cf95cb4a2e1f3a74d4fad4e2c9a3fb935b4c7136b17a51c02d6f217e1,ppo-small-frenet-seed-2,190.07095060036954,850000
small,ppo,1.0,0.0,1,1.0,1.0001707443881578,221.12597099148263,1.0001707443881578,frenet,2,b6c2179cf95cb4a2e1f3a74d4fad4e2c9a3fb935b4c7136b17a51c02d6f217e1,ppo-small-frenet-seed-2,201.12596240043422,900000
small,ppo,1.0,0.0,1,1.0,1.0000927011216538,222.82710499939992,1.0000927011216538,frenet,2,b6c2179cf95cb4a2e1f3a74d4fad4e2c9a3fb935b4c7136b17a51c02d6f217e1,ppo-small-frenet-seed-2,212.23375730050975,950000
small,ppo,1.0,0.0,1,1.0,1.0003045131068766,201.97541101551363,1.0003045131068766,frenet,3,5cf0a35034f2d1461fabe5694cd861d11452a0d1dc5b60057a6fb2457eff8521,ppo-small-frenet-seed-3,23.898067100122717,100000
small,ppo,1.0,0.0,1,1.0,1.0003332057626482,213.94848962022792,1.0003332057626482,frenet,3,5cf0a35034f2d1461fabe5694cd861d11452a0d1dc5b60057a6fb2457eff8521,ppo-small-frenet-seed-3,224.79214840033092,1000000
small,ppo,1.0,0.0,1,1.0,1.0001909713139525,213.25805167407293,1.0001909713139525,frenet,3,5cf0a35034f2d1461fabe5694cd861d11452a0d1dc5b60057a6fb2457eff8521,ppo-small-frenet-seed-3,236.12046160050886,1050000
small,ppo,1.0,0.0,1,1.0,1.0003728060838069,217.4159080440283,1.0003728060838069,frenet,3,5cf0a35034f2d1461fabe5694cd861d11452a0d1dc5b60057a6fb2457eff8521,ppo-small-frenet-seed-3,247.78019050043804,1100000
small,ppo,1.0,0.0,1,1.0,1.0001727560762221,220.99213160508836,1.0001727560762221,frenet,3,5cf0a35034f2d1461fabe5694cd861d11452a0d1dc5b60057a6fb2457eff8521,ppo-small-frenet-seed-3,258.90543490030177,1150000
small,ppo,1.0,0.0,1,1.0,1.0000753597824117,217.96621595696678,1.0000753597824117,frenet,3,5cf0a35034f2d1461fabe5694cd861d11452a0d1dc5b60057a6fb2457eff8521,ppo-small-frenet-seed-3,269.98328290042264,1200000
small,ppo,1.0,0.0,1,1.0,1.0001646157541064,214.33748523498818,1.0001646157541064,frenet,3,5cf0a35034f2d1461fabe5694cd861d11452a0d1dc5b60057a6fb2457eff8521,ppo-small-frenet-seed-3,281.2852181003618,1250000
small,ppo,1.0,0.0,1,1.0,1.0002490470765404,214.02560372771597,1.0002490470765404,frenet,3,5cf0a35034f2d1461fabe5694cd861d11452a0d1dc5b60057a6fb2457eff8521,ppo-small-frenet-seed-3,292.1702000003279,1300000
small,ppo,1.0,0.0,1,1.0,1.0000696956020472,208.42850174559123,1.0000696956020472,frenet,3,5cf0a35034f2d1461fabe5694cd861d11452a0d1dc5b60057a6fb2457eff8521,ppo-small-frenet-seed-3,303.3848234003599,1350000
small,ppo,1.0,0.0,1,1.0,1.0001025929419642,205.55237731342822,1.0001025929419642,frenet,3,5cf0a35034f2d1461fabe5694cd861d11452a0d1dc5b60057a6fb2457eff8521,ppo-small-frenet-seed-3,314.44873430027656,1400000
small,ppo,1.0,0.0,1,1.0,1.0001696572174086,210.34210539839432,1.0001696572174086,frenet,3,5cf0a35034f2d1461fabe5694cd861d11452a0d1dc5b60057a6fb2457eff8521,ppo-small-frenet-seed-3,325.79079410028135,1450000
small,ppo,1.0,0.0,1,1.0,1.0003564337500108,209.9622036739555,1.0003564337500108,frenet,3,5cf0a35034f2d1461fabe5694cd861d11452a0d1dc5b60057a6fb2457eff8521,ppo-small-frenet-seed-3,35.39843350020601,150000
small,ppo,1.0,0.0,1,1.0,1.000247579811509,211.24562392607714,1.000247579811509,frenet,3,5cf0a35034f2d1461fabe5694cd861d11452a0d1dc5b60057a6fb2457eff8521,ppo-small-frenet-seed-3,336.75819040054193,1500000
small,ppo,1.0,0.0,1,1.0,1.0001628197166326,209.04344219406738,1.0001628197166326,frenet,3,5cf0a35034f2d1461fabe5694cd861d11452a0d1dc5b60057a6fb2457eff8521,ppo-small-frenet-seed-3,347.7616913005222,1550000
small,ppo,1.0,0.0,1,1.0,1.0003557350338117,210.04041727088946,1.0003557350338117,frenet,3,5cf0a35034f2d1461fabe5694cd861d11452a0d1dc5b60057a6fb2457eff8521,ppo-small-frenet-seed-3,358.933048400213,1600000
small,ppo,1.0,0.0,1,1.0,1.0001748431433768,213.187829237409,1.0001748431433768,frenet,3,5cf0a35034f2d1461fabe5694cd861d11452a0d1dc5b60057a6fb2457eff8521,ppo-small-frenet-seed-3,370.17226160025166,1650000
small,ppo,1.0,0.0,1,1.0,1.000150787656897,206.20546119129295,1.000150787656897,frenet,3,5cf0a35034f2d1461fabe5694cd861d11452a0d1dc5b60057a6fb2457eff8521,ppo-small-frenet-seed-3,381.4629860001369,1700000
small,ppo,1.0,0.0,1,1.0,1.0001674658633208,206.7105290380448,1.0001674658633208,frenet,3,5cf0a35034f2d1461fabe5694cd861d11452a0d1dc5b60057a6fb2457eff8521,ppo-small-frenet-seed-3,392.4278766000898,1750000
small,ppo,1.0,0.0,1,1.0,1.000001984746273,203.45640798429656,1.000001984746273,frenet,3,5cf0a35034f2d1461fabe5694cd861d11452a0d1dc5b60057a6fb2457eff8521,ppo-small-frenet-seed-3,403.4457505002574,1800000
small,ppo,1.0,0.0,1,1.0,1.000349216641358,204.13769874989455,1.000349216641358,frenet,3,5cf0a35034f2d1461fabe5694cd861d11452a0d1dc5b60057a6fb2457eff8521,ppo-small-frenet-seed-3,414.58747440023944,1850000
small,ppo,1.0,0.0,1,1.0,1.000122670402042,210.5548637886846,1.000122670402042,frenet,3,5cf0a35034f2d1461fabe5694cd861d11452a0d1dc5b60057a6fb2457eff8521,ppo-small-frenet-seed-3,425.7843017001942,1900000
small,ppo,1.0,0.0,1,1.0,1.0000488306207886,215.72363262586475,1.0000488306207886,frenet,3,5cf0a35034f2d1461fabe5694cd861d11452a0d1dc5b60057a6fb2457eff8521,ppo-small-frenet-seed-3,437.0486307001556,1950000
small,ppo,1.0,0.0,1,1.0,1.0001257891979256,212.7123967277317,1.0001257891979256,frenet,3,5cf0a35034f2d1461fabe5694cd861d11452a0d1dc5b60057a6fb2457eff8521,ppo-small-frenet-seed-3,46.421997600180475,200000
small,ppo,1.0,0.0,1,1.0,1.0002918972138093,211.3301366123202,1.0002918972138093,frenet,3,5cf0a35034f2d1461fabe5694cd861d11452a0d1dc5b60057a6fb2457eff8521,ppo-small-frenet-seed-3,448.0120254000867,2000000
small,ppo,1.0,0.0,1,1.0,1.0003041740854661,216.369327822467,1.0003041740854661,frenet,3,5cf0a35034f2d1461fabe5694cd861d11452a0d1dc5b60057a6fb2457eff8521,ppo-small-frenet-seed-3,57.73727790029443,250000
small,ppo,1.0,0.0,1,1.0,1.0002413618394883,217.98271675218135,1.0002413618394883,frenet,3,5cf0a35034f2d1461fabe5694cd861d11452a0d1dc5b60057a6fb2457eff8521,ppo-small-frenet-seed-3,68.86170110041348,300000
small,ppo,1.0,0.0,1,1.0,1.0002063000351613,217.39731853520126,1.0002063000351613,frenet,3,5cf0a35034f2d1461fabe5694cd861d11452a0d1dc5b60057a6fb2457eff8521,ppo-small-frenet-seed-3,79.9557284004186,350000
small,ppo,1.0,0.0,1,1.0,1.0003555287530528,218.99232132468995,1.0003555287530528,frenet,3,5cf0a35034f2d1461fabe5694cd861d11452a0d1dc5b60057a6fb2457eff8521,ppo-small-frenet-seed-3,91.25573800029088,400000
small,ppo,1.0,0.0,1,1.0,1.0001328547719122,217.67328931687217,1.0001328547719122,frenet,3,5cf0a35034f2d1461fabe5694cd861d11452a0d1dc5b60057a6fb2457eff8521,ppo-small-frenet-seed-3,102.32778740033973,450000
small,ppo,0.0,1.0,1,0.0,0.5438267948104958,33.84312816472062,0.5438267948104958,frenet,3,5cf0a35034f2d1461fabe5694cd861d11452a0d1dc5b60057a6fb2457eff8521,ppo-small-frenet-seed-3,12.445843300072738,50000
small,ppo,1.0,0.0,1,1.0,1.000037347556785,216.22488269779785,1.000037347556785,frenet,3,5cf0a35034f2d1461fabe5694cd861d11452a0d1dc5b60057a6fb2457eff8521,ppo-small-frenet-seed-3,113.6377159003896,500000
small,ppo,1.0,0.0,1,1.0,1.0000024923955302,215.00138993904528,1.0000024923955302,frenet,3,5cf0a35034f2d1461fabe5694cd861d11452a0d1dc5b60057a6fb2457eff8521,ppo-small-frenet-seed-3,124.59916730044642,550000
small,ppo,1.0,0.0,1,1.0,1.0002881695012535,212.94883836343865,1.0002881695012535,frenet,3,5cf0a35034f2d1461fabe5694cd861d11452a0d1dc5b60057a6fb2457eff8521,ppo-small-frenet-seed-3,135.68604510037767,600000
small,ppo,1.0,0.0,1,1.0,1.0002582137160656,209.26272307986966,1.0002582137160656,frenet,3,5cf0a35034f2d1461fabe5694cd861d11452a0d1dc5b60057a6fb2457eff8521,ppo-small-frenet-seed-3,146.85763120050615,650000
small,ppo,1.0,0.0,1,1.0,1.0001501609423615,202.73662421871202,1.0001501609423615,frenet,3,5cf0a35034f2d1461fabe5694cd861d11452a0d1dc5b60057a6fb2457eff8521,ppo-small-frenet-seed-3,157.91795720040682,700000
small,ppo,1.0,0.0,1,1.0,1.0000694740143565,199.2466132798862,1.0000694740143565,frenet,3,5cf0a35034f2d1461fabe5694cd861d11452a0d1dc5b60057a6fb2457eff8521,ppo-small-frenet-seed-3,169.10037520042897,750000
small,ppo,1.0,0.0,1,1.0,1.000261527652838,200.4128698039382,1.000261527652838,frenet,3,5cf0a35034f2d1461fabe5694cd861d11452a0d1dc5b60057a6fb2457eff8521,ppo-small-frenet-seed-3,180.11789040017902,800000
small,ppo,1.0,0.0,1,1.0,1.0002189400458965,191.70441567442282,1.0002189400458965,frenet,3,5cf0a35034f2d1461fabe5694cd861d11452a0d1dc5b60057a6fb2457eff8521,ppo-small-frenet-seed-3,191.14996450024046,850000
small,ppo,1.0,0.0,1,1.0,1.000059082756327,204.06835388965249,1.000059082756327,frenet,3,5cf0a35034f2d1461fabe5694cd861d11452a0d1dc5b60057a6fb2457eff8521,ppo-small-frenet-seed-3,202.22234450023825,900000
small,ppo,1.0,0.0,1,1.0,1.000244612173647,209.5869006027168,1.000244612173647,frenet,3,5cf0a35034f2d1461fabe5694cd861d11452a0d1dc5b60057a6fb2457eff8521,ppo-small-frenet-seed-3,213.2520764003566,950000
small,ppo,1.0,0.0,1,1.0,1.0001033827611092,219.55549978946743,1.0001033827611092,frenet,4,3ce0a3efd263ead80a77850c510ee871117be3960603a4120c15822d8f38472a,ppo-small-frenet-seed-4,22.78593529986756,100000
small,ppo,1.0,0.0,1,1.0,1.0000860994844796,229.48700736141623,1.0000860994844796,frenet,4,3ce0a3efd263ead80a77850c510ee871117be3960603a4120c15822d8f38472a,ppo-small-frenet-seed-4,228.1588459997074,1000000
small,ppo,1.0,0.0,1,1.0,1.0003039213078113,228.06865063417342,1.0003039213078113,frenet,4,3ce0a3efd263ead80a77850c510ee871117be3960603a4120c15822d8f38472a,ppo-small-frenet-seed-4,240.31318009963434,1050000
small,ppo,1.0,0.0,1,1.0,1.0000603084794755,224.90218777324978,1.0000603084794755,frenet,4,3ce0a3efd263ead80a77850c510ee871117be3960603a4120c15822d8f38472a,ppo-small-frenet-seed-4,252.7562997996465,1100000
small,ppo,1.0,0.0,1,1.0,1.0002546182688878,225.50479256229227,1.0002546182688878,frenet,4,3ce0a3efd263ead80a77850c510ee871117be3960603a4120c15822d8f38472a,ppo-small-frenet-seed-4,265.5557709995337,1150000
small,ppo,1.0,0.0,1,1.0,1.0003276365363418,226.3727481831415,1.0003276365363418,frenet,4,3ce0a3efd263ead80a77850c510ee871117be3960603a4120c15822d8f38472a,ppo-small-frenet-seed-4,277.8686503994468,1200000
small,ppo,1.0,0.0,1,1.0,1.000321335342123,227.5904409580889,1.000321335342123,frenet,4,3ce0a3efd263ead80a77850c510ee871117be3960603a4120c15822d8f38472a,ppo-small-frenet-seed-4,290.2993656993167,1250000
small,ppo,1.0,0.0,1,1.0,1.0002225591526575,228.6019864284144,1.0002225591526575,frenet,4,3ce0a3efd263ead80a77850c510ee871117be3960603a4120c15822d8f38472a,ppo-small-frenet-seed-4,302.3126774993034,1300000
small,ppo,1.0,0.0,1,1.0,1.0001935812962337,227.69886705327394,1.0001935812962337,frenet,4,3ce0a3efd263ead80a77850c510ee871117be3960603a4120c15822d8f38472a,ppo-small-frenet-seed-4,314.42728559930765,1350000
small,ppo,1.0,0.0,1,1.0,1.0001585826699388,227.6574444759788,1.0001585826699388,frenet,4,3ce0a3efd263ead80a77850c510ee871117be3960603a4120c15822d8f38472a,ppo-small-frenet-seed-4,326.2995546993261,1400000
small,ppo,1.0,0.0,1,1.0,1.000386247512955,229.51820867182946,1.000386247512955,frenet,4,3ce0a3efd263ead80a77850c510ee871117be3960603a4120c15822d8f38472a,ppo-small-frenet-seed-4,338.48129659934057,1450000
small,ppo,1.0,0.0,1,1.0,1.0002149336298258,218.44390414146739,1.0002149336298258,frenet,4,3ce0a3efd263ead80a77850c510ee871117be3960603a4120c15822d8f38472a,ppo-small-frenet-seed-4,33.96929059987815,150000
small,ppo,1.0,0.0,1,1.0,1.0002454553305826,226.26497995182564,1.0002454553305826,frenet,4,3ce0a3efd263ead80a77850c510ee871117be3960603a4120c15822d8f38472a,ppo-small-frenet-seed-4,350.4744116994625,1500000
small,ppo,1.0,0.0,1,1.0,1.0000673403389289,228.1063845331043,1.0000673403389289,frenet,4,3ce0a3efd263ead80a77850c510ee871117be3960603a4120c15822d8f38472a,ppo-small-frenet-seed-4,362.3937970995139,1550000
small,ppo,1.0,0.0,1,1.0,1.0000489942244073,230.88027730125643,1.0000489942244073,frenet,4,3ce0a3efd263ead80a77850c510ee871117be3960603a4120c15822d8f38472a,ppo-small-frenet-seed-4,374.2783703995701,1600000
small,ppo,1.0,0.0,1,1.0,1.0001232681455205,231.3417179739082,1.0001232681455205,frenet,4,3ce0a3efd263ead80a77850c510ee871117be3960603a4120c15822d8f38472a,ppo-small-frenet-seed-4,385.8942188995643,1650000
small,ppo,1.0,0.0,1,1.0,1.0002476905712687,231.30124441053468,1.0002476905712687,frenet,4,3ce0a3efd263ead80a77850c510ee871117be3960603a4120c15822d8f38472a,ppo-small-frenet-seed-4,397.91542849953476,1700000
small,ppo,1.0,0.0,1,1.0,1.0003002941198482,227.16837908189797,1.0003002941198482,frenet,4,3ce0a3efd263ead80a77850c510ee871117be3960603a4120c15822d8f38472a,ppo-small-frenet-seed-4,409.79799559943785,1750000
small,ppo,1.0,0.0,1,1.0,1.000234820140921,228.92052920677096,1.000234820140921,frenet,4,3ce0a3efd263ead80a77850c510ee871117be3960603a4120c15822d8f38472a,ppo-small-frenet-seed-4,421.678083999519,1800000
small,ppo,1.0,0.0,1,1.0,1.0000847805885484,231.2420509548382,1.0000847805885484,frenet,4,3ce0a3efd263ead80a77850c510ee871117be3960603a4120c15822d8f38472a,ppo-small-frenet-seed-4,433.4222694994678,1850000
small,ppo,1.0,0.0,1,1.0,1.0004006006896005,228.35529083763794,1.0004006006896005,frenet,4,3ce0a3efd263ead80a77850c510ee871117be3960603a4120c15822d8f38472a,ppo-small-frenet-seed-4,445.2627419994096,1900000
small,ppo,1.0,0.0,1,1.0,1.0000913516290866,230.3026117970899,1.0000913516290866,frenet,4,3ce0a3efd263ead80a77850c510ee871117be3960603a4120c15822d8f38472a,ppo-small-frenet-seed-4,457.30942089940436,1950000
small,ppo,1.0,0.0,1,1.0,1.0001877816403875,219.77875799004474,1.0001877816403875,frenet,4,3ce0a3efd263ead80a77850c510ee871117be3960603a4120c15822d8f38472a,ppo-small-frenet-seed-4,45.24036819989851,200000
small,ppo,1.0,0.0,1,1.0,1.0000346851509092,230.25019651247203,1.0000346851509092,frenet,4,3ce0a3efd263ead80a77850c510ee871117be3960603a4120c15822d8f38472a,ppo-small-frenet-seed-4,469.0317553995592,2000000
small,ppo,1.0,0.0,1,1.0,1.000075154531352,220.48701163972652,1.000075154531352,frenet,4,3ce0a3efd263ead80a77850c510ee871117be3960603a4120c15822d8f38472a,ppo-small-frenet-seed-4,56.86751839979479,250000
small,ppo,1.0,0.0,1,1.0,1.0001633040596587,222.83525404843743,1.0001633040596587,frenet,4,3ce0a3efd263ead80a77850c510ee871117be3960603a4120c15822d8f38472a,ppo-small-frenet-seed-4,68.35901479974564,300000
small,ppo,1.0,0.0,1,1.0,1.000290009424118,223.02743229916558,1.000290009424118,frenet,4,3ce0a3efd263ead80a77850c510ee871117be3960603a4120c15822d8f38472a,ppo-small-frenet-seed-4,79.58752199967421,350000
small,ppo,1.0,0.0,1,1.0,1.0000735182323681,222.60514586492826,1.0000735182323681,frenet,4,3ce0a3efd263ead80a77850c510ee871117be3960603a4120c15822d8f38472a,ppo-small-frenet-seed-4,90.72615959971881,400000
small,ppo,1.0,0.0,1,1.0,1.000107012913142,222.47104108518636,1.000107012913142,frenet,4,3ce0a3efd263ead80a77850c510ee871117be3960603a4120c15822d8f38472a,ppo-small-frenet-seed-4,102.0137464998079,450000
small,ppo,0.0,1.0,1,0.0,0.22043115763929513,9.922330080298968,0.22043115763929513,frenet,4,3ce0a3efd263ead80a77850c510ee871117be3960603a4120c15822d8f38472a,ppo-small-frenet-seed-4,11.437942999964434,50000
small,ppo,1.0,0.0,1,1.0,1.0002272652863151,225.86206718841717,1.0002272652863151,frenet,4,3ce0a3efd263ead80a77850c510ee871117be3960603a4120c15822d8f38472a,ppo-small-frenet-seed-4,113.26543239986495,500000
small,ppo,1.0,0.0,1,1.0,1.0001292801322594,225.2710052694386,1.0001292801322594,frenet,4,3ce0a3efd263ead80a77850c510ee871117be3960603a4120c15822d8f38472a,ppo-small-frenet-seed-4,124.35439310008587,550000
small,ppo,1.0,0.0,1,1.0,1.0001329720929548,225.84870345323054,1.0001329720929548,frenet,4,3ce0a3efd263ead80a77850c510ee871117be3960603a4120c15822d8f38472a,ppo-small-frenet-seed-4,135.42053440030213,600000
small,ppo,1.0,0.0,1,1.0,1.0000138127140057,227.2783913364633,1.0000138127140057,frenet,4,3ce0a3efd263ead80a77850c510ee871117be3960603a4120c15822d8f38472a,ppo-small-frenet-seed-4,146.61436160030644,650000
small,ppo,1.0,0.0,1,1.0,1.0000429812929081,226.380862494944,1.0000429812929081,frenet,4,3ce0a3efd263ead80a77850c510ee871117be3960603a4120c15822d8f38472a,ppo-small-frenet-seed-4,157.67584430014904,700000
small,ppo,1.0,0.0,1,1.0,1.0000201993867939,227.91315124484944,1.0000201993867939,frenet,4,3ce0a3efd263ead80a77850c510ee871117be3960603a4120c15822d8f38472a,ppo-small-frenet-seed-4,169.23535700012144,750000
small,ppo,1.0,0.0,1,1.0,1.0002272398358565,225.28148933333068,1.0002272398358565,frenet,4,3ce0a3efd263ead80a77850c510ee871117be3960603a4120c15822d8f38472a,ppo-small-frenet-seed-4,181.7906355000232,800000
small,ppo,1.0,0.0,1,1.0,1.000094747821945,226.4284406922334,1.000094747821945,frenet,4,3ce0a3efd263ead80a77850c510ee871117be3960603a4120c15822d8f38472a,ppo-small-frenet-seed-4,193.52779470007954,850000
small,ppo,1.0,0.0,1,1.0,1.0000214535024918,229.35275151355006,1.0000214535024918,frenet,4,3ce0a3efd263ead80a77850c510ee871117be3960603a4120c15822d8f38472a,ppo-small-frenet-seed-4,205.02536590001182,900000
small,ppo,1.0,0.0,1,1.0,1.0000377800213147,230.47521420830657,1.0000377800213147,frenet,4,3ce0a3efd263ead80a77850c510ee871117be3960603a4120c15822d8f38472a,ppo-small-frenet-seed-4,216.56954139988375,950000
tiny,ppo,1.0,0.0,1,1.0,1.0000806837304532,213.3976654535877,1.0000806837304532,frenet,0,00704b74c915c02857df779dfa723c4096265236b51f2f46e09923454a521e5f,ppo-tiny-frenet-seed-0,23.024625500245747,100000
tiny,ppo,1.0,0.0,1,1.0,1.0002782022790941,213.74454729773987,1.0002782022790941,frenet,0,00704b74c915c02857df779dfa723c4096265236b51f2f46e09923454a521e5f,ppo-tiny-frenet-seed-0,229.18149170019387,1000000
tiny,ppo,1.0,0.0,1,1.0,1.0002715321411944,215.25502429344147,1.0002715321411944,frenet,0,00704b74c915c02857df779dfa723c4096265236b51f2f46e09923454a521e5f,ppo-tiny-frenet-seed-0,242.83004810015336,1050000
tiny,ppo,1.0,0.0,1,1.0,1.0000390811534456,216.77913002620943,1.0000390811534456,frenet,0,00704b74c915c02857df779dfa723c4096265236b51f2f46e09923454a521e5f,ppo-tiny-frenet-seed-0,255.07986030034226,1100000
tiny,ppo,1.0,0.0,1,1.0,1.000317441867138,218.67797844077532,1.000317441867138,frenet,0,00704b74c915c02857df779dfa723c4096265236b51f2f46e09923454a521e5f,ppo-tiny-frenet-seed-0,266.33273180034666,1150000
tiny,ppo,1.0,0.0,1,1.0,1.0001693866496506,219.8804649072266,1.0001693866496506,frenet,0,00704b74c915c02857df779dfa723c4096265236b51f2f46e09923454a521e5f,ppo-tiny-frenet-seed-0,277.77918390027844,1200000
tiny,ppo,1.0,0.0,1,1.0,1.0003243835664128,221.55101499993907,1.0003243835664128,frenet,0,00704b74c915c02857df779dfa723c4096265236b51f2f46e09923454a521e5f,ppo-tiny-frenet-seed-0,290.7981047003268,1250000
tiny,ppo,1.0,0.0,1,1.0,1.0002474986237961,217.7321651183674,1.0002474986237961,frenet,0,00704b74c915c02857df779dfa723c4096265236b51f2f46e09923454a521e5f,ppo-tiny-frenet-seed-0,302.05312720043,1300000
tiny,ppo,1.0,0.0,1,1.0,1.0002121446558765,216.82757433117288,1.0002121446558765,frenet,0,00704b74c915c02857df779dfa723c4096265236b51f2f46e09923454a521e5f,ppo-tiny-frenet-seed-0,314.32414330043684,1350000
tiny,ppo,1.0,0.0,1,1.0,1.0001197210727053,215.7401208899151,1.0001197210727053,frenet,0,00704b74c915c02857df779dfa723c4096265236b51f2f46e09923454a521e5f,ppo-tiny-frenet-seed-0,326.5721743004069,1400000
tiny,ppo,1.0,0.0,1,1.0,1.0001464469547718,215.5623161896546,1.0001464469547718,frenet,0,00704b74c915c02857df779dfa723c4096265236b51f2f46e09923454a521e5f,ppo-tiny-frenet-seed-0,338.25896830065176,1450000
tiny,ppo,1.0,0.0,1,1.0,1.000035246850686,219.58489181346354,1.000035246850686,frenet,0,00704b74c915c02857df779dfa723c4096265236b51f2f46e09923454a521e5f,ppo-tiny-frenet-seed-0,34.47489200023483,150000
tiny,ppo,1.0,0.0,1,1.0,1.000103807069444,215.33983326515462,1.000103807069444,frenet,0,00704b74c915c02857df779dfa723c4096265236b51f2f46e09923454a521e5f,ppo-tiny-frenet-seed-0,349.6147948007383,1500000
tiny,ppo,1.0,0.0,1,1.0,1.0001112786119977,215.77619549202586,1.0001112786119977,frenet,0,00704b74c915c02857df779dfa723c4096265236b51f2f46e09923454a521e5f,ppo-tiny-frenet-seed-0,360.94429670069076,1550000
tiny,ppo,1.0,0.0,1,1.0,1.0002267424709277,215.03128426880204,1.0002267424709277,frenet,0,00704b74c915c02857df779dfa723c4096265236b51f2f46e09923454a521e5f,ppo-tiny-frenet-seed-0,372.52021170048465,1600000
tiny,ppo,1.0,0.0,1,1.0,1.0000348623564643,215.22862597695217,1.0000348623564643,frenet,0,00704b74c915c02857df779dfa723c4096265236b51f2f46e09923454a521e5f,ppo-tiny-frenet-seed-0,383.84123810063465,1650000
tiny,ppo,1.0,0.0,1,1.0,1.000286232837482,213.95825973177716,1.000286232837482,frenet,0,00704b74c915c02857df779dfa723c4096265236b51f2f46e09923454a521e5f,ppo-tiny-frenet-seed-0,395.6580808007893,1700000
tiny,ppo,1.0,0.0,1,1.0,1.000056977606263,214.33265612034194,1.000056977606263,frenet,0,00704b74c915c02857df779dfa723c4096265236b51f2f46e09923454a521e5f,ppo-tiny-frenet-seed-0,407.8305472008542,1750000
tiny,ppo,1.0,0.0,1,1.0,1.0001356067141363,215.09689929603385,1.0001356067141363,frenet,0,00704b74c915c02857df779dfa723c4096265236b51f2f46e09923454a521e5f,ppo-tiny-frenet-seed-0,419.96754490107924,1800000
tiny,ppo,1.0,0.0,1,1.0,1.0003621344722238,215.94661772496585,1.0003621344722238,frenet,0,00704b74c915c02857df779dfa723c4096265236b51f2f46e09923454a521e5f,ppo-tiny-frenet-seed-0,431.53065360122855,1850000
tiny,ppo,1.0,0.0,1,1.0,1.0000626129782826,217.317970195898,1.0000626129782826,frenet,0,00704b74c915c02857df779dfa723c4096265236b51f2f46e09923454a521e5f,ppo-tiny-frenet-seed-0,442.9212177010704,1900000
tiny,ppo,1.0,0.0,1,1.0,1.0000806589982,217.14002033569272,1.0000806589982,frenet,0,00704b74c915c02857df779dfa723c4096265236b51f2f46e09923454a521e5f,ppo-tiny-frenet-seed-0,454.4475879012025,1950000
tiny,ppo,1.0,0.0,1,1.0,1.0001669102841297,217.61876952395448,1.0001669102841297,frenet,0,00704b74c915c02857df779dfa723c4096265236b51f2f46e09923454a521e5f,ppo-tiny-frenet-seed-0,45.693412700169574,200000
tiny,ppo,1.0,0.0,1,1.0,1.0001166509071924,215.4551443575469,1.0001166509071924,frenet,0,00704b74c915c02857df779dfa723c4096265236b51f2f46e09923454a521e5f,ppo-tiny-frenet-seed-0,465.96132060111995,2000000
tiny,ppo,1.0,0.0,1,1.0,1.0002959953807944,217.59245789293567,1.0002959953807944,frenet,0,00704b74c915c02857df779dfa723c4096265236b51f2f46e09923454a521e5f,ppo-tiny-frenet-seed-0,57.22199170003296,250000
tiny,ppo,1.0,0.0,1,1.0,1.0002479745631996,216.8309802081364,1.0002479745631996,frenet,0,00704b74c915c02857df779dfa723c4096265236b51f2f46e09923454a521e5f,ppo-tiny-frenet-seed-0,68.53104680042452,300000
tiny,ppo,1.0,0.0,1,1.0,1.0003701593574126,215.44161019619804,1.0003701593574126,frenet,0,00704b74c915c02857df779dfa723c4096265236b51f2f46e09923454a521e5f,ppo-tiny-frenet-seed-0,79.83572500026276,350000
tiny,ppo,1.0,0.0,1,1.0,1.0001682886529597,218.2260901768139,1.0001682886529597,frenet,0,00704b74c915c02857df779dfa723c4096265236b51f2f46e09923454a521e5f,ppo-tiny-frenet-seed-0,91.46608280029977,400000
tiny,ppo,1.0,0.0,1,1.0,1.0000605442421848,212.10760666579387,1.0000605442421848,frenet,0,00704b74c915c02857df779dfa723c4096265236b51f2f46e09923454a521e5f,ppo-tiny-frenet-seed-0,102.74306610008716,450000
tiny,ppo,0.0,1.0,1,0.0,0.5416065592078044,34.214408311524686,0.5416065592078044,frenet,0,00704b74c915c02857df779dfa723c4096265236b51f2f46e09923454a521e5f,ppo-tiny-frenet-seed-0,11.593237700129976,50000
tiny,ppo,1.0,0.0,1,1.0,1.0003061641103812,210.72833886868483,1.0003061641103812,frenet,0,00704b74c915c02857df779dfa723c4096265236b51f2f46e09923454a521e5f,ppo-tiny-frenet-seed-0,114.43837020015417,500000
tiny,ppo,1.0,0.0,1,1.0,1.0000557576779445,208.0722480887627,1.0000557576779445,frenet,0,00704b74c915c02857df779dfa723c4096265236b51f2f46e09923454a521e5f,ppo-tiny-frenet-seed-0,125.7385469001565,550000
tiny,ppo,1.0,0.0,1,1.0,1.0001215073055234,211.75305606013563,1.0001215073055234,frenet,0,00704b74c915c02857df779dfa723c4096265236b51f2f46e09923454a521e5f,ppo-tiny-frenet-seed-0,137.1045762000249,600000
tiny,ppo,1.0,0.0,1,1.0,1.0001168553240325,214.69890732405634,1.0001168553240325,frenet,0,00704b74c915c02857df779dfa723c4096265236b51f2f46e09923454a521e5f,ppo-tiny-frenet-seed-0,148.59482600009142,650000
tiny,ppo,1.0,0.0,1,1.0,1.000320680711778,208.09860378935855,1.000320680711778,frenet,0,00704b74c915c02857df779dfa723c4096265236b51f2f46e09923454a521e5f,ppo-tiny-frenet-seed-0,159.86396310008058,700000
tiny,ppo,1.0,0.0,1,1.0,1.0002798285696566,210.93927423380916,1.0002798285696566,frenet,0,00704b74c915c02857df779dfa723c4096265236b51f2f46e09923454a521e5f,ppo-tiny-frenet-seed-0,171.31693640008234,750000
tiny,ppo,1.0,0.0,1,1.0,1.000105749895237,212.9362188817334,1.000105749895237,frenet,0,00704b74c915c02857df779dfa723c4096265236b51f2f46e09923454a521e5f,ppo-tiny-frenet-seed-0,182.53291059998446,800000
tiny,ppo,1.0,0.0,1,1.0,1.0001157906898515,213.83651940327684,1.0001157906898515,frenet,0,00704b74c915c02857df779dfa723c4096265236b51f2f46e09923454a521e5f,ppo-tiny-frenet-seed-0,194.13635909995355,850000
tiny,ppo,1.0,0.0,1,1.0,1.0000803244621348,214.12199998061803,1.0000803244621348,frenet,0,00704b74c915c02857df779dfa723c4096265236b51f2f46e09923454a521e5f,ppo-tiny-frenet-seed-0,205.34929129991724,900000
tiny,ppo,1.0,0.0,1,1.0,1.000216080335368,213.12656571157015,1.000216080335368,frenet,0,00704b74c915c02857df779dfa723c4096265236b51f2f46e09923454a521e5f,ppo-tiny-frenet-seed-0,216.6430109000903,950000
tiny,ppo,1.0,0.0,1,1.0,1.0001235541624716,221.35210829684007,1.0001235541624716,frenet,1,06638f49c1b86f9210dd5a581cc971381c9194c8f1e88327bf2673ec1eb6aea9,ppo-tiny-frenet-seed-1,23.119137100249645,100000
tiny,ppo,1.0,0.0,1,1.0,1.000277995502797,203.0149191633821,1.000277995502797,frenet,1,06638f49c1b86f9210dd5a581cc971381c9194c8f1e88327bf2673ec1eb6aea9,ppo-tiny-frenet-seed-1,232.48840780081446,1000000
tiny,ppo,1.0,0.0,1,1.0,1.0003307731542261,208.4552496982702,1.0003307731542261,frenet,1,06638f49c1b86f9210dd5a581cc971381c9194c8f1e88327bf2673ec1eb6aea9,ppo-tiny-frenet-seed-1,243.76678460095718,1050000
tiny,ppo,1.0,0.0,1,1.0,1.0002130929018638,204.268617758584,1.0002130929018638,frenet,1,06638f49c1b86f9210dd5a581cc971381c9194c8f1e88327bf2673ec1eb6aea9,ppo-tiny-frenet-seed-1,255.94707790096072,1100000
tiny,ppo,1.0,0.0,1,1.0,1.0001928227132846,202.96910453097865,1.0001928227132846,frenet,1,06638f49c1b86f9210dd5a581cc971381c9194c8f1e88327bf2673ec1eb6aea9,ppo-tiny-frenet-seed-1,268.96430390101887,1150000
tiny,ppo,1.0,0.0,1,1.0,1.0002684698135424,205.894690420434,1.0002684698135424,frenet,1,06638f49c1b86f9210dd5a581cc971381c9194c8f1e88327bf2673ec1eb6aea9,ppo-tiny-frenet-seed-1,280.15189030098554,1200000
tiny,ppo,1.0,0.0,1,1.0,1.000003450982787,210.00451686271964,1.000003450982787,frenet,1,06638f49c1b86f9210dd5a581cc971381c9194c8f1e88327bf2673ec1eb6aea9,ppo-tiny-frenet-seed-1,293.6569012010077,1250000
tiny,ppo,0.0,1.0,1,0.0,0.9264454851830104,62.030343141805474,0.9264454851830104,frenet,1,06638f49c1b86f9210dd5a581cc971381c9194c8f1e88327bf2673ec1eb6aea9,ppo-tiny-frenet-seed-1,305.14260030096557,1300000
tiny,ppo,1.0,0.0,1,1.0,1.000344424420457,214.00208418041018,1.000344424420457,frenet,1,06638f49c1b86f9210dd5a581cc971381c9194c8f1e88327bf2673ec1eb6aea9,ppo-tiny-frenet-seed-1,318.0121112010129,1350000
tiny,ppo,1.0,0.0,1,1.0,1.0001025601715734,214.66485010244585,1.0001025601715734,frenet,1,06638f49c1b86f9210dd5a581cc971381c9194c8f1e88327bf2673ec1eb6aea9,ppo-tiny-frenet-seed-1,331.6995069011282,1400000
tiny,ppo,1.0,0.0,1,1.0,1.000022389766673,218.2618917211323,1.000022389766673,frenet,1,06638f49c1b86f9210dd5a581cc971381c9194c8f1e88327bf2673ec1eb6aea9,ppo-tiny-frenet-seed-1,343.4729016013007,1450000
tiny,ppo,1.0,0.0,1,1.0,1.0001948948504737,222.4380335334231,1.0001948948504737,frenet,1,06638f49c1b86f9210dd5a581cc971381c9194c8f1e88327bf2673ec1eb6aea9,ppo-tiny-frenet-seed-1,34.78796450034497,150000
tiny,ppo,1.0,0.0,1,1.0,1.000259372465669,216.7950951430654,1.000259372465669,frenet,1,06638f49c1b86f9210dd5a581cc971381c9194c8f1e88327bf2673ec1eb6aea9,ppo-tiny-frenet-seed-1,354.81972810129446,1500000
tiny,ppo,1.0,0.0,1,1.0,1.0001461737239756,220.13641585968415,1.0001461737239756,frenet,1,06638f49c1b86f9210dd5a581cc971381c9194c8f1e88327bf2673ec1eb6aea9,ppo-tiny-frenet-seed-1,366.0686247014528,1550000
tiny,ppo,1.0,0.0,1,1.0,1.0000664539434345,219.19059076266774,1.0000664539434345,frenet,1,06638f49c1b86f9210dd5a581cc971381c9194c8f1e88327bf2673ec1eb6aea9,ppo-tiny-frenet-seed-1,377.5316811012963,1600000
tiny,ppo,1.0,0.0,1,1.0,1.0001414520626823,219.4796284481027,1.0001414520626823,frenet,1,06638f49c1b86f9210dd5a581cc971381c9194c8f1e88327bf2673ec1eb6aea9,ppo-tiny-frenet-seed-1,388.87010040128007,1650000
tiny,ppo,1.0,0.0,1,1.0,1.0000383177448429,219.22520583643393,1.0000383177448429,frenet,1,06638f49c1b86f9210dd5a581cc971381c9194c8f1e88327bf2673ec1eb6aea9,ppo-tiny-frenet-seed-1,400.96657980114105,1700000
tiny,ppo,1.0,0.0,1,1.0,1.000025883676579,217.84771615991858,1.000025883676579,frenet,1,06638f49c1b86f9210dd5a581cc971381c9194c8f1e88327bf2673ec1eb6aea9,ppo-tiny-frenet-seed-1,414.1903013011215,1750000
tiny,ppo,1.0,0.0,1,1.0,1.0001985331456114,219.6008818874457,1.0001985331456114,frenet,1,06638f49c1b86f9210dd5a581cc971381c9194c8f1e88327bf2673ec1eb6aea9,ppo-tiny-frenet-seed-1,425.442449001308,1800000
tiny,ppo,1.0,0.0,1,1.0,1.000051073257017,217.4272093590671,1.000051073257017,frenet,1,06638f49c1b86f9210dd5a581cc971381c9194c8f1e88327bf2673ec1eb6aea9,ppo-tiny-frenet-seed-1,439.04427090130775,1850000
tiny,ppo,1.0,0.0,1,1.0,1.000248515625261,216.50760824595983,1.000248515625261,frenet,1,06638f49c1b86f9210dd5a581cc971381c9194c8f1e88327bf2673ec1eb6aea9,ppo-tiny-frenet-seed-1,450.84087790114427,1900000
tiny,ppo,1.0,0.0,1,1.0,1.000213528165113,217.3227672088775,1.000213528165113,frenet,1,06638f49c1b86f9210dd5a581cc971381c9194c8f1e88327bf2673ec1eb6aea9,ppo-tiny-frenet-seed-1,463.58958840125706,1950000
tiny,ppo,1.0,0.0,1,1.0,1.0001943983864503,213.6616912832352,1.0001943983864503,frenet,1,06638f49c1b86f9210dd5a581cc971381c9194c8f1e88327bf2673ec1eb6aea9,ppo-tiny-frenet-seed-1,46.13095320068169,200000
tiny,ppo,1.0,0.0,1,1.0,1.000196523349629,219.02019790200956,1.000196523349629,frenet,1,06638f49c1b86f9210dd5a581cc971381c9194c8f1e88327bf2673ec1eb6aea9,ppo-tiny-frenet-seed-1,475.75980730143783,2000000
tiny,ppo,0.0,1.0,1,0.0,0.6902953419339504,45.66115446835427,0.6902953419339504,frenet,1,06638f49c1b86f9210dd5a581cc971381c9194c8f1e88327bf2673ec1eb6aea9,ppo-tiny-frenet-seed-1,57.69580950084128,250000
tiny,ppo,1.0,0.0,1,1.0,1.0002006915977126,212.36414320492543,1.0002006915977126,frenet,1,06638f49c1b86f9210dd5a581cc971381c9194c8f1e88327bf2673ec1eb6aea9,ppo-tiny-frenet-seed-1,69.14639080092093,300000
tiny,ppo,1.0,0.0,1,1.0,1.0000382047996708,202.95325375013016,1.0000382047996708,frenet,1,06638f49c1b86f9210dd5a581cc971381c9194c8f1e88327bf2673ec1eb6aea9,ppo-tiny-frenet-seed-1,80.47407640100937,350000
tiny,ppo,1.0,0.0,1,1.0,1.000245039662878,197.60687649085534,1.000245039662878,frenet,1,06638f49c1b86f9210dd5a581cc971381c9194c8f1e88327bf2673ec1eb6aea9,ppo-tiny-frenet-seed-1,92.18198170090909,400000
tiny,ppo,1.0,0.0,1,1.0,1.0000194700850966,183.5558379084963,1.0000194700850966,frenet,1,06638f49c1b86f9210dd5a581cc971381c9194c8f1e88327bf2673ec1eb6aea9,ppo-tiny-frenet-seed-1,103.46448840093217,450000
tiny,ppo,0.0,1.0,1,0.0,0.5125737780686853,31.950649123949475,0.5125737780686853,frenet,1,06638f49c1b86f9210dd5a581cc971381c9194c8f1e88327bf2673ec1eb6aea9,ppo-tiny-frenet-seed-1,11.70688300011534,50000
tiny,ppo,1.0,0.0,1,1.0,1.0001139252617444,194.90477528810794,1.0001139252617444,frenet,1,06638f49c1b86f9210dd5a581cc971381c9194c8f1e88327bf2673ec1eb6aea9,ppo-tiny-frenet-seed-1,115.00940580114184,500000
tiny,ppo,1.0,0.0,1,1.0,1.000100218140996,195.80275149317646,1.000100218140996,frenet,1,06638f49c1b86f9210dd5a581cc971381c9194c8f1e88327bf2673ec1eb6aea9,ppo-tiny-frenet-seed-1,126.47202820109305,550000
tiny,ppo,1.0,0.0,1,1.0,1.0000225627644581,198.4914995536752,1.0000225627644581,frenet,1,06638f49c1b86f9210dd5a581cc971381c9194c8f1e88327bf2673ec1eb6aea9,ppo-tiny-frenet-seed-1,138.00023620095817,600000
tiny,ppo,1.0,0.0,1,1.0,1.0000808154687848,194.9324102649662,1.0000808154687848,frenet,1,06638f49c1b86f9210dd5a581cc971381c9194c8f1e88327bf2673ec1eb6aea9,ppo-tiny-frenet-seed-1,149.7029883010473,650000
tiny,ppo,1.0,0.0,1,1.0,1.0003479759871565,199.27914926300411,1.0003479759871565,frenet,1,06638f49c1b86f9210dd5a581cc971381c9194c8f1e88327bf2673ec1eb6aea9,ppo-tiny-frenet-seed-1,161.12860150090637,700000
tiny,ppo,1.0,0.0,1,1.0,1.0003566385378821,206.94549463052317,1.0003566385378821,frenet,1,06638f49c1b86f9210dd5a581cc971381c9194c8f1e88327bf2673ec1eb6aea9,ppo-tiny-frenet-seed-1,172.8302315009496,750000
tiny,ppo,1.0,0.0,1,1.0,1.0003556004375918,207.44534019463043,1.0003556004375918,frenet,1,06638f49c1b86f9210dd5a581cc971381c9194c8f1e88327bf2673ec1eb6aea9,ppo-tiny-frenet-seed-1,184.26005650098523,800000
tiny,ppo,1.0,0.0,1,1.0,1.0001032161774412,212.75310416605282,1.0001032161774412,frenet,1,06638f49c1b86f9210dd5a581cc971381c9194c8f1e88327bf2673ec1eb6aea9,ppo-tiny-frenet-seed-1,196.19313520094147,850000
tiny,ppo,1.0,0.0,1,1.0,1.0001722151070682,212.2921175896765,1.0001722151070682,frenet,1,06638f49c1b86f9210dd5a581cc971381c9194c8f1e88327bf2673ec1eb6aea9,ppo-tiny-frenet-seed-1,209.54601590083985,900000
tiny,ppo,1.0,0.0,1,1.0,1.0002581232017933,205.49635550098748,1.0002581232017933,frenet,1,06638f49c1b86f9210dd5a581cc971381c9194c8f1e88327bf2673ec1eb6aea9,ppo-tiny-frenet-seed-1,220.9483948008492,950000
tiny,ppo,1.0,0.0,1,1.0,1.0002807399035607,211.2234277339001,1.0002807399035607,frenet,2,bdc57a29bd5600288211052b069682ecb674d13e9df98f7a9eda2d34a3f7f6fd,ppo-tiny-frenet-seed-2,22.4600925999257,100000
tiny,ppo,1.0,0.0,1,1.0,1.0001859615108712,202.0488033775694,1.0001859615108712,frenet,2,bdc57a29bd5600288211052b069682ecb674d13e9df98f7a9eda2d34a3f7f6fd,ppo-tiny-frenet-seed-2,225.13337829943703,1000000
tiny,ppo,1.0,0.0,1,1.0,1.000141674816855,202.5012526460342,1.000141674816855,frenet,2,bdc57a29bd5600288211052b069682ecb674d13e9df98f7a9eda2d34a3f7f6fd,ppo-tiny-frenet-seed-2,236.30112729938628,1050000
tiny,ppo,1.0,0.0,1,1.0,1.0001456520758756,203.18921363081148,1.0001456520758756,frenet,2,bdc57a29bd5600288211052b069682ecb674d13e9df98f7a9eda2d34a3f7f6fd,ppo-tiny-frenet-seed-2,247.66676649938745,1100000
tiny,ppo,1.0,0.0,1,1.0,1.000170367138572,202.25947827239025,1.000170367138572,frenet,2,bdc57a29bd5600288211052b069682ecb674d13e9df98f7a9eda2d34a3f7f6fd,ppo-tiny-frenet-seed-2,258.9380560992686,1150000
tiny,ppo,1.0,0.0,1,1.0,1.0002113516194124,201.6086945340881,1.0002113516194124,frenet,2,bdc57a29bd5600288211052b069682ecb674d13e9df98f7a9eda2d34a3f7f6fd,ppo-tiny-frenet-seed-2,270.0609615993126,1200000
tiny,ppo,1.0,0.0,1,1.0,1.0003138966495837,203.35358716526173,1.0003138966495837,frenet,2,bdc57a29bd5600288211052b069682ecb674d13e9df98f7a9eda2d34a3f7f6fd,ppo-tiny-frenet-seed-2,281.3735621992819,1250000
tiny,ppo,1.0,0.0,1,1.0,1.000201537062958,206.00419897968905,1.000201537062958,frenet,2,bdc57a29bd5600288211052b069682ecb674d13e9df98f7a9eda2d34a3f7f6fd,ppo-tiny-frenet-seed-2,292.4821180993713,1300000
tiny,ppo,1.0,0.0,1,1.0,1.000110321898831,208.07619238849253,1.000110321898831,frenet,2,bdc57a29bd5600288211052b069682ecb674d13e9df98f7a9eda2d34a3f7f6fd,ppo-tiny-frenet-seed-2,303.7927421992572,1350000
tiny,ppo,1.0,0.0,1,1.0,1.0003435154508595,209.4338293984752,1.0003435154508595,frenet,2,bdc57a29bd5600288211052b069682ecb674d13e9df98f7a9eda2d34a3f7f6fd,ppo-tiny-frenet-seed-2,314.9991249993327,1400000
tiny,ppo,1.0,0.0,1,1.0,1.000223498513699,210.96533951685797,1.000223498513699,frenet,2,bdc57a29bd5600288211052b069682ecb674d13e9df98f7a9eda2d34a3f7f6fd,ppo-tiny-frenet-seed-2,326.3587954993127,1450000
tiny,ppo,0.0,1.0,1,0.0,0.6863094687780072,45.4343336256323,0.6863094687780072,frenet,2,bdc57a29bd5600288211052b069682ecb674d13e9df98f7a9eda2d34a3f7f6fd,ppo-tiny-frenet-seed-2,33.83373689990913,150000
tiny,ppo,1.0,0.0,1,1.0,1.0000023744952609,215.22254598842284,1.0000023744952609,frenet,2,bdc57a29bd5600288211052b069682ecb674d13e9df98f7a9eda2d34a3f7f6fd,ppo-tiny-frenet-seed-2,337.5108157992472,1500000
tiny,ppo,1.0,0.0,1,1.0,1.0003396490716967,217.23399505367945,1.0003396490716967,frenet,2,bdc57a29bd5600288211052b069682ecb674d13e9df98f7a9eda2d34a3f7f6fd,ppo-tiny-frenet-seed-2,348.6528743991039,1550000
tiny,ppo,1.0,0.0,1,1.0,1.000331312948005,216.07705672753184,1.000331312948005,frenet,2,bdc57a29bd5600288211052b069682ecb674d13e9df98f7a9eda2d34a3f7f6fd,ppo-tiny-frenet-seed-2,362.25839049921706,1600000
tiny,ppo,1.0,0.0,1,1.0,1.0000214804999235,216.04620620255895,1.0000214804999235,frenet,2,bdc57a29bd5600288211052b069682ecb674d13e9df98f7a9eda2d34a3f7f6fd,ppo-tiny-frenet-seed-2,373.6350535991769,1650000
tiny,ppo,1.0,0.0,1,1.0,1.0000440101072525,216.8440214743687,1.0000440101072525,frenet,2,bdc57a29bd5600288211052b069682ecb674d13e9df98f7a9eda2d34a3f7f6fd,ppo-tiny-frenet-seed-2,384.9822334992532,1700000
tiny,ppo,1.0,0.0,1,1.0,1.0000472250412273,215.22665675168162,1.0000472250412273,frenet,2,bdc57a29bd5600288211052b069682ecb674d13e9df98f7a9eda2d34a3f7f6fd,ppo-tiny-frenet-seed-2,396.1271385994478,1750000
tiny,ppo,1.0,0.0,1,1.0,1.000101612651648,216.232470526241,1.000101612651648,frenet,2,bdc57a29bd5600288211052b069682ecb674d13e9df98f7a9eda2d34a3f7f6fd,ppo-tiny-frenet-seed-2,407.23582369932046,1800000
tiny,ppo,1.0,0.0,1,1.0,1.000030341142294,218.32187420448395,1.000030341142294,frenet,2,bdc57a29bd5600288211052b069682ecb674d13e9df98f7a9eda2d34a3f7f6fd,ppo-tiny-frenet-seed-2,418.5267343993837,1850000
tiny,ppo,1.0,0.0,1,1.0,1.0001642822795944,215.87707876423403,1.0001642822795944,frenet,2,bdc57a29bd5600288211052b069682ecb674d13e9df98f7a9eda2d34a3f7f6fd,ppo-tiny-frenet-seed-2,429.76032219941044,1900000
tiny,ppo,1.0,0.0,1,1.0,1.0002609192509486,216.5451937392947,1.0002609192509486,frenet,2,bdc57a29bd5600288211052b069682ecb674d13e9df98f7a9eda2d34a3f7f6fd,ppo-tiny-frenet-seed-2,441.2926510995567,1950000
tiny,ppo,1.0,0.0,1,1.0,1.0002701785592045,217.4482970282872,1.0002701785592045,frenet,2,bdc57a29bd5600288211052b069682ecb674d13e9df98f7a9eda2d34a3f7f6fd,ppo-tiny-frenet-seed-2,44.97439149974889,200000
tiny,ppo,1.0,0.0,1,1.0,1.0001121949626126,215.8123160058939,1.0001121949626126,frenet,2,bdc57a29bd5600288211052b069682ecb674d13e9df98f7a9eda2d34a3f7f6fd,ppo-tiny-frenet-seed-2,452.3565487995511,2000000
tiny,ppo,1.0,0.0,1,1.0,1.0001201199044378,218.83582603969143,1.0001201199044378,frenet,2,bdc57a29bd5600288211052b069682ecb674d13e9df98f7a9eda2d34a3f7f6fd,ppo-tiny-frenet-seed-2,56.320163299678825,250000
tiny,ppo,1.0,0.0,1,1.0,1.0002850389917346,214.57094415159222,1.0002850389917346,frenet,2,bdc57a29bd5600288211052b069682ecb674d13e9df98f7a9eda2d34a3f7f6fd,ppo-tiny-frenet-seed-2,67.49864669968883,300000
tiny,ppo,1.0,0.0,1,1.0,1.0001376301757972,220.95573706543064,1.0001376301757972,frenet,2,bdc57a29bd5600288211052b069682ecb674d13e9df98f7a9eda2d34a3f7f6fd,ppo-tiny-frenet-seed-2,78.73400359968946,350000
tiny,ppo,1.0,0.0,1,1.0,1.00013695816612,216.78222250930835,1.00013695816612,frenet,2,bdc57a29bd5600288211052b069682ecb674d13e9df98f7a9eda2d34a3f7f6fd,ppo-tiny-frenet-seed-2,90.06642689970977,400000
tiny,ppo,1.0,0.0,1,1.0,1.000243527541408,215.03541584982662,1.000243527541408,frenet,2,bdc57a29bd5600288211052b069682ecb674d13e9df98f7a9eda2d34a3f7f6fd,ppo-tiny-frenet-seed-2,101.29841239977031,450000
tiny,ppo,0.0,1.0,1,0.0,0.5434613549758857,33.39004656901493,0.5434613549758857,frenet,2,bdc57a29bd5600288211052b069682ecb674d13e9df98f7a9eda2d34a3f7f6fd,ppo-tiny-frenet-seed-2,11.322562499975902,50000
tiny,ppo,1.0,0.0,1,1.0,1.0001408542644021,211.0662532025196,1.0001408542644021,frenet,2,bdc57a29bd5600288211052b069682ecb674d13e9df98f7a9eda2d34a3f7f6fd,ppo-tiny-frenet-seed-2,112.58826149982633,500000
tiny,ppo,1.0,0.0,1,1.0,1.0002002889621795,209.81384982512725,1.0002002889621795,frenet,2,bdc57a29bd5600288211052b069682ecb674d13e9df98f7a9eda2d34a3f7f6fd,ppo-tiny-frenet-seed-2,123.77087969997592,550000
tiny,ppo,1.0,0.0,1,1.0,1.0001710880830872,210.35247483065444,1.0001710880830872,frenet,2,bdc57a29bd5600288211052b069682ecb674d13e9df98f7a9eda2d34a3f7f6fd,ppo-tiny-frenet-seed-2,134.85759629996392,600000
tiny,ppo,1.0,0.0,1,1.0,1.000242797865403,210.89934555566754,1.000242797865403,frenet,2,bdc57a29bd5600288211052b069682ecb674d13e9df98f7a9eda2d34a3f7f6fd,ppo-tiny-frenet-seed-2,146.20263459964917,650000
tiny,ppo,1.0,0.0,1,1.0,1.000052451404512,212.38913081031643,1.000052451404512,frenet,2,bdc57a29bd5600288211052b069682ecb674d13e9df98f7a9eda2d34a3f7f6fd,ppo-tiny-frenet-seed-2,157.45876059951843,700000
tiny,ppo,1.0,0.0,1,1.0,1.0000797080998927,208.18252562462595,1.0000797080998927,frenet,2,bdc57a29bd5600288211052b069682ecb674d13e9df98f7a9eda2d34a3f7f6fd,ppo-tiny-frenet-seed-2,168.80527669954608,750000
tiny,ppo,1.0,0.0,1,1.0,1.0000158798450411,206.2678700376773,1.0000158798450411,frenet,2,bdc57a29bd5600288211052b069682ecb674d13e9df98f7a9eda2d34a3f7f6fd,ppo-tiny-frenet-seed-2,180.03890399954616,800000
tiny,ppo,1.0,0.0,1,1.0,1.0003281526482721,206.265997508846,1.0003281526482721,frenet,2,bdc57a29bd5600288211052b069682ecb674d13e9df98f7a9eda2d34a3f7f6fd,ppo-tiny-frenet-seed-2,191.40909179958908,850000
tiny,ppo,1.0,0.0,1,1.0,1.0001251730049512,205.7395478498549,1.0001251730049512,frenet,2,bdc57a29bd5600288211052b069682ecb674d13e9df98f7a9eda2d34a3f7f6fd,ppo-tiny-frenet-seed-2,202.58173169935253,900000
tiny,ppo,1.0,0.0,1,1.0,1.000313490523697,202.51904555851468,1.000313490523697,frenet,2,bdc57a29bd5600288211052b069682ecb674d13e9df98f7a9eda2d34a3f7f6fd,ppo-tiny-frenet-seed-2,213.73894809943522,950000
tiny,ppo,0.0,1.0,1,0.0,0.6717569749828659,42.980262546811836,0.6717569749828659,frenet,3,4b17f97f52e90e10a04da918820c9a8c37de50481e915636869b8c0e094bdb40,ppo-tiny-frenet-seed-3,22.640999400136934,100000
tiny,ppo,1.0,0.0,1,1.0,1.000032953368611,213.28683594231921,1.000032953368611,frenet,3,4b17f97f52e90e10a04da918820c9a8c37de50481e915636869b8c0e094bdb40,ppo-tiny-frenet-seed-3,230.82935960009854,1000000
tiny,ppo,1.0,0.0,1,1.0,1.0000778093818519,213.4338805738318,1.0000778093818519,frenet,3,4b17f97f52e90e10a04da918820c9a8c37de50481e915636869b8c0e094bdb40,ppo-tiny-frenet-seed-3,241.9056015999522,1050000
tiny,ppo,1.0,0.0,1,1.0,1.0001658448293034,206.24378663845852,1.0001658448293034,frenet,3,4b17f97f52e90e10a04da918820c9a8c37de50481e915636869b8c0e094bdb40,ppo-tiny-frenet-seed-3,253.71401320002042,1100000
tiny,ppo,1.0,0.0,1,1.0,1.0000695264721686,210.6919275607291,1.0000695264721686,frenet,3,4b17f97f52e90e10a04da918820c9a8c37de50481e915636869b8c0e094bdb40,ppo-tiny-frenet-seed-3,267.3540063001383,1150000
tiny,ppo,1.0,0.0,1,1.0,1.0002847869345386,209.2748485619809,1.0002847869345386,frenet,3,4b17f97f52e90e10a04da918820c9a8c37de50481e915636869b8c0e094bdb40,ppo-tiny-frenet-seed-3,279.5046441002705,1200000
tiny,ppo,1.0,0.0,1,1.0,1.0001118412276473,209.43406592507003,1.0001118412276473,frenet,3,4b17f97f52e90e10a04da918820c9a8c37de50481e915636869b8c0e094bdb40,ppo-tiny-frenet-seed-3,290.8543113001797,1250000
tiny,ppo,1.0,0.0,1,1.0,1.0000236741864754,206.6890195820047,1.0000236741864754,frenet,3,4b17f97f52e90e10a04da918820c9a8c37de50481e915636869b8c0e094bdb40,ppo-tiny-frenet-seed-3,301.94907120015705,1300000
tiny,ppo,1.0,0.0,1,1.0,1.0000328337368234,205.3655439773948,1.0000328337368234,frenet,3,4b17f97f52e90e10a04da918820c9a8c37de50481e915636869b8c0e094bdb40,ppo-tiny-frenet-seed-3,313.30277300032685,1350000
tiny,ppo,1.0,0.0,1,1.0,1.0000286823686388,206.94822593495883,1.0000286823686388,frenet,3,4b17f97f52e90e10a04da918820c9a8c37de50481e915636869b8c0e094bdb40,ppo-tiny-frenet-seed-3,324.42826160024924,1400000
tiny,ppo,1.0,0.0,1,1.0,1.0001085383008184,212.46381762944407,1.0001085383008184,frenet,3,4b17f97f52e90e10a04da918820c9a8c37de50481e915636869b8c0e094bdb40,ppo-tiny-frenet-seed-3,336.05705760028286,1450000
tiny,ppo,1.0,0.0,1,1.0,1.000176109594876,217.3995101684842,1.000176109594876,frenet,3,4b17f97f52e90e10a04da918820c9a8c37de50481e915636869b8c0e094bdb40,ppo-tiny-frenet-seed-3,35.400848500157736,150000
tiny,ppo,1.0,0.0,1,1.0,1.0003480522879058,213.67714464900962,1.0003480522879058,frenet,3,4b17f97f52e90e10a04da918820c9a8c37de50481e915636869b8c0e094bdb40,ppo-tiny-frenet-seed-3,347.9508986003202,1500000
tiny,ppo,1.0,0.0,1,1.0,1.0002595856654515,214.3488804062136,1.0002595856654515,frenet,3,4b17f97f52e90e10a04da918820c9a8c37de50481e915636869b8c0e094bdb40,ppo-tiny-frenet-seed-3,359.7974131002811,1550000
tiny,ppo,1.0,0.0,1,1.0,1.0002909908862763,216.2514574934345,1.0002909908862763,frenet,3,4b17f97f52e90e10a04da918820c9a8c37de50481e915636869b8c0e094bdb40,ppo-tiny-frenet-seed-3,371.3048969003685,1600000
tiny,ppo,1.0,0.0,1,1.0,1.0000165461569788,212.63106277033899,1.0000165461569788,frenet,3,4b17f97f52e90e10a04da918820c9a8c37de50481e915636869b8c0e094bdb40,ppo-tiny-frenet-seed-3,382.68793650041334,1650000
tiny,ppo,1.0,0.0,1,1.0,1.0000059479246728,214.4635509483256,1.0000059479246728,frenet,3,4b17f97f52e90e10a04da918820c9a8c37de50481e915636869b8c0e094bdb40,ppo-tiny-frenet-seed-3,394.3445984004793,1700000
tiny,ppo,1.0,0.0,1,1.0,1.0001699909725021,214.12301361137293,1.0001699909725021,frenet,3,4b17f97f52e90e10a04da918820c9a8c37de50481e915636869b8c0e094bdb40,ppo-tiny-frenet-seed-3,406.75559780047115,1750000
tiny,ppo,1.0,0.0,1,1.0,1.0001520334471523,211.96375571738963,1.0001520334471523,frenet,3,4b17f97f52e90e10a04da918820c9a8c37de50481e915636869b8c0e094bdb40,ppo-tiny-frenet-seed-3,418.6266995003534,1800000
tiny,ppo,1.0,0.0,1,1.0,1.0002346106831654,210.3157126572147,1.0002346106831654,frenet,3,4b17f97f52e90e10a04da918820c9a8c37de50481e915636869b8c0e094bdb40,ppo-tiny-frenet-seed-3,430.37961130029,1850000
tiny,ppo,1.0,0.0,1,1.0,1.0003203613462093,210.5040743430651,1.0003203613462093,frenet,3,4b17f97f52e90e10a04da918820c9a8c37de50481e915636869b8c0e094bdb40,ppo-tiny-frenet-seed-3,441.75851360002343,1900000
tiny,ppo,1.0,0.0,1,1.0,1.0002585838512403,207.3365800319943,1.0002585838512403,frenet,3,4b17f97f52e90e10a04da918820c9a8c37de50481e915636869b8c0e094bdb40,ppo-tiny-frenet-seed-3,453.22629999998753,1950000
tiny,ppo,1.0,0.0,1,1.0,1.0003135058727342,224.35342981624873,1.0003135058727342,frenet,3,4b17f97f52e90e10a04da918820c9a8c37de50481e915636869b8c0e094bdb40,ppo-tiny-frenet-seed-3,46.75447640009952,200000
tiny,ppo,1.0,0.0,1,1.0,1.000204405247809,209.05713752623643,1.000204405247809,frenet,3,4b17f97f52e90e10a04da918820c9a8c37de50481e915636869b8c0e094bdb40,ppo-tiny-frenet-seed-3,464.5050151999021,2000000
tiny,ppo,1.0,0.0,1,1.0,1.0002233314741045,225.9653124871725,1.0002233314741045,frenet,3,4b17f97f52e90e10a04da918820c9a8c37de50481e915636869b8c0e094bdb40,ppo-tiny-frenet-seed-3,58.086232999976346,250000
tiny,ppo,1.0,0.0,1,1.0,1.0002187843514512,225.6034225247389,1.0002187843514512,frenet,3,4b17f97f52e90e10a04da918820c9a8c37de50481e915636869b8c0e094bdb40,ppo-tiny-frenet-seed-3,69.2801984001344,300000
tiny,ppo,1.0,0.0,1,1.0,1.0002951262029942,229.1085984081207,1.0002951262029942,frenet,3,4b17f97f52e90e10a04da918820c9a8c37de50481e915636869b8c0e094bdb40,ppo-tiny-frenet-seed-3,80.39288440001837,350000
tiny,ppo,1.0,0.0,1,1.0,1.0000452406908196,222.35014476219786,1.0000452406908196,frenet,3,4b17f97f52e90e10a04da918820c9a8c37de50481e915636869b8c0e094bdb40,ppo-tiny-frenet-seed-3,91.77096579988938,400000
tiny,ppo,1.0,0.0,1,1.0,1.0003786467152571,222.96136073165368,1.0003786467152571,frenet,3,4b17f97f52e90e10a04da918820c9a8c37de50481e915636869b8c0e094bdb40,ppo-tiny-frenet-seed-3,102.89031209988752,450000
tiny,ppo,0.0,1.0,1,0.0,0.3426922767264567,18.48103840662943,0.3426922767264567,frenet,3,4b17f97f52e90e10a04da918820c9a8c37de50481e915636869b8c0e094bdb40,ppo-tiny-frenet-seed-3,11.417659100061428,50000
tiny,ppo,1.0,0.0,1,1.0,1.000174408072108,224.23814613728638,1.000174408072108,frenet,3,4b17f97f52e90e10a04da918820c9a8c37de50481e915636869b8c0e094bdb40,ppo-tiny-frenet-seed-3,114.2406941999252,500000
tiny,ppo,1.0,0.0,1,1.0,1.0002107833627694,226.3615361221428,1.0002107833627694,frenet,3,4b17f97f52e90e10a04da918820c9a8c37de50481e915636869b8c0e094bdb40,ppo-tiny-frenet-seed-3,125.37866689993098,550000
tiny,ppo,1.0,0.0,1,1.0,1.0002613910629339,227.08704552475635,1.0002613910629339,frenet,3,4b17f97f52e90e10a04da918820c9a8c37de50481e915636869b8c0e094bdb40,ppo-tiny-frenet-seed-3,137.02835969996886,600000
tiny,ppo,1.0,0.0,1,1.0,1.0000575099754125,223.68628268623235,1.0000575099754125,frenet,3,4b17f97f52e90e10a04da918820c9a8c37de50481e915636869b8c0e094bdb40,ppo-tiny-frenet-seed-3,150.8435986998811,650000
tiny,ppo,1.0,0.0,1,1.0,1.0000888019010528,222.57120449620788,1.0000888019010528,frenet,3,4b17f97f52e90e10a04da918820c9a8c37de50481e915636869b8c0e094bdb40,ppo-tiny-frenet-seed-3,163.14940949997253,700000
tiny,ppo,1.0,0.0,1,1.0,1.000210150465134,219.42203793015236,1.000210150465134,frenet,3,4b17f97f52e90e10a04da918820c9a8c37de50481e915636869b8c0e094bdb40,ppo-tiny-frenet-seed-3,174.5754147999105,750000
tiny,ppo,1.0,0.0,1,1.0,1.0002069132347693,218.70276531476043,1.0002069132347693,frenet,3,4b17f97f52e90e10a04da918820c9a8c37de50481e915636869b8c0e094bdb40,ppo-tiny-frenet-seed-3,185.73751080003422,800000
tiny,ppo,1.0,0.0,1,1.0,1.0002097583600726,219.0618917372908,1.0002097583600726,frenet,3,4b17f97f52e90e10a04da918820c9a8c37de50481e915636869b8c0e094bdb40,ppo-tiny-frenet-seed-3,197.1773068000184,850000
tiny,ppo,1.0,0.0,1,1.0,1.0001889478089618,220.20603104151223,1.0001889478089618,frenet,3,4b17f97f52e90e10a04da918820c9a8c37de50481e915636869b8c0e094bdb40,ppo-tiny-frenet-seed-3,208.3568565001333,900000
tiny,ppo,1.0,0.0,1,1.0,1.0000895007420405,217.25036225193946,1.0000895007420405,frenet,3,4b17f97f52e90e10a04da918820c9a8c37de50481e915636869b8c0e094bdb40,ppo-tiny-frenet-seed-3,219.48893680021501,950000
tiny,ppo,1.0,0.0,1,1.0,1.000368392164582,222.85637003008338,1.000368392164582,frenet,4,afe16b246ade53826e0bd0c717ff46897af7b45258b5753792b73f8c176329b2,ppo-tiny-frenet-seed-4,22.94174690032378,100000
tiny,ppo,1.0,0.0,1,1.0,1.0001548334898134,223.61866536064224,1.0001548334898134,frenet,4,afe16b246ade53826e0bd0c717ff46897af7b45258b5753792b73f8c176329b2,ppo-tiny-frenet-seed-4,230.16144790069666,1000000
tiny,ppo,1.0,0.0,1,1.0,1.000148855386247,224.3408508730445,1.000148855386247,frenet,4,afe16b246ade53826e0bd0c717ff46897af7b45258b5753792b73f8c176329b2,ppo-tiny-frenet-seed-4,241.7127854006285,1050000
tiny,ppo,1.0,0.0,1,1.0,1.0002393488245869,226.00566194073167,1.0002393488245869,frenet,4,afe16b246ade53826e0bd0c717ff46897af7b45258b5753792b73f8c176329b2,ppo-tiny-frenet-seed-4,253.51800320048642,1100000
tiny,ppo,1.0,0.0,1,1.0,1.0003930874267764,226.05972328563973,1.0003930874267764,frenet,4,afe16b246ade53826e0bd0c717ff46897af7b45258b5753792b73f8c176329b2,ppo-tiny-frenet-seed-4,264.92653650055945,1150000
tiny,ppo,1.0,0.0,1,1.0,1.0000395753669933,225.70356039562512,1.0000395753669933,frenet,4,afe16b246ade53826e0bd0c717ff46897af7b45258b5753792b73f8c176329b2,ppo-tiny-frenet-seed-4,276.4586703005116,1200000
tiny,ppo,1.0,0.0,1,1.0,1.0001628515042553,220.2395373324448,1.0001628515042553,frenet,4,afe16b246ade53826e0bd0c717ff46897af7b45258b5753792b73f8c176329b2,ppo-tiny-frenet-seed-4,288.1413295006969,1250000
tiny,ppo,1.0,0.0,1,1.0,1.0000060501331522,217.4880692573011,1.0000060501331522,frenet,4,afe16b246ade53826e0bd0c717ff46897af7b45258b5753792b73f8c176329b2,ppo-tiny-frenet-seed-4,299.63571580057396,1300000
tiny,ppo,1.0,0.0,1,1.0,1.0002404931524018,220.10707975076753,1.0002404931524018,frenet,4,afe16b246ade53826e0bd0c717ff46897af7b45258b5753792b73f8c176329b2,ppo-tiny-frenet-seed-4,311.0924264006717,1350000
tiny,ppo,1.0,0.0,1,1.0,1.0002257672869592,221.32454447172546,1.0002257672869592,frenet,4,afe16b246ade53826e0bd0c717ff46897af7b45258b5753792b73f8c176329b2,ppo-tiny-frenet-seed-4,322.4609988006705,1400000
tiny,ppo,1.0,0.0,1,1.0,1.00000652113559,218.96435515992215,1.00000652113559,frenet,4,afe16b246ade53826e0bd0c717ff46897af7b45258b5753792b73f8c176329b2,ppo-tiny-frenet-seed-4,334.16183860065576,1450000
tiny,ppo,1.0,0.0,1,1.0,1.0002306455474397,228.60156245898563,1.0002306455474397,frenet,4,afe16b246ade53826e0bd0c717ff46897af7b45258b5753792b73f8c176329b2,ppo-tiny-frenet-seed-4,34.542373100437544,150000
tiny,ppo,1.0,0.0,1,1.0,1.0003557437945767,218.6417788849813,1.0003557437945767,frenet,4,afe16b246ade53826e0bd0c717ff46897af7b45258b5753792b73f8c176329b2,ppo-tiny-frenet-seed-4,345.6363655003224,1500000
tiny,ppo,1.0,0.0,1,1.0,1.0002768298617108,219.24923943419998,1.0002768298617108,frenet,4,afe16b246ade53826e0bd0c717ff46897af7b45258b5753792b73f8c176329b2,ppo-tiny-frenet-seed-4,357.13314450029793,1550000
tiny,ppo,1.0,0.0,1,1.0,1.0002591424671914,218.27529477940894,1.0002591424671914,frenet,4,afe16b246ade53826e0bd0c717ff46897af7b45258b5753792b73f8c176329b2,ppo-tiny-frenet-seed-4,368.67689020056423,1600000
tiny,ppo,1.0,0.0,1,1.0,1.0003385220350052,220.65977127840335,1.0003385220350052,frenet,4,afe16b246ade53826e0bd0c717ff46897af7b45258b5753792b73f8c176329b2,ppo-tiny-frenet-seed-4,379.9275328006879,1650000
tiny,ppo,1.0,0.0,1,1.0,1.000242170749998,219.39122237501363,1.000242170749998,frenet,4,afe16b246ade53826e0bd0c717ff46897af7b45258b5753792b73f8c176329b2,ppo-tiny-frenet-seed-4,390.86946640060705,1700000
tiny,ppo,1.0,0.0,1,1.0,1.000117305316381,217.93902070174312,1.000117305316381,frenet,4,afe16b246ade53826e0bd0c717ff46897af7b45258b5753792b73f8c176329b2,ppo-tiny-frenet-seed-4,401.5618335007748,1750000
tiny,ppo,1.0,0.0,1,1.0,1.000183191286971,217.37051683465137,1.000183191286971,frenet,4,afe16b246ade53826e0bd0c717ff46897af7b45258b5753792b73f8c176329b2,ppo-tiny-frenet-seed-4,412.25675360086825,1800000
tiny,ppo,1.0,0.0,1,1.0,1.0000048208171781,218.64896835101865,1.0000048208171781,frenet,4,afe16b246ade53826e0bd0c717ff46897af7b45258b5753792b73f8c176329b2,ppo-tiny-frenet-seed-4,423.1869937009178,1850000
tiny,ppo,1.0,0.0,1,1.0,1.0000713415062221,220.95613057398725,1.0000713415062221,frenet,4,afe16b246ade53826e0bd0c717ff46897af7b45258b5753792b73f8c176329b2,ppo-tiny-frenet-seed-4,433.8478601007955,1900000
tiny,ppo,1.0,0.0,1,1.0,1.000215417042202,219.06480742989692,1.000215417042202,frenet,4,afe16b246ade53826e0bd0c717ff46897af7b45258b5753792b73f8c176329b2,ppo-tiny-frenet-seed-4,444.81394240082955,1950000
tiny,ppo,1.0,0.0,1,1.0,1.0000274733019188,229.12061192708984,1.0000274733019188,frenet,4,afe16b246ade53826e0bd0c717ff46897af7b45258b5753792b73f8c176329b2,ppo-tiny-frenet-seed-4,45.86089130032269,200000
tiny,ppo,1.0,0.0,1,1.0,1.0001802381954359,219.16910714194444,1.0001802381954359,frenet,4,afe16b246ade53826e0bd0c717ff46897af7b45258b5753792b73f8c176329b2,ppo-tiny-frenet-seed-4,455.5634544007844,2000000
tiny,ppo,1.0,0.0,1,1.0,1.000307892237814,228.1626581486354,1.000307892237814,frenet,4,afe16b246ade53826e0bd0c717ff46897af7b45258b5753792b73f8c176329b2,ppo-tiny-frenet-seed-4,57.313408200298,250000
tiny,ppo,1.0,0.0,1,1.0,1.0004103956342458,223.89840158951057,1.0004103956342458,frenet,4,afe16b246ade53826e0bd0c717ff46897af7b45258b5753792b73f8c176329b2,ppo-tiny-frenet-seed-4,68.64049880029779,300000
tiny,ppo,1.0,0.0,1,1.0,1.000320149206128,224.92406481853936,1.000320149206128,frenet,4,afe16b246ade53826e0bd0c717ff46897af7b45258b5753792b73f8c176329b2,ppo-tiny-frenet-seed-4,79.96027010017133,350000
tiny,ppo,1.0,0.0,1,1.0,1.0003967661995332,223.497787133595,1.0003967661995332,frenet,4,afe16b246ade53826e0bd0c717ff46897af7b45258b5753792b73f8c176329b2,ppo-tiny-frenet-seed-4,91.37232250030502,400000
tiny,ppo,1.0,0.0,1,1.0,1.0002966472993866,226.0887295730334,1.0002966472993866,frenet,4,afe16b246ade53826e0bd0c717ff46897af7b45258b5753792b73f8c176329b2,ppo-tiny-frenet-seed-4,102.66982700049994,450000
tiny,ppo,0.0,1.0,1,0.0,0.23715956313793862,10.735570840735567,0.23715956313793862,frenet,4,afe16b246ade53826e0bd0c717ff46897af7b45258b5753792b73f8c176329b2,ppo-tiny-frenet-seed-4,11.59571380017951,50000
tiny,ppo,0.0,1.0,1,0.0,0.06578369471348373,-1.4897815920210578,0.06578369471348373,frenet,4,afe16b246ade53826e0bd0c717ff46897af7b45258b5753792b73f8c176329b2,ppo-tiny-frenet-seed-4,114.1556187006172,500000
tiny,ppo,1.0,0.0,1,1.0,1.000194742568529,226.89339405754833,1.000194742568529,frenet,4,afe16b246ade53826e0bd0c717ff46897af7b45258b5753792b73f8c176329b2,ppo-tiny-frenet-seed-4,125.45045660050164,550000
tiny,ppo,1.0,0.0,1,1.0,1.0003038038455256,224.46977919078827,1.0003038038455256,frenet,4,afe16b246ade53826e0bd0c717ff46897af7b45258b5753792b73f8c176329b2,ppo-tiny-frenet-seed-4,136.77644880040316,600000
tiny,ppo,1.0,0.0,1,1.0,1.0000063661070744,225.21882825352208,1.0000063661070744,frenet,4,afe16b246ade53826e0bd0c717ff46897af7b45258b5753792b73f8c176329b2,ppo-tiny-frenet-seed-4,148.2384928002357,650000
tiny,ppo,1.0,0.0,1,1.0,1.0002579724323424,224.0276605423124,1.0002579724323424,frenet,4,afe16b246ade53826e0bd0c717ff46897af7b45258b5753792b73f8c176329b2,ppo-tiny-frenet-seed-4,159.99787510019087,700000
tiny,ppo,1.0,0.0,1,1.0,1.0000015882911064,223.2438021421295,1.0000015882911064,frenet,4,afe16b246ade53826e0bd0c717ff46897af7b45258b5753792b73f8c176329b2,ppo-tiny-frenet-seed-4,171.53190960022766,750000
tiny,ppo,1.0,0.0,1,1.0,1.000073947426433,224.98664632257808,1.000073947426433,frenet,4,afe16b246ade53826e0bd0c717ff46897af7b45258b5753792b73f8c176329b2,ppo-tiny-frenet-seed-4,182.9217682002236,800000
tiny,ppo,1.0,0.0,1,1.0,1.0002868660017032,222.30843856563064,1.0002868660017032,frenet,4,afe16b246ade53826e0bd0c717ff46897af7b45258b5753792b73f8c176329b2,ppo-tiny-frenet-seed-4,194.57593280029323,850000
tiny,ppo,1.0,0.0,1,1.0,1.0001046763062726,224.01038164481923,1.0001046763062726,frenet,4,afe16b246ade53826e0bd0c717ff46897af7b45258b5753792b73f8c176329b2,ppo-tiny-frenet-seed-4,206.5710464004478,900000
tiny,ppo,1.0,0.0,1,1.0,1.0002334681945038,225.2416948789334,1.0002334681945038,frenet,4,afe16b246ade53826e0bd0c717ff46897af7b45258b5753792b73f8c176329b2,ppo-tiny-frenet-seed-4,218.66940420062383,950000
large,reinforce,0.0,1.0,1,0.0,0.5433963435588027,32.18226078202914,0.5433963435588027,frenet,0,2b584c4216d509e42358caac51f2436dea37758a1bf7a8e043f0a2b09c38b815,reinforce-large-frenet-seed-0,23.39913090013033,100000
large,reinforce,1.0,0.0,1,1.0,1.0000776082169442,207.8560813119662,1.0000776082169442,frenet,0,2b584c4216d509e42358caac51f2436dea37758a1bf7a8e043f0a2b09c38b815,reinforce-large-frenet-seed-0,163.21844810001676,1000000
large,reinforce,1.0,0.0,1,1.0,1.000244690788194,207.11833124490414,1.000244690788194,frenet,0,2b584c4216d509e42358caac51f2436dea37758a1bf7a8e043f0a2b09c38b815,reinforce-large-frenet-seed-0,170.68024039997545,1050000
large,reinforce,1.0,0.0,1,1.0,1.0003386588707472,204.57734611051194,1.0003386588707472,frenet,0,2b584c4216d509e42358caac51f2436dea37758a1bf7a8e043f0a2b09c38b815,reinforce-large-frenet-seed-0,178.77898559989444,1100000
large,reinforce,1.0,0.0,1,1.0,1.0001216601791016,203.9041676226188,1.0001216601791016,frenet,0,2b584c4216d509e42358caac51f2436dea37758a1bf7a8e043f0a2b09c38b815,reinforce-large-frenet-seed-0,186.61141559993666,1150000
large,reinforce,1.0,0.0,1,1.0,1.000056435098878,203.3916221512796,1.000056435098878,frenet,0,2b584c4216d509e42358caac51f2436dea37758a1bf7a8e043f0a2b09c38b815,reinforce-large-frenet-seed-0,194.3316632000351,1200000
large,reinforce,1.0,0.0,1,1.0,1.000168173261961,201.89475317997614,1.000168173261961,frenet,0,2b584c4216d509e42358caac51f2436dea37758a1bf7a8e043f0a2b09c38b815,reinforce-large-frenet-seed-0,202.3310259000682,1250000
large,reinforce,1.0,0.0,1,1.0,1.0003239986636974,201.00971436369565,1.0003239986636974,frenet,0,2b584c4216d509e42358caac51f2436dea37758a1bf7a8e043f0a2b09c38b815,reinforce-large-frenet-seed-0,209.82591430005232,1300000
large,reinforce,1.0,0.0,1,1.0,1.0002648659824243,200.2499690891534,1.0002648659824243,frenet,0,2b584c4216d509e42358caac51f2436dea37758a1bf7a8e043f0a2b09c38b815,reinforce-large-frenet-seed-0,217.38389020010618,1350000
large,reinforce,1.0,0.0,1,1.0,1.000276301434584,199.02595048143633,1.000276301434584,frenet,0,2b584c4216d509e42358caac51f2436dea37758a1bf7a8e043f0a2b09c38b815,reinforce-large-frenet-seed-0,225.48985370016453,1400000
large,reinforce,1.0,0.0,1,1.0,1.0002171716260213,201.14535174528464,1.0002171716260213,frenet,0,2b584c4216d509e42358caac51f2436dea37758a1bf7a8e043f0a2b09c38b815,reinforce-large-frenet-seed-0,233.0962153001674,1450000
large,reinforce,1.0,0.0,1,1.0,1.0000276950947642,198.5294356572312,1.0000276950947642,frenet,0,2b584c4216d509e42358caac51f2436dea37758a1bf7a8e043f0a2b09c38b815,reinforce-large-frenet-seed-0,30.845187700040697,150000
large,reinforce,1.0,0.0,1,1.0,1.0001065343583262,202.57247364549093,1.0001065343583262,frenet,0,2b584c4216d509e42358caac51f2436dea37758a1bf7a8e043f0a2b09c38b815,reinforce-large-frenet-seed-0,240.55086280018077,1500000
large,reinforce,1.0,0.0,1,1.0,1.0003195856460538,207.80727451729499,1.0003195856460538,frenet,0,2b584c4216d509e42358caac51f2436dea37758a1bf7a8e043f0a2b09c38b815,reinforce-large-frenet-seed-0,248.35984630025996,1550000
large,reinforce,1.0,0.0,1,1.0,1.0000773564475478,211.05477520352844,1.0000773564475478,frenet,0,2b584c4216d509e42358caac51f2436dea37758a1bf7a8e043f0a2b09c38b815,reinforce-large-frenet-seed-0,255.79590380027003,1600000
large,reinforce,1.0,0.0,1,1.0,1.000235231039545,211.78943521793698,1.000235231039545,frenet,0,2b584c4216d509e42358caac51f2436dea37758a1bf7a8e043f0a2b09c38b815,reinforce-large-frenet-seed-0,264.3207395002646,1650000
large,reinforce,1.0,0.0,1,1.0,1.0003383840879139,212.12195803189985,1.0003383840879139,frenet,0,2b584c4216d509e42358caac51f2436dea37758a1bf7a8e043f0a2b09c38b815,reinforce-large-frenet-seed-0,272.0134732003353,1700000
large,reinforce,1.0,0.0,1,1.0,1.000256976533089,209.81393267860304,1.000256976533089,frenet,0,2b584c4216d509e42358caac51f2436dea37758a1bf7a8e043f0a2b09c38b815,reinforce-large-frenet-seed-0,281.2000221002618,1750000
large,reinforce,1.0,0.0,1,1.0,1.0002507464108066,207.69161106357882,1.0002507464108066,frenet,0,2b584c4216d509e42358caac51f2436dea37758a1bf7a8e043f0a2b09c38b815,reinforce-large-frenet-seed-0,290.25707000021976,1800000
large,reinforce,1.0,0.0,1,1.0,1.0002291005329338,205.74706730180642,1.0002291005329338,frenet,0,2b584c4216d509e42358caac51f2436dea37758a1bf7a8e043f0a2b09c38b815,reinforce-large-frenet-seed-0,298.59821770011877,1850000
large,reinforce,1.0,0.0,1,1.0,1.000304917687287,204.09978827439124,1.000304917687287,frenet,0,2b584c4216d509e42358caac51f2436dea37758a1bf7a8e043f0a2b09c38b815,reinforce-large-frenet-seed-0,306.6048657001811,1900000
large,reinforce,1.0,0.0,1,1.0,1.0000091880146316,201.58615287009047,1.0000091880146316,frenet,0,2b584c4216d509e42358caac51f2436dea37758a1bf7a8e043f0a2b09c38b815,reinforce-large-frenet-seed-0,314.4366803002322,1950000
large,reinforce,1.0,0.0,1,1.0,1.0001995625994118,208.08443599001635,1.0001995625994118,frenet,0,2b584c4216d509e42358caac51f2436dea37758a1bf7a8e043f0a2b09c38b815,reinforce-large-frenet-seed-0,38.32288160000644,200000
large,reinforce,1.0,0.0,1,1.0,1.0003367254282207,199.42536260258385,1.0003367254282207,frenet,0,2b584c4216d509e42358caac51f2436dea37758a1bf7a8e043f0a2b09c38b815,reinforce-large-frenet-seed-0,322.227174500249,2000000
large,reinforce,0.0,1.0,1,0.0,0.5457594558648939,33.54148945895444,0.5457594558648939,frenet,0,2b584c4216d509e42358caac51f2436dea37758a1bf7a8e043f0a2b09c38b815,reinforce-large-frenet-seed-0,46.08514839993586,250000
large,reinforce,0.0,1.0,1,0.0,0.5411167043767865,31.40774166278723,0.5411167043767865,frenet,0,2b584c4216d509e42358caac51f2436dea37758a1bf7a8e043f0a2b09c38b815,reinforce-large-frenet-seed-0,54.528952199914784,300000
large,reinforce,1.0,0.0,1,1.0,1.0002303118861653,188.08377233756227,1.0002303118861653,frenet,0,2b584c4216d509e42358caac51f2436dea37758a1bf7a8e043f0a2b09c38b815,reinforce-large-frenet-seed-0,62.19335389992739,350000
large,reinforce,1.0,0.0,1,1.0,1.0000457861946088,190.94423111407224,1.0000457861946088,frenet,0,2b584c4216d509e42358caac51f2436dea37758a1bf7a8e043f0a2b09c38b815,reinforce-large-frenet-seed-0,69.84639869989951,400000
large,reinforce,1.0,0.0,1,1.0,1.0000968882819754,198.08614791318428,1.0000968882819754,frenet,0,2b584c4216d509e42358caac51f2436dea37758a1bf7a8e043f0a2b09c38b815,reinforce-large-frenet-seed-0,77.65823649985032,450000
large,reinforce,0.0,1.0,1,0.0,0.08832052602885158,-1.7144325776813396,0.08832052602885158,frenet,0,2b584c4216d509e42358caac51f2436dea37758a1bf7a8e043f0a2b09c38b815,reinforce-large-frenet-seed-0,12.752033400125583,50000
large,reinforce,1.0,0.0,1,1.0,1.0001572991854644,198.80930596976413,1.0001572991854644,frenet,0,2b584c4216d509e42358caac51f2436dea37758a1bf7a8e043f0a2b09c38b815,reinforce-large-frenet-seed-0,85.58350119978604,500000
large,reinforce,1.0,0.0,1,1.0,1.0003164276364536,199.27958043290386,1.0003164276364536,frenet,0,2b584c4216d509e42358caac51f2436dea37758a1bf7a8e043f0a2b09c38b815,reinforce-large-frenet-seed-0,93.13002859989683,550000
large,reinforce,1.0,0.0,1,1.0,1.0001038593374723,200.8115626047275,1.0001038593374723,frenet,0,2b584c4216d509e42358caac51f2436dea37758a1bf7a8e043f0a2b09c38b815,reinforce-large-frenet-seed-0,100.52590259994395,600000
large,reinforce,1.0,0.0,1,1.0,1.0001230925755173,200.84449000238834,1.0001230925755173,frenet,0,2b584c4216d509e42358caac51f2436dea37758a1bf7a8e043f0a2b09c38b815,reinforce-large-frenet-seed-0,108.50974889992722,650000
large,reinforce,1.0,0.0,1,1.0,1.0000628458278629,201.05205997901106,1.0000628458278629,frenet,0,2b584c4216d509e42358caac51f2436dea37758a1bf7a8e043f0a2b09c38b815,reinforce-large-frenet-seed-0,116.47852789984063,700000
large,reinforce,1.0,0.0,1,1.0,1.0002245157333531,201.21403548737936,1.0002245157333531,frenet,0,2b584c4216d509e42358caac51f2436dea37758a1bf7a8e043f0a2b09c38b815,reinforce-large-frenet-seed-0,124.02305149989479,750000
large,reinforce,1.0,0.0,1,1.0,1.0001811118825876,205.31316260432845,1.0001811118825876,frenet,0,2b584c4216d509e42358caac51f2436dea37758a1bf7a8e043f0a2b09c38b815,reinforce-large-frenet-seed-0,131.91207879988724,800000
large,reinforce,1.0,0.0,1,1.0,1.0000307385454452,205.2970726692453,1.0000307385454452,frenet,0,2b584c4216d509e42358caac51f2436dea37758a1bf7a8e043f0a2b09c38b815,reinforce-large-frenet-seed-0,139.9908750998402,850000
large,reinforce,1.0,0.0,1,1.0,1.000203505859916,204.98952275320133,1.000203505859916,frenet,0,2b584c4216d509e42358caac51f2436dea37758a1bf7a8e043f0a2b09c38b815,reinforce-large-frenet-seed-0,148.0406185999782,900000
large,reinforce,1.0,0.0,1,1.0,1.0003208640151342,204.93045973486593,1.0003208640151342,frenet,0,2b584c4216d509e42358caac51f2436dea37758a1bf7a8e043f0a2b09c38b815,reinforce-large-frenet-seed-0,155.5864522999509,950000
large,reinforce,0.0,1.0,1,0.0,0.49267858473727155,28.113902808263255,0.49267858473727155,frenet,1,d7fadb481c0451885599d6ec3715e699c44780669ba8465fdd12273f99cbf9c5,reinforce-large-frenet-seed-1,21.44353479983147,100000
large,reinforce,1.0,0.0,1,1.0,1.0001262181010309,202.05301156281297,1.0001262181010309,frenet,1,d7fadb481c0451885599d6ec3715e699c44780669ba8465fdd12273f99cbf9c5,reinforce-large-frenet-seed-1,172.51339049984745,1000000
large,reinforce,1.0,0.0,1,1.0,1.0000395835000286,200.65601770464423,1.0000395835000286,frenet,1,d7fadb481c0451885599d6ec3715e699c44780669ba8465fdd12273f99cbf9c5,reinforce-large-frenet-seed-1,180.83694889981052,1050000
large,reinforce,1.0,0.0,1,1.0,1.0001849693369862,204.54886552492843,1.0001849693369862,frenet,1,d7fadb481c0451885599d6ec3715e699c44780669ba8465fdd12273f99cbf9c5,reinforce-large-frenet-seed-1,189.97162159983782,1100000
large,reinforce,1.0,0.0,1,1.0,1.0002088958696989,205.0244830734576,1.0002088958696989,frenet,1,d7fadb481c0451885599d6ec3715e699c44780669ba8465fdd12273f99cbf9c5,reinforce-large-frenet-seed-1,200.86777159988378,1150000
large,reinforce,1.0,0.0,1,1.0,1.000082714341272,207.31650958464127,1.000082714341272,frenet,1,d7fadb481c0451885599d6ec3715e699c44780669ba8465fdd12273f99cbf9c5,reinforce-large-frenet-seed-1,212.31062659989038,1200000
large,reinforce,1.0,0.0,1,1.0,1.0000406711455525,205.87359120003825,1.0000406711455525,frenet,1,d7fadb481c0451885599d6ec3715e699c44780669ba8465fdd12273f99cbf9c5,reinforce-large-frenet-seed-1,221.3067340998823,1250000
large,reinforce,1.0,0.0,1,1.0,1.0001981092050645,201.60535665777428,1.0001981092050645,frenet,1,d7fadb481c0451885599d6ec3715e699c44780669ba8465fdd12273f99cbf9c5,reinforce-large-frenet-seed-1,230.44834499979515,1300000
large,reinforce,1.0,0.0,1,1.0,1.0001166172258376,201.70924062126687,1.0001166172258376,frenet,1,d7fadb481c0451885599d6ec3715e699c44780669ba8465fdd12273f99cbf9c5,reinforce-large-frenet-seed-1,243.2518573998259,1350000
large,reinforce,0.0,1.0,1,0.0,0.7359643921850935,47.4379785150845,0.7359643921850935,frenet,1,d7fadb481c0451885599d6ec3715e699c44780669ba8465fdd12273f99cbf9c5,reinforce-large-frenet-seed-1,255.33761559991217,1400000
large,reinforce,1.0,0.0,1,1.0,1.000120542913576,213.04521091448885,1.000120542913576,frenet,1,d7fadb481c0451885599d6ec3715e699c44780669ba8465fdd12273f99cbf9c5,reinforce-large-frenet-seed-1,264.2654089999123,1450000
large,reinforce,0.0,1.0,1,0.0,0.4886732279254603,28.21780324517458,0.4886732279254603,frenet,1,d7fadb481c0451885599d6ec3715e699c44780669ba8465fdd12273f99cbf9c5,reinforce-large-frenet-seed-1,30.346771599837666,150000
large,reinforce,1.0,0.0,1,1.0,1.0001122314133417,200.4530624696569,1.0001122314133417,frenet,1,d7fadb481c0451885599d6ec3715e699c44780669ba8465fdd12273f99cbf9c5,reinforce-large-frenet-seed-1,273.49245539991534,1500000
large,reinforce,1.0,0.0,1,1.0,1.0002693793906299,209.6012991537495,1.0002693793906299,frenet,1,d7fadb481c0451885599d6ec3715e699c44780669ba8465fdd12273f99cbf9c5,reinforce-large-frenet-seed-1,284.0923581000334,1550000
large,reinforce,1.0,0.0,1,1.0,1.0001067769372376,203.3948544860299,1.0001067769372376,frenet,1,d7fadb481c0451885599d6ec3715e699c44780669ba8465fdd12273f99cbf9c5,reinforce-large-frenet-seed-1,293.50126249997084,1600000
large,reinforce,0.0,0.0,1,0.0,0.540392073237145,14.039207323714539,0.540392073237145,frenet,1,d7fadb481c0451885599d6ec3715e699c44780669ba8465fdd12273f99cbf9c5,reinforce-large-frenet-seed-1,302.4042943998884,1650000
large,reinforce,1.0,0.0,1,1.0,1.0000612817194199,196.08219777593303,1.0000612817194199,frenet,1,d7fadb481c0451885599d6ec3715e699c44780669ba8465fdd12273f99cbf9c5,reinforce-large-frenet-seed-1,312.72606479996284,1700000
large,reinforce,1.0,0.0,1,1.0,1.0001714856169026,200.26646078945674,1.0001714856169026,frenet,1,d7fadb481c0451885599d6ec3715e699c44780669ba8465fdd12273f99cbf9c5,reinforce-large-frenet-seed-1,320.8385086999733,1750000
large,reinforce,1.0,0.0,1,1.0,1.000066682940301,203.31375698956197,1.000066682940301,frenet,1,d7fadb481c0451885599d6ec3715e699c44780669ba8465fdd12273f99cbf9c5,reinforce-large-frenet-seed-1,328.95919299994966,1800000
large,reinforce,1.0,0.0,1,1.0,1.0001173238475796,208.5386300461646,1.0001173238475796,frenet,1,d7fadb481c0451885599d6ec3715e699c44780669ba8465fdd12273f99cbf9c5,reinforce-large-frenet-seed-1,336.957306999926,1850000
large,reinforce,1.0,0.0,1,1.0,1.0003416894480632,212.0567762467156,1.0003416894480632,frenet,1,d7fadb481c0451885599d6ec3715e699c44780669ba8465fdd12273f99cbf9c5,reinforce-large-frenet-seed-1,345.4150434999883,1900000
large,reinforce,1.0,0.0,1,1.0,1.0002461469693156,213.59316615980646,1.0002461469693156,frenet,1,d7fadb481c0451885599d6ec3715e699c44780669ba8465fdd12273f99cbf9c5,reinforce-large-frenet-seed-1,354.3770619000461,1950000
large,reinforce,0.0,1.0,1,0.0,0.539562341099674,32.16523364485972,0.539562341099674,frenet,1,d7fadb481c0451885599d6ec3715e699c44780669ba8465fdd12273f99cbf9c5,reinforce-large-frenet-seed-1,38.20957279989307,200000
large,reinforce,1.0,0.0,1,1.0,1.000147376181931,218.03969128829357,1.000147376181931,frenet,1,d7fadb481c0451885599d6ec3715e699c44780669ba8465fdd12273f99cbf9c5,reinforce-large-frenet-seed-1,362.818995300031,2000000
large,reinforce,0.0,1.0,1,0.0,0.5510206349139414,33.10394976773709,0.5510206349139414,frenet,1,d7fadb481c0451885599d6ec3715e699c44780669ba8465fdd12273f99cbf9c5,reinforce-large-frenet-seed-1,46.034951399893544,250000
large,reinforce,0.0,1.0,1,0.0,0.6672897196261702,41.66310140085701,0.6672897196261702,frenet,1,d7fadb481c0451885599d6ec3715e699c44780669ba8465fdd12273f99cbf9c5,reinforce-large-frenet-seed-1,53.927161799918395,300000
large,reinforce,1.0,0.0,1,1.0,1.0000910251460702,204.21736851792434,1.0000910251460702,frenet,1,d7fadb481c0451885599d6ec3715e699c44780669ba8465fdd12273f99cbf9c5,reinforce-large-frenet-seed-1,62.21700999980567,350000
large,reinforce,1.0,0.0,1,1.0,1.0003176311112032,196.65432487467032,1.0003176311112032,frenet,1,d7fadb481c0451885599d6ec3715e699c44780669ba8465fdd12273f99cbf9c5,reinforce-large-frenet-seed-1,70.74055799972848,400000
large,reinforce,1.0,0.0,1,1.0,1.0002552748765798,197.40037950914186,1.0002552748765798,frenet,1,d7fadb481c0451885599d6ec3715e699c44780669ba8465fdd12273f99cbf9c5,reinforce-large-frenet-seed-1,79.11392179982977,450000
large,reinforce,0.0,1.0,1,0.0,0.15742166880159425,1.4023780850285963,0.15742166880159425,frenet,1,d7fadb481c0451885599d6ec3715e699c44780669ba8465fdd12273f99cbf9c5,reinforce-large-frenet-seed-1,12.865270499876715,50000
large,reinforce,1.0,0.0,1,1.0,1.0003386070567757,200.25616198301228,1.0003386070567757,frenet,1,d7fadb481c0451885599d6ec3715e699c44780669ba8465fdd12273f99cbf9c5,reinforce-large-frenet-seed-1,88.85630619979929,500000
large,reinforce,1.0,0.0,1,1.0,1.0002109299857904,206.7556612434795,1.0002109299857904,frenet,1,d7fadb481c0451885599d6ec3715e699c44780669ba8465fdd12273f99cbf9c5,reinforce-large-frenet-seed-1,97.03729819977525,550000
large,reinforce,1.0,0.0,1,1.0,1.0002776377574278,210.32737554632553,1.0002776377574278,frenet,1,d7fadb481c0451885599d6ec3715e699c44780669ba8465fdd12273f99cbf9c5,reinforce-large-frenet-seed-1,105.36090409988174,600000
large,reinforce,1.0,0.0,1,1.0,1.0002389358120478,211.03783186408646,1.0002389358120478,frenet,1,d7fadb481c0451885599d6ec3715e699c44780669ba8465fdd12273f99cbf9c5,reinforce-large-frenet-seed-1,113.82750809993922,650000
large,reinforce,1.0,0.0,1,1.0,1.000262965936111,208.7775882231494,1.000262965936111,frenet,1,d7fadb481c0451885599d6ec3715e699c44780669ba8465fdd12273f99cbf9c5,reinforce-large-frenet-seed-1,122.14088119986991,700000
large,reinforce,1.0,0.0,1,1.0,1.000090176073362,211.5713863907461,1.000090176073362,frenet,1,d7fadb481c0451885599d6ec3715e699c44780669ba8465fdd12273f99cbf9c5,reinforce-large-frenet-seed-1,130.24727729984443,750000
large,reinforce,1.0,0.0,1,1.0,1.0001224540562104,212.54176250934864,1.0001224540562104,frenet,1,d7fadb481c0451885599d6ec3715e699c44780669ba8465fdd12273f99cbf9c5,reinforce-large-frenet-seed-1,139.2096537997677,800000
large,reinforce,1.0,0.0,1,1.0,1.0001920339193002,207.29589667406876,1.0001920339193002,frenet,1,d7fadb481c0451885599d6ec3715e699c44780669ba8465fdd12273f99cbf9c5,reinforce-large-frenet-seed-1,147.81806239984508,850000
large,reinforce,1.0,0.0,1,1.0,1.0001364162465225,204.9828778045703,1.0001364162465225,frenet,1,d7fadb481c0451885599d6ec3715e699c44780669ba8465fdd12273f99cbf9c5,reinforce-large-frenet-seed-1,156.18571579986383,900000
large,reinforce,1.0,0.0,1,1.0,1.0000720288827518,201.05664331505326,1.0000720288827518,frenet,1,d7fadb481c0451885599d6ec3715e699c44780669ba8465fdd12273f99cbf9c5,reinforce-large-frenet-seed-1,164.34115939985895,950000
large,reinforce,0.0,1.0,1,0.0,0.019138860967672304,-4.867851682009507,0.019138860967672304,frenet,2,7dc85ab873a3f577716854355ded242a5146adccabc1114c223315d9eb2d6387,reinforce-large-frenet-seed-2,29.469347300037043,100000
large,reinforce,0.0,0.0,1,0.0,0.0,-40.0,0.0,frenet,2,7dc85ab873a3f577716854355ded242a5146adccabc1114c223315d9eb2d6387,reinforce-large-frenet-seed-2,267.98867789963333,1000000
large,reinforce,0.0,0.0,1,0.0,0.0,-40.0,0.0,frenet,2,7dc85ab873a3f577716854355ded242a5146adccabc1114c223315d9eb2d6387,reinforce-large-frenet-seed-2,280.8662898995899,1050000
large,reinforce,0.0,0.0,1,0.0,0.0,-40.0,0.0,frenet,2,7dc85ab873a3f577716854355ded242a5146adccabc1114c223315d9eb2d6387,reinforce-large-frenet-seed-2,293.71514959958404,1100000
large,reinforce,0.0,0.0,1,0.0,0.0,-40.0,0.0,frenet,2,7dc85ab873a3f577716854355ded242a5146adccabc1114c223315d9eb2d6387,reinforce-large-frenet-seed-2,305.25887909952326,1150000
large,reinforce,0.0,1.0,1,0.0,0.012098692032091157,-5.238450268844488,0.012098692032091157,frenet,2,7dc85ab873a3f577716854355ded242a5146adccabc1114c223315d9eb2d6387,reinforce-large-frenet-seed-2,317.9192855994497,1200000
large,reinforce,0.0,0.0,1,0.0,0.0,-40.0,0.0,frenet,2,7dc85ab873a3f577716854355ded242a5146adccabc1114c223315d9eb2d6387,reinforce-large-frenet-seed-2,330.92077239945866,1250000
large,reinforce,0.0,1.0,1,0.0,0.012120517220029273,-5.236022118837253,0.012120517220029273,frenet,2,7dc85ab873a3f577716854355ded242a5146adccabc1114c223315d9eb2d6387,reinforce-large-frenet-seed-2,343.9068394995029,1300000
large,reinforce,0.0,1.0,1,0.0,0.012120517411320659,-5.2360220974994025,0.012120517411320659,frenet,2,7dc85ab873a3f577716854355ded242a5146adccabc1114c223315d9eb2d6387,reinforce-large-frenet-seed-2,356.7524182996149,1350000
large,reinforce,0.0,1.0,1,0.0,0.01207538336729855,-5.250171982295288,0.01207538336729855,frenet,2,7dc85ab873a3f577716854355ded242a5146adccabc1114c223315d9eb2d6387,reinforce-large-frenet-seed-2,370.8485933995926,1400000
large,reinforce,0.0,1.0,1,0.0,0.012120517411320659,-5.2360220974994025,0.012120517411320659,frenet,2,7dc85ab873a3f577716854355ded242a5146adccabc1114c223315d9eb2d6387,reinforce-large-frenet-seed-2,383.74190509957043,1450000
large,reinforce,0.0,1.0,1,0.0,0.015363303990224689,-5.201955226646546,0.015363303990224689,frenet,2,7dc85ab873a3f577716854355ded242a5146adccabc1114c223315d9eb2d6387,reinforce-large-frenet-seed-2,43.3448373999945,150000
large,reinforce,0.0,1.0,1,0.0,0.012120517411320659,-5.2360220974994025,0.012120517411320659,frenet,2,7dc85ab873a3f577716854355ded242a5146adccabc1114c223315d9eb2d6387,reinforce-large-frenet-seed-2,396.5993270995441,1500000
large,reinforce,0.0,1.0,1,0.0,0.012120517411320659,-5.2360220974994025,0.012120517411320659,frenet,2,7dc85ab873a3f577716854355ded242a5146adccabc1114c223315d9eb2d6387,reinforce-large-frenet-seed-2,408.4247455996283,1550000
large,reinforce,0.0,1.0,1,0.0,0.012120517411320659,-5.2360220974994025,0.012120517411320659,frenet,2,7dc85ab873a3f577716854355ded242a5146adccabc1114c223315d9eb2d6387,reinforce-large-frenet-seed-2,419.8189755995827,1600000
large,reinforce,0.0,1.0,1,0.0,0.012120517411320659,-5.2360220974994025,0.012120517411320659,frenet,2,7dc85ab873a3f577716854355ded242a5146adccabc1114c223315d9eb2d6387,reinforce-large-frenet-seed-2,431.1247096995503,1650000
large,reinforce,0.0,1.0,1,0.0,0.012120517411320659,-5.2360220974994025,0.012120517411320659,frenet,2,7dc85ab873a3f577716854355ded242a5146adccabc1114c223315d9eb2d6387,reinforce-large-frenet-seed-2,443.3784377995253,1700000
large,reinforce,0.0,1.0,1,0.0,0.012120517411320659,-5.2360220974994025,0.012120517411320659,frenet,2,7dc85ab873a3f577716854355ded242a5146adccabc1114c223315d9eb2d6387,reinforce-large-frenet-seed-2,454.7434848994544,1750000
large,reinforce,0.0,1.0,1,0.0,0.012120517411320659,-5.2360220974994025,0.012120517411320659,frenet,2,7dc85ab873a3f577716854355ded242a5146adccabc1114c223315d9eb2d6387,reinforce-large-frenet-seed-2,466.5728211994974,1800000
large,reinforce,0.0,1.0,1,0.0,0.012120517411320659,-5.2360220974994025,0.012120517411320659,frenet,2,7dc85ab873a3f577716854355ded242a5146adccabc1114c223315d9eb2d6387,reinforce-large-frenet-seed-2,478.9931498995302,1850000
large,reinforce,0.0,1.0,1,0.0,0.012120517411320659,-5.2360220974994025,0.012120517411320659,frenet,2,7dc85ab873a3f577716854355ded242a5146adccabc1114c223315d9eb2d6387,reinforce-large-frenet-seed-2,491.02883639943866,1900000
large,reinforce,0.0,1.0,1,0.0,0.012120517411320659,-5.2360220974994025,0.012120517411320659,frenet,2,7dc85ab873a3f577716854355ded242a5146adccabc1114c223315d9eb2d6387,reinforce-large-frenet-seed-2,501.66076939947925,1950000
large,reinforce,0.0,1.0,1,0.0,0.012127100094615718,-5.23545059468841,0.012127100094615718,frenet,2,7dc85ab873a3f577716854355ded242a5146adccabc1114c223315d9eb2d6387,reinforce-large-frenet-seed-2,57.046464499910144,200000
large,reinforce,0.0,1.0,1,0.0,0.012120517411320659,-5.2360220974994025,0.012120517411320659,frenet,2,7dc85ab873a3f577716854355ded242a5146adccabc1114c223315d9eb2d6387,reinforce-large-frenet-seed-2,513.922052099535,2000000
large,reinforce,0.0,1.0,1,0.0,0.012097351807634585,-5.242981522752228,0.012097351807634585,frenet,2,7dc85ab873a3f577716854355ded242a5146adccabc1114c223315d9eb2d6387,reinforce-large-frenet-seed-2,70.2757776998169,250000
large,reinforce,0.0,0.0,1,0.0,0.0,-40.0,0.0,frenet,2,7dc85ab873a3f577716854355ded242a5146adccabc1114c223315d9eb2d6387,reinforce-large-frenet-seed-2,82.93485599993619,300000
large,reinforce,0.0,1.0,1,0.0,0.012088365355122125,-5.248584502018556,0.012088365355122125,frenet,2,7dc85ab873a3f577716854355ded242a5146adccabc1114c223315d9eb2d6387,reinforce-large-frenet-seed-2,95.49109639995913,350000
large,reinforce,0.0,1.0,1,0.0,0.012117413591085029,-5.236368282800344,0.012117413591085029,frenet,2,7dc85ab873a3f577716854355ded242a5146adccabc1114c223315d9eb2d6387,reinforce-large-frenet-seed-2,108.47406409996256,400000
large,reinforce,0.0,0.0,1,0.0,1.5845795163411856e-05,-39.99841542048366,1.5845795163411856e-05,frenet,2,7dc85ab873a3f577716854355ded242a5146adccabc1114c223315d9eb2d6387,reinforce-large-frenet-seed-2,121.80842429999211,450000
large,reinforce,0.0,1.0,1,0.0,0.030173309709308368,-5.425175767562147,0.030173309709308368,frenet,2,7dc85ab873a3f577716854355ded242a5146adccabc1114c223315d9eb2d6387,reinforce-large-frenet-seed-2,15.290514899987102,50000
large,reinforce,0.0,1.0,1,0.0,0.012114835323412773,-5.240916566026317,0.012114835323412773,frenet,2,7dc85ab873a3f577716854355ded242a5146adccabc1114c223315d9eb2d6387,reinforce-large-frenet-seed-2,135.0769697999549,500000
large,reinforce,0.0,1.0,1,0.0,0.01212051738881651,-5.236022100009661,0.01212051738881651,frenet,2,7dc85ab873a3f577716854355ded242a5146adccabc1114c223315d9eb2d6387,reinforce-large-frenet-seed-2,148.33728859981784,550000
large,reinforce,0.0,1.0,1,0.0,0.012120517400069062,-5.236022098754484,0.012120517400069062,frenet,2,7dc85ab873a3f577716854355ded242a5146adccabc1114c223315d9eb2d6387,reinforce-large-frenet-seed-2,161.72836339968126,600000
large,reinforce,0.0,1.0,1,0.0,0.012120517411320659,-5.2360220974994025,0.012120517411320659,frenet,2,7dc85ab873a3f577716854355ded242a5146adccabc1114c223315d9eb2d6387,reinforce-large-frenet-seed-2,175.00851609986967,650000
large,reinforce,0.0,1.0,1,0.0,0.012120517411320659,-5.2360220974994025,0.012120517411320659,frenet,2,7dc85ab873a3f577716854355ded242a5146adccabc1114c223315d9eb2d6387,reinforce-large-frenet-seed-2,188.25462729993342,700000
large,reinforce,0.0,1.0,1,0.0,0.012120501128721482,-5.236023913759036,0.012120501128721482,frenet,2,7dc85ab873a3f577716854355ded242a5146adccabc1114c223315d9eb2d6387,reinforce-large-frenet-seed-2,202.26365139996778,750000
large,reinforce,0.0,1.0,1,0.0,0.012120517411320659,-5.2360220974994025,0.012120517411320659,frenet,2,7dc85ab873a3f577716854355ded242a5146adccabc1114c223315d9eb2d6387,reinforce-large-frenet-seed-2,215.58466629979375,800000
large,reinforce,0.0,1.0,1,0.0,0.012120517411320659,-5.2360220974994025,0.012120517411320659,frenet,2,7dc85ab873a3f577716854355ded242a5146adccabc1114c223315d9eb2d6387,reinforce-large-frenet-seed-2,228.84774819981612,850000
large,reinforce,0.0,1.0,1,0.0,0.012120517355059274,-5.236022103775171,0.012120517355059274,frenet,2,7dc85ab873a3f577716854355ded242a5146adccabc1114c223315d9eb2d6387,reinforce-large-frenet-seed-2,242.59899759975087,900000
large,reinforce,0.0,0.0,1,0.0,0.0,-40.0,0.0,frenet,2,7dc85ab873a3f577716854355ded242a5146adccabc1114c223315d9eb2d6387,reinforce-large-frenet-seed-2,255.97464479962036,950000
large,reinforce,0.0,1.0,1,0.0,0.20411258998731197,8.679232628356242,0.20411258998731197,frenet,3,f719434ca0b83d72077813bdb9590194e2d48e9698090049b676728f8d7ff6a3,reinforce-large-frenet-seed-3,25.29916240021703,100000
large,reinforce,1.0,0.0,1,1.0,1.0002353831059867,184.1211371413179,1.0002353831059867,frenet,3,f719434ca0b83d72077813bdb9590194e2d48e9698090049b676728f8d7ff6a3,reinforce-large-frenet-seed-3,175.3633332004556,1000000
large,reinforce,1.0,0.0,1,1.0,1.000127188937497,189.29938079936076,1.000127188937497,frenet,3,f719434ca0b83d72077813bdb9590194e2d48e9698090049b676728f8d7ff6a3,reinforce-large-frenet-seed-3,182.94190330042875,1050000
large,reinforce,1.0,0.0,1,1.0,1.0000083437462903,192.8743297768189,1.0000083437462903,frenet,3,f719434ca0b83d72077813bdb9590194e2d48e9698090049b676728f8d7ff6a3,reinforce-large-frenet-seed-3,190.56994710047002,1100000
large,reinforce,1.0,0.0,1,1.0,1.000127321676389,191.6697565855386,1.000127321676389,frenet,3,f719434ca0b83d72077813bdb9590194e2d48e9698090049b676728f8d7ff6a3,reinforce-large-frenet-seed-3,198.4491135004173,1150000
large,reinforce,1.0,0.0,1,1.0,1.0000195860879721,191.30095335513215,1.0000195860879721,frenet,3,f719434ca0b83d72077813bdb9590194e2d48e9698090049b676728f8d7ff6a3,reinforce-large-frenet-seed-3,206.28050350034755,1200000
large,reinforce,1.0,0.0,1,1.0,1.0000019340548505,192.71507353454285,1.0000019340548505,frenet,3,f719434ca0b83d72077813bdb9590194e2d48e9698090049b676728f8d7ff6a3,reinforce-large-frenet-seed-3,213.9417021003719,1250000
large,reinforce,1.0,0.0,1,1.0,1.0000266528566364,194.01953949679944,1.0000266528566364,frenet,3,f719434ca0b83d72077813bdb9590194e2d48e9698090049b676728f8d7ff6a3,reinforce-large-frenet-seed-3,221.80936980030128,1300000
large,reinforce,1.0,0.0,1,1.0,1.0000185121112457,193.43121236009273,1.0000185121112457,frenet,3,f719434ca0b83d72077813bdb9590194e2d48e9698090049b676728f8d7ff6a3,reinforce-large-frenet-seed-3,229.60682620033003,1350000
large,reinforce,1.0,0.0,1,1.0,1.0000985932758266,192.20617237201986,1.0000985932758266,frenet,3,f719434ca0b83d72077813bdb9590194e2d48e9698090049b676728f8d7ff6a3,reinforce-large-frenet-seed-3,237.32177210027294,1400000
large,reinforce,1.0,0.0,1,1.0,1.0001285051855846,189.51882246617794,1.0001285051855846,frenet,3,f719434ca0b83d72077813bdb9590194e2d48e9698090049b676728f8d7ff6a3,reinforce-large-frenet-seed-3,244.79709700024796,1450000
large,reinforce,0.0,1.0,1,0.0,0.20984069118668064,9.300363869120591,0.20984069118668064,frenet,3,f719434ca0b83d72077813bdb9590194e2d48e9698090049b676728f8d7ff6a3,reinforce-large-frenet-seed-3,35.37809170024593,150000
large,reinforce,1.0,0.0,1,1.0,1.0001273772796728,188.99309820355168,1.0001273772796728,frenet,3,f719434ca0b83d72077813bdb9590194e2d48e9698090049b676728f8d7ff6a3,reinforce-large-frenet-seed-3,252.41557360022853,1500000
large,reinforce,1.0,0.0,1,1.0,1.0001531471586975,191.50325382809945,1.0001531471586975,frenet,3,f719434ca0b83d72077813bdb9590194e2d48e9698090049b676728f8d7ff6a3,reinforce-large-frenet-seed-3,259.9473818001734,1550000
large,reinforce,1.0,0.0,1,1.0,1.000117009842506,190.95546440973143,1.000117009842506,frenet,3,f719434ca0b83d72077813bdb9590194e2d48e9698090049b676728f8d7ff6a3,reinforce-large-frenet-seed-3,267.53888810003446,1600000
large,reinforce,1.0,0.0,1,1.0,1.0000395133922915,190.58614809146817,1.0000395133922915,frenet,3,f719434ca0b83d72077813bdb9590194e2d48e9698090049b676728f8d7ff6a3,reinforce-large-frenet-seed-3,275.08576469995387,1650000
large,reinforce,1.0,0.0,1,1.0,1.0002486706002052,189.31742205223537,1.0002486706002052,frenet,3,f719434ca0b83d72077813bdb9590194e2d48e9698090049b676728f8d7ff6a3,reinforce-large-frenet-seed-3,282.6881993999086,1700000
large,reinforce,1.0,0.0,1,1.0,1.0001161586637213,186.57379071996635,1.0001161586637213,frenet,3,f719434ca0b83d72077813bdb9590194e2d48e9698090049b676728f8d7ff6a3,reinforce-large-frenet-seed-3,290.4810824999113,1750000
large,reinforce,1.0,0.0,1,1.0,1.0000502530382582,184.46587423426053,1.0000502530382582,frenet,3,f719434ca0b83d72077813bdb9590194e2d48e9698090049b676728f8d7ff6a3,reinforce-large-frenet-seed-3,298.1038712999052,1800000
large,reinforce,1.0,0.0,1,1.0,1.000192763087519,182.85957489213934,1.000192763087519,frenet,3,f719434ca0b83d72077813bdb9590194e2d48e9698090049b676728f8d7ff6a3,reinforce-large-frenet-seed-3,305.65630569997666,1850000
large,reinforce,1.0,0.0,1,1.0,1.0001055968459152,177.6603154514155,1.0001055968459152,frenet,3,f719434ca0b83d72077813bdb9590194e2d48e9698090049b676728f8d7ff6a3,reinforce-large-frenet-seed-3,313.0427385000585,1900000
large,reinforce,1.0,0.0,1,1.0,1.0000815474248024,179.3645982900291,1.0000815474248024,frenet,3,f719434ca0b83d72077813bdb9590194e2d48e9698090049b676728f8d7ff6a3,reinforce-large-frenet-seed-3,320.77009720005844,1950000
large,reinforce,0.0,1.0,1,0.0,0.37440084543222985,21.702338712686643,0.37440084543222985,frenet,3,f719434ca0b83d72077813bdb9590194e2d48e9698090049b676728f8d7ff6a3,reinforce-large-frenet-seed-3,46.26960000021063,200000
large,reinforce,1.0,0.0,1,1.0,1.0002592930133103,183.6151693039415,1.0002592930133103,frenet,3,f719434ca0b83d72077813bdb9590194e2d48e9698090049b676728f8d7ff6a3,reinforce-large-frenet-seed-3,329.0423306999219,2000000
large,reinforce,0.0,1.0,1,0.0,0.48598265386489364,27.787332449631997,0.48598265386489364,frenet,3,f719434ca0b83d72077813bdb9590194e2d48e9698090049b676728f8d7ff6a3,reinforce-large-frenet-seed-3,55.89093750024222,250000
large,reinforce,1.0,0.0,1,1.0,1.000203564095513,176.04324991637924,1.000203564095513,frenet,3,f719434ca0b83d72077813bdb9590194e2d48e9698090049b676728f8d7ff6a3,reinforce-large-frenet-seed-3,65.27184220038362,300000
large,reinforce,1.0,0.0,1,1.0,1.0002681183644149,198.15270238219233,1.0002681183644149,frenet,3,f719434ca0b83d72077813bdb9590194e2d48e9698090049b676728f8d7ff6a3,reinforce-large-frenet-seed-3,73.21681020035066,350000
large,reinforce,1.0,0.0,1,1.0,1.0003278349124687,201.25632339796815,1.0003278349124687,frenet,3,f719434ca0b83d72077813bdb9590194e2d48e9698090049b676728f8d7ff6a3,reinforce-large-frenet-seed-3,80.95873240033688,400000
large,reinforce,1.0,0.0,1,1.0,1.0002040426599426,200.81167498549735,1.0002040426599426,frenet,3,f719434ca0b83d72077813bdb9590194e2d48e9698090049b676728f8d7ff6a3,reinforce-large-frenet-seed-3,88.81301310037998,450000
large,reinforce,0.0,1.0,1,0.0,0.09081335072333514,-1.4372329476305374,0.09081335072333514,frenet,3,f719434ca0b83d72077813bdb9590194e2d48e9698090049b676728f8d7ff6a3,reinforce-large-frenet-seed-3,13.371868800180891,50000
large,reinforce,0.0,1.0,1,0.0,0.9688771428903892,61.992433597730766,0.9688771428903892,frenet,3,f719434ca0b83d72077813bdb9590194e2d48e9698090049b676728f8d7ff6a3,reinforce-large-frenet-seed-3,96.60076770047817,500000
large,reinforce,1.0,0.0,1,1.0,1.0000887833177934,195.38169125576167,1.0000887833177934,frenet,3,f719434ca0b83d72077813bdb9590194e2d48e9698090049b676728f8d7ff6a3,reinforce-large-frenet-seed-3,104.9649405004202,550000
large,reinforce,1.0,0.0,1,1.0,1.0001278392224937,188.38933194556935,1.0001278392224937,frenet,3,f719434ca0b83d72077813bdb9590194e2d48e9698090049b676728f8d7ff6a3,reinforce-large-frenet-seed-3,113.16970160044366,600000
large,reinforce,1.0,0.0,1,1.0,1.0002449222151542,184.78800672114082,1.0002449222151542,frenet,3,f719434ca0b83d72077813bdb9590194e2d48e9698090049b676728f8d7ff6a3,reinforce-large-frenet-seed-3,120.91166180052642,650000
large,reinforce,1.0,0.0,1,1.0,1.0002690647189734,183.94278982731194,1.0002690647189734,frenet,3,f719434ca0b83d72077813bdb9590194e2d48e9698090049b676728f8d7ff6a3,reinforce-large-frenet-seed-3,129.07656230050816,700000
large,reinforce,1.0,0.0,1,1.0,1.000076507117652,187.7083047833773,1.000076507117652,frenet,3,f719434ca0b83d72077813bdb9590194e2d48e9698090049b676728f8d7ff6a3,reinforce-large-frenet-seed-3,137.02173340055197,750000
large,reinforce,1.0,0.0,1,1.0,1.0001099357588947,187.02111446211268,1.0001099357588947,frenet,3,f719434ca0b83d72077813bdb9590194e2d48e9698090049b676728f8d7ff6a3,reinforce-large-frenet-seed-3,145.10356020057588,800000
large,reinforce,1.0,0.0,1,1.0,1.0000326959819306,186.02115571850464,1.0000326959819306,frenet,3,f719434ca0b83d72077813bdb9590194e2d48e9698090049b676728f8d7ff6a3,reinforce-large-frenet-seed-3,152.55724330059456,850000
large,reinforce,1.0,0.0,1,1.0,1.0002527549814868,183.61539522497264,1.0002527549814868,frenet,3,f719434ca0b83d72077813bdb9590194e2d48e9698090049b676728f8d7ff6a3,reinforce-large-frenet-seed-3,160.09041580053054,900000
large,reinforce,1.0,0.0,1,1.0,1.0000223610592254,181.40632908224364,1.0000223610592254,frenet,3,f719434ca0b83d72077813bdb9590194e2d48e9698090049b676728f8d7ff6a3,reinforce-large-frenet-seed-3,167.6838627004945,950000
large,reinforce,0.0,1.0,1,0.0,0.09299713479968551,-0.006402892249641745,0.09299713479968551,frenet,4,3a219959cb3ae9d7d6d7b6c9ad915e535398700ede8ddee5071420f3e2a85d89,reinforce-large-frenet-seed-4,25.989522199997737,100000
large,reinforce,1.0,0.0,1,1.0,1.0001238706653546,201.01968236529595,1.0001238706653546,frenet,4,3a219959cb3ae9d7d6d7b6c9ad915e535398700ede8ddee5071420f3e2a85d89,reinforce-large-frenet-seed-4,177.56437200028085,1000000
large,reinforce,1.0,0.0,1,1.0,1.0001900471550198,199.19513059379162,1.0001900471550198,frenet,4,3a219959cb3ae9d7d6d7b6c9ad915e535398700ede8ddee5071420f3e2a85d89,reinforce-large-frenet-seed-4,185.38226060030684,1050000
large,reinforce,1.0,0.0,1,1.0,1.0000544791729413,197.52644358588168,1.0000544791729413,frenet,4,3a219959cb3ae9d7d6d7b6c9ad915e535398700ede8ddee5071420f3e2a85d89,reinforce-large-frenet-seed-4,193.2229175001885,1100000
large,reinforce,1.0,0.0,1,1.0,1.000314816942721,198.66535002718535,1.000314816942721,frenet,4,3a219959cb3ae9d7d6d7b6c9ad915e535398700ede8ddee5071420f3e2a85d89,reinforce-large-frenet-seed-4,200.99737670014474,1150000
large,reinforce,1.0,0.0,1,1.0,1.0000375203350351,199.31992684600482,1.0000375203350351,frenet,4,3a219959cb3ae9d7d6d7b6c9ad915e535398700ede8ddee5071420f3e2a85d89,reinforce-large-frenet-seed-4,209.21764900010567,1200000
large,reinforce,1.0,0.0,1,1.0,1.0002162802986756,197.18564613220772,1.0002162802986756,frenet,4,3a219959cb3ae9d7d6d7b6c9ad915e535398700ede8ddee5071420f3e2a85d89,reinforce-large-frenet-seed-4,217.54283730004863,1250000
large,reinforce,1.0,0.0,1,1.0,1.0001764267507298,195.12406210237597,1.0001764267507298,frenet,4,3a219959cb3ae9d7d6d7b6c9ad915e535398700ede8ddee5071420f3e2a85d89,reinforce-large-frenet-seed-4,225.25041270004112,1300000
large,reinforce,1.0,0.0,1,1.0,1.0001323692247668,196.67062892069856,1.0001323692247668,frenet,4,3a219959cb3ae9d7d6d7b6c9ad915e535398700ede8ddee5071420f3e2a85d89,reinforce-large-frenet-seed-4,232.76804949998404,1350000
large,reinforce,1.0,0.0,1,1.0,1.0001777839493977,195.95391837676493,1.0001777839493977,frenet,4,3a219959cb3ae9d7d6d7b6c9ad915e535398700ede8ddee5071420f3e2a85d89,reinforce-large-frenet-seed-4,240.6330976001027,1400000
large,reinforce,1.0,0.0,1,1.0,1.0002891664625553,194.88879645223744,1.0002891664625553,frenet,4,3a219959cb3ae9d7d6d7b6c9ad915e535398700ede8ddee5071420f3e2a85d89,reinforce-large-frenet-seed-4,248.38530820009146,1450000
large,reinforce,0.0,1.0,1,0.0,0.6913160660222203,43.40482246445665,0.6913160660222203,frenet,4,3a219959cb3ae9d7d6d7b6c9ad915e535398700ede8ddee5071420f3e2a85d89,reinforce-large-frenet-seed-4,36.260231700074655,150000
large,reinforce,1.0,0.0,1,1.0,1.0000685514105117,195.26025875261922,1.0000685514105117,frenet,4,3a219959cb3ae9d7d6d7b6c9ad915e535398700ede8ddee5071420f3e2a85d89,reinforce-large-frenet-seed-4,255.9459552000353,1500000
large,reinforce,1.0,0.0,1,1.0,1.0001492793216427,194.48140084654474,1.0001492793216427,frenet,4,3a219959cb3ae9d7d6d7b6c9ad915e535398700ede8ddee5071420f3e2a85d89,reinforce-large-frenet-seed-4,263.64260069999546,1550000
large,reinforce,1.0,0.0,1,1.0,1.0001376698808426,194.83984253936114,1.0001376698808426,frenet,4,3a219959cb3ae9d7d6d7b6c9ad915e535398700ede8ddee5071420f3e2a85d89,reinforce-large-frenet-seed-4,271.2609216999681,1600000
large,reinforce,1.0,0.0,1,1.0,1.0003343994897977,197.5584175809335,1.0003343994897977,frenet,4,3a219959cb3ae9d7d6d7b6c9ad915e535398700ede8ddee5071420f3e2a85d89,reinforce-large-frenet-seed-4,279.7046787000836,1650000
large,reinforce,1.0,0.0,1,1.0,1.000085469098575,195.58895875612347,1.000085469098575,frenet,4,3a219959cb3ae9d7d6d7b6c9ad915e535398700ede8ddee5071420f3e2a85d89,reinforce-large-frenet-seed-4,287.97580490012115,1700000
large,reinforce,1.0,0.0,1,1.0,1.0002079736638028,196.7145209063416,1.0002079736638028,frenet,4,3a219959cb3ae9d7d6d7b6c9ad915e535398700ede8ddee5071420f3e2a85d89,reinforce-large-frenet-seed-4,295.9308786000547,1750000
large,reinforce,1.0,0.0,1,1.0,1.000012108407797,199.39481119211464,1.000012108407797,frenet,4,3a219959cb3ae9d7d6d7b6c9ad915e535398700ede8ddee5071420f3e2a85d89,reinforce-large-frenet-seed-4,303.8417869001187,1800000
large,reinforce,1.0,0.0,1,1.0,1.0000090147595098,200.44321585946125,1.0000090147595098,frenet,4,3a219959cb3ae9d7d6d7b6c9ad915e535398700ede8ddee5071420f3e2a85d89,reinforce-large-frenet-seed-4,311.72193110015724,1850000
large,reinforce,1.0,0.0,1,1.0,1.0001120496029223,200.59949348321095,1.0001120496029223,frenet,4,3a219959cb3ae9d7d6d7b6c9ad915e535398700ede8ddee5071420f3e2a85d89,reinforce-large-frenet-seed-4,320.03394800014576,1900000
large,reinforce,1.0,0.0,1,1.0,1.0002689435320704,201.72839800381553,1.0002689435320704,frenet,4,3a219959cb3ae9d7d6d7b6c9ad915e535398700ede8ddee5071420f3e2a85d89,reinforce-large-frenet-seed-4,328.31927430020187,1950000
large,reinforce,1.0,0.0,1,1.0,1.0002693858608005,193.42438973616066,1.0002693858608005,frenet,4,3a219959cb3ae9d7d6d7b6c9ad915e535398700ede8ddee5071420f3e2a85d89,reinforce-large-frenet-seed-4,44.22773070009316,200000
large,reinforce,1.0,0.0,1,1.0,1.0000291946292632,199.43088076057032,1.0000291946292632,frenet,4,3a219959cb3ae9d7d6d7b6c9ad915e535398700ede8ddee5071420f3e2a85d89,reinforce-large-frenet-seed-4,335.9035937002518,2000000
large,reinforce,1.0,0.0,1,1.0,1.000050671320275,188.27419532009742,1.000050671320275,frenet,4,3a219959cb3ae9d7d6d7b6c9ad915e535398700ede8ddee5071420f3e2a85d89,reinforce-large-frenet-seed-4,51.75401670002066,250000
large,reinforce,1.0,0.0,1,1.0,1.0001196957190075,195.41396031290517,1.0001196957190075,frenet,4,3a219959cb3ae9d7d6d7b6c9ad915e535398700ede8ddee5071420f3e2a85d89,reinforce-large-frenet-seed-4,59.398571200074,300000
large,reinforce,1.0,0.0,1,1.0,1.0001023319193678,194.8367859964695,1.0001023319193678,frenet,4,3a219959cb3ae9d7d6d7b6c9ad915e535398700ede8ddee5071420f3e2a85d89,reinforce-large-frenet-seed-4,66.97672030003014,350000
large,reinforce,1.0,0.0,1,1.0,1.0000864792953146,194.90148493276743,1.0000864792953146,frenet,4,3a219959cb3ae9d7d6d7b6c9ad915e535398700ede8ddee5071420f3e2a85d89,reinforce-large-frenet-seed-4,74.65720359998159,400000
large,reinforce,1.0,0.0,1,1.0,1.0003133151503132,196.5435202931331,1.0003133151503132,frenet,4,3a219959cb3ae9d7d6d7b6c9ad915e535398700ede8ddee5071420f3e2a85d89,reinforce-large-frenet-seed-4,82.00689960005002,450000
large,reinforce,0.0,1.0,1,0.0,0.04697206406136336,-4.295911589536578,0.04697206406136336,frenet,4,3a219959cb3ae9d7d6d7b6c9ad915e535398700ede8ddee5071420f3e2a85d89,reinforce-large-frenet-seed-4,14.607712399960292,50000
large,reinforce,1.0,0.0,1,1.0,1.0000263586030618,196.83944150457597,1.0000263586030618,frenet,4,3a219959cb3ae9d7d6d7b6c9ad915e535398700ede8ddee5071420f3e2a85d89,reinforce-large-frenet-seed-4,89.63602050009285,500000
large,reinforce,1.0,0.0,1,1.0,1.0003329923112625,196.18556054371953,1.0003329923112625,frenet,4,3a219959cb3ae9d7d6d7b6c9ad915e535398700ede8ddee5071420f3e2a85d89,reinforce-large-frenet-seed-4,97.31189490013821,550000
large,reinforce,1.0,0.0,1,1.0,1.0001236558392232,194.54563100491123,1.0001236558392232,frenet,4,3a219959cb3ae9d7d6d7b6c9ad915e535398700ede8ddee5071420f3e2a85d89,reinforce-large-frenet-seed-4,104.83947530009937,600000
large,reinforce,1.0,0.0,1,1.0,1.0001914256050124,196.56520653465876,1.0001914256050124,frenet,4,3a219959cb3ae9d7d6d7b6c9ad915e535398700ede8ddee5071420f3e2a85d89,reinforce-large-frenet-seed-4,112.65622170015195,650000
large,reinforce,1.0,0.0,1,1.0,1.0000887226144213,200.29457873447703,1.0000887226144213,frenet,4,3a219959cb3ae9d7d6d7b6c9ad915e535398700ede8ddee5071420f3e2a85d89,reinforce-large-frenet-seed-4,121.17421650024698,700000
large,reinforce,1.0,0.0,1,1.0,1.0000253301954678,199.93024715247222,1.0000253301954678,frenet,4,3a219959cb3ae9d7d6d7b6c9ad915e535398700ede8ddee5071420f3e2a85d89,reinforce-large-frenet-seed-4,132.3699645001161,750000
large,reinforce,0.0,1.0,1,0.0,0.09984748518124963,1.0915084110024162,0.09984748518124963,frenet,4,3a219959cb3ae9d7d6d7b6c9ad915e535398700ede8ddee5071420f3e2a85d89,reinforce-large-frenet-seed-4,145.03529900023932,800000
large,reinforce,1.0,0.0,1,1.0,1.000348556665933,189.80176543434365,1.000348556665933,frenet,4,3a219959cb3ae9d7d6d7b6c9ad915e535398700ede8ddee5071420f3e2a85d89,reinforce-large-frenet-seed-4,154.7193275003301,850000
large,reinforce,1.0,0.0,1,1.0,1.000063189341012,194.67126508537137,1.000063189341012,frenet,4,3a219959cb3ae9d7d6d7b6c9ad915e535398700ede8ddee5071420f3e2a85d89,reinforce-large-frenet-seed-4,162.48743600027774,900000
large,reinforce,1.0,0.0,1,1.0,1.0002632767424824,197.07070919270626,1.0002632767424824,frenet,4,3a219959cb3ae9d7d6d7b6c9ad915e535398700ede8ddee5071420f3e2a85d89,reinforce-large-frenet-seed-4,169.94930220022252,950000
medium,reinforce,0.0,1.0,1,0.0,0.1616822429906543,4.432141175834392,0.1616822429906543,frenet,0,a287e059d76cbcb4de17a06c1fddaa3e148aee847fc19a38341e1c6ea77cecc2,reinforce-medium-frenet-seed-0,23.78440339998815,100000
medium,reinforce,1.0,0.0,1,1.0,1.0002358456918303,204.0596850723863,1.0002358456918303,frenet,0,a287e059d76cbcb4de17a06c1fddaa3e148aee847fc19a38341e1c6ea77cecc2,reinforce-medium-frenet-seed-0,151.50298359986664,1000000
medium,reinforce,1.0,0.0,1,1.0,1.0002900120044003,202.84013915185574,1.0002900120044003,frenet,0,a287e059d76cbcb4de17a06c1fddaa3e148aee847fc19a38341e1c6ea77cecc2,reinforce-medium-frenet-seed-0,158.0502031998385,1050000
medium,reinforce,1.0,0.0,1,1.0,1.0001480867023664,201.31795465399034,1.0001480867023664,frenet,0,a287e059d76cbcb4de17a06c1fddaa3e148aee847fc19a38341e1c6ea77cecc2,reinforce-medium-frenet-seed-0,164.6123647999175,1100000
medium,reinforce,1.0,0.0,1,1.0,1.0003263362914336,200.65046844534413,1.0003263362914336,frenet,0,a287e059d76cbcb4de17a06c1fddaa3e148aee847fc19a38341e1c6ea77cecc2,reinforce-medium-frenet-seed-0,171.06359149987475,1150000
medium,reinforce,1.0,0.0,1,1.0,1.000195741352641,200.6374814221944,1.000195741352641,frenet,0,a287e059d76cbcb4de17a06c1fddaa3e148aee847fc19a38341e1c6ea77cecc2,reinforce-medium-frenet-seed-0,177.6139277998518,1200000
medium,reinforce,1.0,0.0,1,1.0,1.000097694316326,200.30181849485356,1.000097694316326,frenet,0,a287e059d76cbcb4de17a06c1fddaa3e148aee847fc19a38341e1c6ea77cecc2,reinforce-medium-frenet-seed-0,184.13817659987217,1250000
medium,reinforce,1.0,0.0,1,1.0,1.0001881172914995,200.6375723335516,1.0001881172914995,frenet,0,a287e059d76cbcb4de17a06c1fddaa3e148aee847fc19a38341e1c6ea77cecc2,reinforce-medium-frenet-seed-0,191.48989459987934,1300000
medium,reinforce,1.0,0.0,1,1.0,1.0000018051329564,200.8006371256894,1.0000018051329564,frenet,0,a287e059d76cbcb4de17a06c1fddaa3e148aee847fc19a38341e1c6ea77cecc2,reinforce-medium-frenet-seed-0,198.99669249972794,1350000
medium,reinforce,1.0,0.0,1,1.0,1.0002588166873791,201.367427041221,1.0002588166873791,frenet,0,a287e059d76cbcb4de17a06c1fddaa3e148aee847fc19a38341e1c6ea77cecc2,reinforce-medium-frenet-seed-0,206.60147129971483,1400000
medium,reinforce,1.0,0.0,1,1.0,1.0003009375653495,202.12315431993258,1.0003009375653495,frenet,0,a287e059d76cbcb4de17a06c1fddaa3e148aee847fc19a38341e1c6ea77cecc2,reinforce-medium-frenet-seed-0,214.04277509970416,1450000
medium,reinforce,0.0,1.0,1,0.0,0.20638265145910334,8.44074766355149,0.20638265145910334,frenet,0,a287e059d76cbcb4de17a06c1fddaa3e148aee847fc19a38341e1c6ea77cecc2,reinforce-medium-frenet-seed-0,34.20571579997886,150000
medium,reinforce,1.0,0.0,1,1.0,1.0001673011521475,203.33461652822766,1.0001673011521475,frenet,0,a287e059d76cbcb4de17a06c1fddaa3e148aee847fc19a38341e1c6ea77cecc2,reinforce-medium-frenet-seed-0,221.1245209996523,1500000
medium,reinforce,1.0,0.0,1,1.0,1.0003136860100494,204.2826989260145,1.0003136860100494,frenet,0,a287e059d76cbcb4de17a06c1fddaa3e148aee847fc19a38341e1c6ea77cecc2,reinforce-medium-frenet-seed-0,229.10577739963082,1550000
medium,reinforce,1.0,0.0,1,1.0,1.000190963275553,205.3148817678977,1.000190963275553,frenet,0,a287e059d76cbcb4de17a06c1fddaa3e148aee847fc19a38341e1c6ea77cecc2,reinforce-medium-frenet-seed-0,236.68844349965366,1600000
medium,reinforce,1.0,0.0,1,1.0,1.000340268989765,205.75880814873048,1.000340268989765,frenet,0,a287e059d76cbcb4de17a06c1fddaa3e148aee847fc19a38341e1c6ea77cecc2,reinforce-medium-frenet-seed-0,244.29466309963755,1650000
medium,reinforce,1.0,0.0,1,1.0,1.0000051105823011,206.19430540445478,1.0000051105823011,frenet,0,a287e059d76cbcb4de17a06c1fddaa3e148aee847fc19a38341e1c6ea77cecc2,reinforce-medium-frenet-seed-0,251.98118719966988,1700000
medium,reinforce,1.0,0.0,1,1.0,1.0000200864057243,205.0821038900381,1.0000200864057243,frenet,0,a287e059d76cbcb4de17a06c1fddaa3e148aee847fc19a38341e1c6ea77cecc2,reinforce-medium-frenet-seed-0,259.40852149963393,1750000
medium,reinforce,1.0,0.0,1,1.0,1.0000774858523118,203.8983069831909,1.0000774858523118,frenet,0,a287e059d76cbcb4de17a06c1fddaa3e148aee847fc19a38341e1c6ea77cecc2,reinforce-medium-frenet-seed-0,266.5965260996654,1800000
medium,reinforce,1.0,0.0,1,1.0,1.0000807298388161,206.74268877271157,1.0000807298388161,frenet,0,a287e059d76cbcb4de17a06c1fddaa3e148aee847fc19a38341e1c6ea77cecc2,reinforce-medium-frenet-seed-0,273.9624099996272,1850000
medium,reinforce,1.0,0.0,1,1.0,1.0001868917654186,208.80371935395863,1.0001868917654186,frenet,0,a287e059d76cbcb4de17a06c1fddaa3e148aee847fc19a38341e1c6ea77cecc2,reinforce-medium-frenet-seed-0,281.09742209965407,1900000
medium,reinforce,1.0,0.0,1,1.0,1.0002864537591563,210.43361703984283,1.0002864537591563,frenet,0,a287e059d76cbcb4de17a06c1fddaa3e148aee847fc19a38341e1c6ea77cecc2,reinforce-medium-frenet-seed-0,287.9351725995057,1950000
medium,reinforce,0.0,1.0,1,0.0,0.5453715359138565,33.11869828938969,0.5453715359138565,frenet,0,a287e059d76cbcb4de17a06c1fddaa3e148aee847fc19a38341e1c6ea77cecc2,reinforce-medium-frenet-seed-0,43.06656169989947,200000
medium,reinforce,1.0,0.0,1,1.0,1.0000279257667946,211.12793272931796,1.0000279257667946,frenet,0,a287e059d76cbcb4de17a06c1fddaa3e148aee847fc19a38341e1c6ea77cecc2,reinforce-medium-frenet-seed-0,294.90768939952795,2000000
medium,reinforce,1.0,0.0,1,1.0,1.0001805640865136,202.941501142208,1.0001805640865136,frenet,0,a287e059d76cbcb4de17a06c1fddaa3e148aee847fc19a38341e1c6ea77cecc2,reinforce-medium-frenet-seed-0,49.78557129996079,250000
medium,reinforce,1.0,0.0,1,1.0,1.0000868832435414,205.45389072726982,1.0000868832435414,frenet,0,a287e059d76cbcb4de17a06c1fddaa3e148aee847fc19a38341e1c6ea77cecc2,reinforce-medium-frenet-seed-0,56.44196139997439,300000
medium,reinforce,1.0,0.0,1,1.0,1.0001311404740731,207.18091959621313,1.0001311404740731,frenet,0,a287e059d76cbcb4de17a06c1fddaa3e148aee847fc19a38341e1c6ea77cecc2,reinforce-medium-frenet-seed-0,63.159683399946516,350000
medium,reinforce,1.0,0.0,1,1.0,1.0002908120697986,206.92209879224805,1.0002908120697986,frenet,0,a287e059d76cbcb4de17a06c1fddaa3e148aee847fc19a38341e1c6ea77cecc2,reinforce-medium-frenet-seed-0,69.92736009988403,400000
medium,reinforce,1.0,0.0,1,1.0,1.0002654293359203,205.87080286375635,1.0002654293359203,frenet,0,a287e059d76cbcb4de17a06c1fddaa3e148aee847fc19a38341e1c6ea77cecc2,reinforce-medium-frenet-seed-0,76.60773499989591,450000
medium,reinforce,0.0,1.0,1,0.0,0.06664663944786062,-4.125200591397053,0.06664663944786062,frenet,0,a287e059d76cbcb4de17a06c1fddaa3e148aee847fc19a38341e1c6ea77cecc2,reinforce-medium-frenet-seed-0,12.752506300023015,50000
medium,reinforce,1.0,0.0,1,1.0,1.0000274591267788,206.38330808834664,1.0000274591267788,frenet,0,a287e059d76cbcb4de17a06c1fddaa3e148aee847fc19a38341e1c6ea77cecc2,reinforce-medium-frenet-seed-0,83.65816039989477,500000
medium,reinforce,1.0,0.0,1,1.0,1.0000373550644148,207.31576426614805,1.0000373550644148,frenet,0,a287e059d76cbcb4de17a06c1fddaa3e148aee847fc19a38341e1c6ea77cecc2,reinforce-medium-frenet-seed-0,90.428695199922,550000
medium,reinforce,1.0,0.0,1,1.0,1.0000165486369597,207.4258424232417,1.0000165486369597,frenet,0,a287e059d76cbcb4de17a06c1fddaa3e148aee847fc19a38341e1c6ea77cecc2,reinforce-medium-frenet-seed-0,97.2678769999402,600000
medium,reinforce,1.0,0.0,1,1.0,1.0001688014916135,206.46256778282583,1.0001688014916135,frenet,0,a287e059d76cbcb4de17a06c1fddaa3e148aee847fc19a38341e1c6ea77cecc2,reinforce-medium-frenet-seed-0,104.2010380999127,650000
medium,reinforce,1.0,0.0,1,1.0,1.0002182867556093,205.64618348108468,1.0002182867556093,frenet,0,a287e059d76cbcb4de17a06c1fddaa3e148aee847fc19a38341e1c6ea77cecc2,reinforce-medium-frenet-seed-0,110.92819649990633,700000
medium,reinforce,1.0,0.0,1,1.0,1.0000692645645524,206.09298311245328,1.0000692645645524,frenet,0,a287e059d76cbcb4de17a06c1fddaa3e148aee847fc19a38341e1c6ea77cecc2,reinforce-medium-frenet-seed-0,117.84780549983225,750000
medium,reinforce,1.0,0.0,1,1.0,1.00026272269236,206.4714903543303,1.00026272269236,frenet,0,a287e059d76cbcb4de17a06c1fddaa3e148aee847fc19a38341e1c6ea77cecc2,reinforce-medium-frenet-seed-0,124.47765079979945,800000
medium,reinforce,1.0,0.0,1,1.0,1.0001586630949004,206.53507516621005,1.0001586630949004,frenet,0,a287e059d76cbcb4de17a06c1fddaa3e148aee847fc19a38341e1c6ea77cecc2,reinforce-medium-frenet-seed-0,131.06381819982926,850000
medium,reinforce,1.0,0.0,1,1.0,1.0001768477219481,206.75081098153396,1.0001768477219481,frenet,0,a287e059d76cbcb4de17a06c1fddaa3e148aee847fc19a38341e1c6ea77cecc2,reinforce-medium-frenet-seed-0,137.85508159985693,900000
medium,reinforce,1.0,0.0,1,1.0,1.0002901267352071,205.39372064849448,1.0002901267352071,frenet,0,a287e059d76cbcb4de17a06c1fddaa3e148aee847fc19a38341e1c6ea77cecc2,reinforce-medium-frenet-seed-0,144.81436369985022,950000
medium,reinforce,0.0,1.0,1,0.0,0.2880994319905941,11.657450987217292,0.2880994319905941,frenet,1,881ef0e675eae851db597edd4b6ad9c76d59a3073d3651fd34eb8dfc963cf69f,reinforce-medium-frenet-seed-1,24.280157200042595,100000
medium,reinforce,1.0,0.0,1,1.0,1.0002341285673737,204.48909549856924,1.0002341285673737,frenet,1,881ef0e675eae851db597edd4b6ad9c76d59a3073d3651fd34eb8dfc963cf69f,reinforce-medium-frenet-seed-1,163.40169889970275,1000000
medium,reinforce,1.0,0.0,1,1.0,1.00000657600393,203.38652543055224,1.00000657600393,frenet,1,881ef0e675eae851db597edd4b6ad9c76d59a3073d3651fd34eb8dfc963cf69f,reinforce-medium-frenet-seed-1,170.59258519956347,1050000
medium,reinforce,1.0,0.0,1,1.0,1.000163812823413,203.368370681201,1.000163812823413,frenet,1,881ef0e675eae851db597edd4b6ad9c76d59a3073d3651fd34eb8dfc963cf69f,reinforce-medium-frenet-seed-1,177.9980091995949,1100000
medium,reinforce,1.0,0.0,1,1.0,1.0002299881817436,204.6006003126377,1.0002299881817436,frenet,1,881ef0e675eae851db597edd4b6ad9c76d59a3073d3651fd34eb8dfc963cf69f,reinforce-medium-frenet-seed-1,185.15057169956708,1150000
medium,reinforce,1.0,0.0,1,1.0,1.0000193584480146,205.51418721907731,1.0000193584480146,frenet,1,881ef0e675eae851db597edd4b6ad9c76d59a3073d3651fd34eb8dfc963cf69f,reinforce-medium-frenet-seed-1,192.42653169959522,1200000
medium,reinforce,1.0,0.0,1,1.0,1.0002325326749844,206.00744623383065,1.0002325326749844,frenet,1,881ef0e675eae851db597edd4b6ad9c76d59a3073d3651fd34eb8dfc963cf69f,reinforce-medium-frenet-seed-1,199.70824369960974,1250000
medium,reinforce,1.0,0.0,1,1.0,1.0003336951602522,207.91883995553616,1.0003336951602522,frenet,1,881ef0e675eae851db597edd4b6ad9c76d59a3073d3651fd34eb8dfc963cf69f,reinforce-medium-frenet-seed-1,207.11003779963357,1300000
medium,reinforce,1.0,0.0,1,1.0,1.0000342105166666,211.56160312543452,1.0000342105166666,frenet,1,881ef0e675eae851db597edd4b6ad9c76d59a3073d3651fd34eb8dfc963cf69f,reinforce-medium-frenet-seed-1,214.4781331996146,1350000
medium,reinforce,1.0,0.0,1,1.0,1.000288487920146,209.82110449021275,1.000288487920146,frenet,1,881ef0e675eae851db597edd4b6ad9c76d59a3073d3651fd34eb8dfc963cf69f,reinforce-medium-frenet-seed-1,221.91678399956618,1400000
medium,reinforce,1.0,0.0,1,1.0,1.0003528960596666,209.32199101129333,1.0003528960596666,frenet,1,881ef0e675eae851db597edd4b6ad9c76d59a3073d3651fd34eb8dfc963cf69f,reinforce-medium-frenet-seed-1,229.2319080996058,1450000
medium,reinforce,0.0,1.0,1,0.0,0.47426729470105305,26.51047389352137,0.47426729470105305,frenet,1,881ef0e675eae851db597edd4b6ad9c76d59a3073d3651fd34eb8dfc963cf69f,reinforce-medium-frenet-seed-1,34.40737890000855,150000
medium,reinforce,1.0,0.0,1,1.0,1.0003431844877422,208.09778709864656,1.0003431844877422,frenet,1,881ef0e675eae851db597edd4b6ad9c76d59a3073d3651fd34eb8dfc963cf69f,reinforce-medium-frenet-seed-1,236.60872799965,1500000
medium,reinforce,1.0,0.0,1,1.0,1.0002432115456439,207.83392305280586,1.0002432115456439,frenet,1,881ef0e675eae851db597edd4b6ad9c76d59a3073d3651fd34eb8dfc963cf69f,reinforce-medium-frenet-seed-1,244.34642499962138,1550000
medium,reinforce,1.0,0.0,1,1.0,1.0002870675671776,205.14061812039714,1.0002870675671776,frenet,1,881ef0e675eae851db597edd4b6ad9c76d59a3073d3651fd34eb8dfc963cf69f,reinforce-medium-frenet-seed-1,251.96692739965874,1600000
medium,reinforce,1.0,0.0,1,1.0,1.000100184446207,202.39114970514188,1.000100184446207,frenet,1,881ef0e675eae851db597edd4b6ad9c76d59a3073d3651fd34eb8dfc963cf69f,reinforce-medium-frenet-seed-1,259.95473819965446,1650000
medium,reinforce,1.0,0.0,1,1.0,1.0002073162374736,201.75084592163722,1.0002073162374736,frenet,1,881ef0e675eae851db597edd4b6ad9c76d59a3073d3651fd34eb8dfc963cf69f,reinforce-medium-frenet-seed-1,267.5133901997033,1700000
medium,reinforce,1.0,0.0,1,1.0,1.0000364378087292,202.06313624696952,1.0000364378087292,frenet,1,881ef0e675eae851db597edd4b6ad9c76d59a3073d3651fd34eb8dfc963cf69f,reinforce-medium-frenet-seed-1,274.70381129976886,1750000
medium,reinforce,1.0,0.0,1,1.0,1.0002521339522403,205.89640023004523,1.0002521339522403,frenet,1,881ef0e675eae851db597edd4b6ad9c76d59a3073d3651fd34eb8dfc963cf69f,reinforce-medium-frenet-seed-1,281.85125179984243,1800000
medium,reinforce,1.0,0.0,1,1.0,1.000066311689221,205.5511806466876,1.000066311689221,frenet,1,881ef0e675eae851db597edd4b6ad9c76d59a3073d3651fd34eb8dfc963cf69f,reinforce-medium-frenet-seed-1,289.3882965997873,1850000
medium,reinforce,1.0,0.0,1,1.0,1.000049683004504,205.90862117509715,1.000049683004504,frenet,1,881ef0e675eae851db597edd4b6ad9c76d59a3073d3651fd34eb8dfc963cf69f,reinforce-medium-frenet-seed-1,296.71563959972445,1900000
medium,reinforce,1.0,0.0,1,1.0,1.0003106593886324,204.8546684782374,1.0003106593886324,frenet,1,881ef0e675eae851db597edd4b6ad9c76d59a3073d3651fd34eb8dfc963cf69f,reinforce-medium-frenet-seed-1,304.14319979973516,1950000
medium,reinforce,0.0,1.0,1,0.0,0.49582672978245823,28.89962163906494,0.49582672978245823,frenet,1,881ef0e675eae851db597edd4b6ad9c76d59a3073d3651fd34eb8dfc963cf69f,reinforce-medium-frenet-seed-1,42.45951749993401,200000
medium,reinforce,1.0,0.0,1,1.0,1.0000386897980011,203.8914244227842,1.0000386897980011,frenet,1,881ef0e675eae851db597edd4b6ad9c76d59a3073d3651fd34eb8dfc963cf69f,reinforce-medium-frenet-seed-1,311.451318099691,2000000
medium,reinforce,0.0,1.0,1,0.0,0.5087954915826468,30.073151154089274,0.5087954915826468,frenet,1,881ef0e675eae851db597edd4b6ad9c76d59a3073d3651fd34eb8dfc963cf69f,reinforce-medium-frenet-seed-1,50.75187309972898,250000
medium,reinforce,0.0,1.0,1,0.0,0.6818195708433713,43.06839731281822,0.6818195708433713,frenet,1,881ef0e675eae851db597edd4b6ad9c76d59a3073d3651fd34eb8dfc963cf69f,reinforce-medium-frenet-seed-1,58.32007929969768,300000
medium,reinforce,0.0,1.0,1,0.0,0.6777540906432884,43.46597775459319,0.6777540906432884,frenet,1,881ef0e675eae851db597edd4b6ad9c76d59a3073d3651fd34eb8dfc963cf69f,reinforce-medium-frenet-seed-1,65.9052347996494,350000
medium,reinforce,0.0,1.0,1,0.0,0.6761244090466453,43.50354155882272,0.6761244090466453,frenet,1,881ef0e675eae851db597edd4b6ad9c76d59a3073d3651fd34eb8dfc963cf69f,reinforce-medium-frenet-seed-1,74.0221832997795,400000
medium,reinforce,0.0,1.0,1,0.0,0.6770383733014853,43.228878761408325,0.6770383733014853,frenet,1,881ef0e675eae851db597edd4b6ad9c76d59a3073d3651fd34eb8dfc963cf69f,reinforce-medium-frenet-seed-1,81.72750049975002,450000
medium,reinforce,0.0,1.0,1,0.0,0.0679426542810515,-3.878924270160964,0.0679426542810515,frenet,1,881ef0e675eae851db597edd4b6ad9c76d59a3073d3651fd34eb8dfc963cf69f,reinforce-medium-frenet-seed-1,12.725958300081402,50000
medium,reinforce,0.0,1.0,1,0.0,0.6792699088431674,43.247969808222635,0.6792699088431674,frenet,1,881ef0e675eae851db597edd4b6ad9c76d59a3073d3651fd34eb8dfc963cf69f,reinforce-medium-frenet-seed-1,89.55466869970041,500000
medium,reinforce,0.0,1.0,1,0.0,0.6899729914869163,43.71529633353985,0.6899729914869163,frenet,1,881ef0e675eae851db597edd4b6ad9c76d59a3073d3651fd34eb8dfc963cf69f,reinforce-medium-frenet-seed-1,97.09089709967157,550000
medium,reinforce,1.0,0.0,1,1.0,1.0003599341792746,209.53887719825707,1.0003599341792746,frenet,1,881ef0e675eae851db597edd4b6ad9c76d59a3073d3651fd34eb8dfc963cf69f,reinforce-medium-frenet-seed-1,104.41826649960785,600000
medium,reinforce,1.0,0.0,1,1.0,1.0002893034694136,207.83976788224703,1.0002893034694136,frenet,1,881ef0e675eae851db597edd4b6ad9c76d59a3073d3651fd34eb8dfc963cf69f,reinforce-medium-frenet-seed-1,111.8343631995067,650000
medium,reinforce,1.0,0.0,1,1.0,1.0000385195136459,207.95771011445788,1.0000385195136459,frenet,1,881ef0e675eae851db597edd4b6ad9c76d59a3073d3651fd34eb8dfc963cf69f,reinforce-medium-frenet-seed-1,119.10544219956137,700000
medium,reinforce,1.0,0.0,1,1.0,1.0001715084576124,205.81527167253714,1.0001715084576124,frenet,1,881ef0e675eae851db597edd4b6ad9c76d59a3073d3651fd34eb8dfc963cf69f,reinforce-medium-frenet-seed-1,126.471716999622,750000
medium,reinforce,1.0,0.0,1,1.0,1.0002822633088515,206.76179970317838,1.0002822633088515,frenet,1,881ef0e675eae851db597edd4b6ad9c76d59a3073d3651fd34eb8dfc963cf69f,reinforce-medium-frenet-seed-1,133.97558719955305,800000
medium,reinforce,1.0,0.0,1,1.0,1.0000917211825913,206.70643730874252,1.0000917211825913,frenet,1,881ef0e675eae851db597edd4b6ad9c76d59a3073d3651fd34eb8dfc963cf69f,reinforce-medium-frenet-seed-1,141.3654934994811,850000
medium,reinforce,1.0,0.0,1,1.0,1.0001081710757882,208.36185802209212,1.0001081710757882,frenet,1,881ef0e675eae851db597edd4b6ad9c76d59a3073d3651fd34eb8dfc963cf69f,reinforce-medium-frenet-seed-1,148.6634840995921,900000
medium,reinforce,1.0,0.0,1,1.0,1.000015832251225,207.8144670597157,1.000015832251225,frenet,1,881ef0e675eae851db597edd4b6ad9c76d59a3073d3651fd34eb8dfc963cf69f,reinforce-medium-frenet-seed-1,155.9922120996598,950000
medium,reinforce,0.0,1.0,1,0.0,0.20186915887850584,6.901381853981253,0.20186915887850584,frenet,2,dbe9d1b42ad079bec283ec48de3187203741846399f665ca9b2ee046d4536247,reinforce-medium-frenet-seed-2,24.374659299961422,100000
medium,reinforce,1.0,0.0,1,1.0,1.0001337301989497,195.9599602386447,1.0001337301989497,frenet,2,dbe9d1b42ad079bec283ec48de3187203741846399f665ca9b2ee046d4536247,reinforce-medium-frenet-seed-2,166.97150780036645,1000000
medium,reinforce,1.0,0.0,1,1.0,1.0002954435069504,198.70648193702448,1.0002954435069504,frenet,2,dbe9d1b42ad079bec283ec48de3187203741846399f665ca9b2ee046d4536247,reinforce-medium-frenet-seed-2,174.567193900446,1050000
medium,reinforce,1.0,0.0,1,1.0,1.0003197681835334,201.25950986709205,1.0003197681835334,frenet,2,dbe9d1b42ad079bec283ec48de3187203741846399f665ca9b2ee046d4536247,reinforce-medium-frenet-seed-2,182.03688590045567,1100000
medium,reinforce,0.0,1.0,1,0.0,0.9732556433818809,62.69421959389997,0.9732556433818809,frenet,2,dbe9d1b42ad079bec283ec48de3187203741846399f665ca9b2ee046d4536247,reinforce-medium-frenet-seed-2,189.8369914004088,1150000
medium,reinforce,1.0,0.0,1,1.0,1.0002518940242788,204.31393826532786,1.0002518940242788,frenet,2,dbe9d1b42ad079bec283ec48de3187203741846399f665ca9b2ee046d4536247,reinforce-medium-frenet-seed-2,197.72086040044087,1200000
medium,reinforce,1.0,0.0,1,1.0,1.0002699006577593,202.27029149544992,1.0002699006577593,frenet,2,dbe9d1b42ad079bec283ec48de3187203741846399f665ca9b2ee046d4536247,reinforce-medium-frenet-seed-2,205.71093760039003,1250000
medium,reinforce,1.0,0.0,1,1.0,1.0000098677056155,198.10695502970484,1.0000098677056155,frenet,2,dbe9d1b42ad079bec283ec48de3187203741846399f665ca9b2ee046d4536247,reinforce-medium-frenet-seed-2,213.25010280040624,1300000
medium,reinforce,1.0,0.0,1,1.0,1.0001044744409444,196.1675357818971,1.0001044744409444,frenet,2,dbe9d1b42ad079bec283ec48de3187203741846399f665ca9b2ee046d4536247,reinforce-medium-frenet-seed-2,220.48982110040015,1350000
medium,reinforce,1.0,0.0,1,1.0,1.0000806518815148,198.17617855081568,1.0000806518815148,frenet,2,dbe9d1b42ad079bec283ec48de3187203741846399f665ca9b2ee046d4536247,reinforce-medium-frenet-seed-2,227.69345200053613,1400000
medium,reinforce,1.0,0.0,1,1.0,1.0002140309400664,197.04648495295942,1.0002140309400664,frenet,2,dbe9d1b42ad079bec283ec48de3187203741846399f665ca9b2ee046d4536247,reinforce-medium-frenet-seed-2,234.99320920052378,1450000
medium,reinforce,0.0,1.0,1,0.0,0.34337003053116316,17.39391683495849,0.34337003053116316,frenet,2,dbe9d1b42ad079bec283ec48de3187203741846399f665ca9b2ee046d4536247,reinforce-medium-frenet-seed-2,34.16097130001617,150000
medium,reinforce,1.0,0.0,1,1.0,1.0002403789679495,196.87163778534233,1.0002403789679495,frenet,2,dbe9d1b42ad079bec283ec48de3187203741846399f665ca9b2ee046d4536247,reinforce-medium-frenet-seed-2,242.1927046004239,1500000
medium,reinforce,1.0,0.0,1,1.0,1.000095873458434,197.45940358038905,1.000095873458434,frenet,2,dbe9d1b42ad079bec283ec48de3187203741846399f665ca9b2ee046d4536247,reinforce-medium-frenet-seed-2,249.53414200039697,1550000
medium,reinforce,1.0,0.0,1,1.0,1.000178044274678,199.05765599767258,1.000178044274678,frenet,2,dbe9d1b42ad079bec283ec48de3187203741846399f665ca9b2ee046d4536247,reinforce-medium-frenet-seed-2,256.8024891003006,1600000
medium,reinforce,1.0,0.0,1,1.0,1.0002618411523934,200.2660669685427,1.0002618411523934,frenet,2,dbe9d1b42ad079bec283ec48de3187203741846399f665ca9b2ee046d4536247,reinforce-medium-frenet-seed-2,263.9573468003455,1650000
medium,reinforce,1.0,0.0,1,1.0,1.0001208628570895,200.8827263213568,1.0001208628570895,frenet,2,dbe9d1b42ad079bec283ec48de3187203741846399f665ca9b2ee046d4536247,reinforce-medium-frenet-seed-2,271.1823773003707,1700000
medium,reinforce,1.0,0.0,1,1.0,1.0001406299571842,203.0144928928358,1.0001406299571842,frenet,2,dbe9d1b42ad079bec283ec48de3187203741846399f665ca9b2ee046d4536247,reinforce-medium-frenet-seed-2,278.6802471001811,1750000
medium,reinforce,1.0,0.0,1,1.0,1.0001660012167397,203.40643324474894,1.0001660012167397,frenet,2,dbe9d1b42ad079bec283ec48de3187203741846399f665ca9b2ee046d4536247,reinforce-medium-frenet-seed-2,286.26965060012844,1800000
medium,reinforce,1.0,0.0,1,1.0,1.0000643164687204,199.5279375406538,1.0000643164687204,frenet,2,dbe9d1b42ad079bec283ec48de3187203741846399f665ca9b2ee046d4536247,reinforce-medium-frenet-seed-2,293.776121400133,1850000
medium,reinforce,1.0,0.0,1,1.0,1.0002189343326184,198.01190475601396,1.0002189343326184,frenet,2,dbe9d1b42ad079bec283ec48de3187203741846399f665ca9b2ee046d4536247,reinforce-medium-frenet-seed-2,301.0167066001177,1900000
medium,reinforce,1.0,0.0,1,1.0,1.0001713646986963,199.72189885893556,1.0001713646986963,frenet,2,dbe9d1b42ad079bec283ec48de3187203741846399f665ca9b2ee046d4536247,reinforce-medium-frenet-seed-2,308.38564950003274,1950000
medium,reinforce,0.0,1.0,1,0.0,0.5436121763718081,32.9679571431296,0.5436121763718081,frenet,2,dbe9d1b42ad079bec283ec48de3187203741846399f665ca9b2ee046d4536247,reinforce-medium-frenet-seed-2,43.196280400103205,200000
medium,reinforce,1.0,0.0,1,1.0,1.0002647756386247,199.00524551346655,1.0002647756386247,frenet,2,dbe9d1b42ad079bec283ec48de3187203741846399f665ca9b2ee046d4536247,reinforce-medium-frenet-seed-2,315.90989350005293,2000000
medium,reinforce,0.0,1.0,1,0.0,0.547288243751837,32.89708397029729,0.547288243751837,frenet,2,dbe9d1b42ad079bec283ec48de3187203741846399f665ca9b2ee046d4536247,reinforce-medium-frenet-seed-2,50.881266800151934,250000
medium,reinforce,0.0,1.0,1,0.0,0.5493055102289042,32.856247130197765,0.5493055102289042,frenet,2,dbe9d1b42ad079bec283ec48de3187203741846399f665ca9b2ee046d4536247,reinforce-medium-frenet-seed-2,59.352701500127296,300000
medium,reinforce,0.0,1.0,1,0.0,0.5517818613002282,32.7866817927435,0.5517818613002282,frenet,2,dbe9d1b42ad079bec283ec48de3187203741846399f665ca9b2ee046d4536247,reinforce-medium-frenet-seed-2,66.87978510014364,350000
medium,reinforce,0.0,1.0,1,0.0,0.6803259869138921,42.205644249758194,0.6803259869138921,frenet,2,dbe9d1b42ad079bec283ec48de3187203741846399f665ca9b2ee046d4536247,reinforce-medium-frenet-seed-2,74.1751820002446,400000
medium,reinforce,1.0,0.0,1,1.0,1.0002253534670797,208.22813233129216,1.0002253534670797,frenet,2,dbe9d1b42ad079bec283ec48de3187203741846399f665ca9b2ee046d4536247,reinforce-medium-frenet-seed-2,82.26776920026714,450000
medium,reinforce,0.0,1.0,1,0.0,0.06751154361140664,-3.95102803738322,0.06751154361140664,frenet,2,dbe9d1b42ad079bec283ec48de3187203741846399f665ca9b2ee046d4536247,reinforce-medium-frenet-seed-2,13.115035799955876,50000
medium,reinforce,0.0,1.0,1,0.0,0.5523684075400372,32.68990928789618,0.5523684075400372,frenet,2,dbe9d1b42ad079bec283ec48de3187203741846399f665ca9b2ee046d4536247,reinforce-medium-frenet-seed-2,89.56986600030905,500000
medium,reinforce,0.0,1.0,1,0.0,0.6709981874901594,41.42529562998239,0.6709981874901594,frenet,2,dbe9d1b42ad079bec283ec48de3187203741846399f665ca9b2ee046d4536247,reinforce-medium-frenet-seed-2,97.00488900039636,550000
medium,reinforce,0.0,1.0,1,0.0,0.6715024568197722,41.243702334609075,0.6715024568197722,frenet,2,dbe9d1b42ad079bec283ec48de3187203741846399f665ca9b2ee046d4536247,reinforce-medium-frenet-seed-2,104.52439060038705,600000
medium,reinforce,0.0,1.0,1,0.0,0.6644859813084077,40.560233712345806,0.6644859813084077,frenet,2,dbe9d1b42ad079bec283ec48de3187203741846399f665ca9b2ee046d4536247,reinforce-medium-frenet-seed-2,112.3246964004029,650000
medium,reinforce,0.0,1.0,1,0.0,0.6705258505142533,40.529345794392604,0.6705258505142533,frenet,2,dbe9d1b42ad079bec283ec48de3187203741846399f665ca9b2ee046d4536247,reinforce-medium-frenet-seed-2,120.56717130045581,700000
medium,reinforce,1.0,0.0,1,1.0,1.000125383974685,199.72963852238814,1.000125383974685,frenet,2,dbe9d1b42ad079bec283ec48de3187203741846399f665ca9b2ee046d4536247,reinforce-medium-frenet-seed-2,128.68484930046725,750000
medium,reinforce,1.0,0.0,1,1.0,1.000261861318905,195.0701692329511,1.000261861318905,frenet,2,dbe9d1b42ad079bec283ec48de3187203741846399f665ca9b2ee046d4536247,reinforce-medium-frenet-seed-2,136.80961230041248,800000
medium,reinforce,1.0,0.0,1,1.0,1.0000400984053404,192.23137650599733,1.0000400984053404,frenet,2,dbe9d1b42ad079bec283ec48de3187203741846399f665ca9b2ee046d4536247,reinforce-medium-frenet-seed-2,144.45870560044932,850000
medium,reinforce,1.0,0.0,1,1.0,1.0002413296741783,197.55735449210212,1.0002413296741783,frenet,2,dbe9d1b42ad079bec283ec48de3187203741846399f665ca9b2ee046d4536247,reinforce-medium-frenet-seed-2,152.245607700459,900000
medium,reinforce,1.0,0.0,1,1.0,1.0000204991701052,196.81746377907365,1.0000204991701052,frenet,2,dbe9d1b42ad079bec283ec48de3187203741846399f665ca9b2ee046d4536247,reinforce-medium-frenet-seed-2,159.6487650004383,950000
medium,reinforce,0.0,1.0,1,0.0,0.19165950310614377,6.591278732298276,0.19165950310614377,frenet,3,e3a663f4f613b2ab35debf81cbc71e19a1ce7027b9ab194c878b770b627ba5fd,reinforce-medium-frenet-seed-3,23.213426099970093,100000
medium,reinforce,1.0,0.0,1,1.0,1.0002771005131328,197.44159992493013,1.0002771005131328,frenet,3,e3a663f4f613b2ab35debf81cbc71e19a1ce7027b9ab194c878b770b627ba5fd,reinforce-medium-frenet-seed-3,161.6693428996914,1000000
medium,reinforce,1.0,0.0,1,1.0,1.0001936234533106,196.3867412076989,1.0001936234533106,frenet,3,e3a663f4f613b2ab35debf81cbc71e19a1ce7027b9ab194c878b770b627ba5fd,reinforce-medium-frenet-seed-3,169.15240589972564,1050000
medium,reinforce,1.0,0.0,1,1.0,1.0003164569844103,194.95935746207027,1.0003164569844103,frenet,3,e3a663f4f613b2ab35debf81cbc71e19a1ce7027b9ab194c878b770b627ba5fd,reinforce-medium-frenet-seed-3,176.42020699971545,1100000
medium,reinforce,1.0,0.0,1,1.0,1.0000308258596335,193.278803389289,1.0000308258596335,frenet,3,e3a663f4f613b2ab35debf81cbc71e19a1ce7027b9ab194c878b770b627ba5fd,reinforce-medium-frenet-seed-3,184.07949719967473,1150000
medium,reinforce,1.0,0.0,1,1.0,1.0002058272832326,193.26423855885446,1.0002058272832326,frenet,3,e3a663f4f613b2ab35debf81cbc71e19a1ce7027b9ab194c878b770b627ba5fd,reinforce-medium-frenet-seed-3,191.0553155996622,1200000
medium,reinforce,1.0,0.0,1,1.0,1.0001150478430623,192.68313250658986,1.0001150478430623,frenet,3,e3a663f4f613b2ab35debf81cbc71e19a1ce7027b9ab194c878b770b627ba5fd,reinforce-medium-frenet-seed-3,197.99022249968402,1250000
medium,reinforce,1.0,0.0,1,1.0,1.0002876025526346,191.89667743018177,1.0002876025526346,frenet,3,e3a663f4f613b2ab35debf81cbc71e19a1ce7027b9ab194c878b770b627ba5fd,reinforce-medium-frenet-seed-3,205.13171779966797,1300000
medium,reinforce,1.0,0.0,1,1.0,1.000028195711695,191.05513852743766,1.000028195711695,frenet,3,e3a663f4f613b2ab35debf81cbc71e19a1ce7027b9ab194c878b770b627ba5fd,reinforce-medium-frenet-seed-3,211.94030699984432,1350000
medium,reinforce,1.0,0.0,1,1.0,1.0000129095452246,189.1695501122284,1.0000129095452246,frenet,3,e3a663f4f613b2ab35debf81cbc71e19a1ce7027b9ab194c878b770b627ba5fd,reinforce-medium-frenet-seed-3,218.92554469979223,1400000
medium,reinforce,1.0,0.0,1,1.0,1.0002978347114724,187.93844294991231,1.0002978347114724,frenet,3,e3a663f4f613b2ab35debf81cbc71e19a1ce7027b9ab194c878b770b627ba5fd,reinforce-medium-frenet-seed-3,225.7659823997783,1450000
medium,reinforce,0.0,1.0,1,0.0,0.33800684014414095,17.13432113644978,0.33800684014414095,frenet,3,e3a663f4f613b2ab35debf81cbc71e19a1ce7027b9ab194c878b770b627ba5fd,reinforce-medium-frenet-seed-3,32.77935759991669,150000
medium,reinforce,1.0,0.0,1,1.0,1.0000411336841901,188.27295750017407,1.0000411336841901,frenet,3,e3a663f4f613b2ab35debf81cbc71e19a1ce7027b9ab194c878b770b627ba5fd,reinforce-medium-frenet-seed-3,232.63383959981002,1500000
medium,reinforce,1.0,0.0,1,1.0,1.0002661873638719,188.05342776894884,1.0002661873638719,frenet,3,e3a663f4f613b2ab35debf81cbc71e19a1ce7027b9ab194c878b770b627ba5fd,reinforce-medium-frenet-seed-3,239.48561569980848,1550000
medium,reinforce,1.0,0.0,1,1.0,1.0000259632709545,189.17131497805423,1.0000259632709545,frenet,3,e3a663f4f613b2ab35debf81cbc71e19a1ce7027b9ab194c878b770b627ba5fd,reinforce-medium-frenet-seed-3,246.49390899978607,1600000
medium,reinforce,1.0,0.0,1,1.0,1.0002577494773948,190.24296749288183,1.0002577494773948,frenet,3,e3a663f4f613b2ab35debf81cbc71e19a1ce7027b9ab194c878b770b627ba5fd,reinforce-medium-frenet-seed-3,253.42749229968103,1650000
medium,reinforce,1.0,0.0,1,1.0,1.0002547619470892,190.27400260311055,1.0002547619470892,frenet,3,e3a663f4f613b2ab35debf81cbc71e19a1ce7027b9ab194c878b770b627ba5fd,reinforce-medium-frenet-seed-3,260.42908809978326,1700000
medium,reinforce,1.0,0.0,1,1.0,1.0003063178454985,190.2163510182246,1.0003063178454985,frenet,3,e3a663f4f613b2ab35debf81cbc71e19a1ce7027b9ab194c878b770b627ba5fd,reinforce-medium-frenet-seed-3,267.2792571997379,1750000
medium,reinforce,1.0,0.0,1,1.0,1.0002607202665765,189.8517942762631,1.0002607202665765,frenet,3,e3a663f4f613b2ab35debf81cbc71e19a1ce7027b9ab194c878b770b627ba5fd,reinforce-medium-frenet-seed-3,274.25577149968376,1800000
medium,reinforce,1.0,0.0,1,1.0,1.0000249580205072,189.711020641913,1.0000249580205072,frenet,3,e3a663f4f613b2ab35debf81cbc71e19a1ce7027b9ab194c878b770b627ba5fd,reinforce-medium-frenet-seed-3,281.2518811996688,1850000
medium,reinforce,1.0,0.0,1,1.0,1.0001991227987108,189.9084017151354,1.0001991227987108,frenet,3,e3a663f4f613b2ab35debf81cbc71e19a1ce7027b9ab194c878b770b627ba5fd,reinforce-medium-frenet-seed-3,288.1785615996487,1900000
medium,reinforce,1.0,0.0,1,1.0,1.0002122413821959,190.98947155895362,1.0002122413821959,frenet,3,e3a663f4f613b2ab35debf81cbc71e19a1ce7027b9ab194c878b770b627ba5fd,reinforce-medium-frenet-seed-3,295.0267783996733,1950000
medium,reinforce,0.0,1.0,1,0.0,0.5407052763096063,32.41112417200376,0.5407052763096063,frenet,3,e3a663f4f613b2ab35debf81cbc71e19a1ce7027b9ab194c878b770b627ba5fd,reinforce-medium-frenet-seed-3,42.996444099901055,200000
medium,reinforce,1.0,0.0,1,1.0,1.0000754557244271,193.03902042808045,1.0000754557244271,frenet,3,e3a663f4f613b2ab35debf81cbc71e19a1ce7027b9ab194c878b770b627ba5fd,reinforce-medium-frenet-seed-3,301.91338659969733,2000000
medium,reinforce,0.0,1.0,1,0.0,0.5525301741721876,33.098761479424006,0.5525301741721876,frenet,3,e3a663f4f613b2ab35debf81cbc71e19a1ce7027b9ab194c878b770b627ba5fd,reinforce-medium-frenet-seed-3,50.9412669999183,250000
medium,reinforce,1.0,0.0,1,1.0,1.000331883585725,204.7860697274159,1.000331883585725,frenet,3,e3a663f4f613b2ab35debf81cbc71e19a1ce7027b9ab194c878b770b627ba5fd,reinforce-medium-frenet-seed-3,58.31688349988872,300000
medium,reinforce,1.0,0.0,1,1.0,1.0000003072520258,203.1357580934337,1.0000003072520258,frenet,3,e3a663f4f613b2ab35debf81cbc71e19a1ce7027b9ab194c878b770b627ba5fd,reinforce-medium-frenet-seed-3,65.60966619980172,350000
medium,reinforce,1.0,0.0,1,1.0,1.0000005425159462,205.54404324081904,1.0000005425159462,frenet,3,e3a663f4f613b2ab35debf81cbc71e19a1ce7027b9ab194c878b770b627ba5fd,reinforce-medium-frenet-seed-3,72.98792689970833,400000
medium,reinforce,1.0,0.0,1,1.0,1.0003556029646086,207.12393614973385,1.0003556029646086,frenet,3,e3a663f4f613b2ab35debf81cbc71e19a1ce7027b9ab194c878b770b627ba5fd,reinforce-medium-frenet-seed-3,80.37249909975071,450000
medium,reinforce,0.0,1.0,1,0.0,0.08035982986683111,-2.664173869977757,0.08035982986683111,frenet,3,e3a663f4f613b2ab35debf81cbc71e19a1ce7027b9ab194c878b770b627ba5fd,reinforce-medium-frenet-seed-3,12.44481540004017,50000
medium,reinforce,1.0,0.0,1,1.0,1.0002144483852364,207.9684144234244,1.0002144483852364,frenet,3,e3a663f4f613b2ab35debf81cbc71e19a1ce7027b9ab194c878b770b627ba5fd,reinforce-medium-frenet-seed-3,87.75333769967256,500000
medium,reinforce,1.0,0.0,1,1.0,1.0002768338607526,203.59111465007757,1.0002768338607526,frenet,3,e3a663f4f613b2ab35debf81cbc71e19a1ce7027b9ab194c878b770b627ba5fd,reinforce-medium-frenet-seed-3,95.43541459956577,550000
medium,reinforce,1.0,0.0,1,1.0,1.0000756271329208,198.46395025916348,1.0000756271329208,frenet,3,e3a663f4f613b2ab35debf81cbc71e19a1ce7027b9ab194c878b770b627ba5fd,reinforce-medium-frenet-seed-3,103.48712749957303,600000
medium,reinforce,1.0,0.0,1,1.0,1.000004793689326,196.5465813007695,1.000004793689326,frenet,3,e3a663f4f613b2ab35debf81cbc71e19a1ce7027b9ab194c878b770b627ba5fd,reinforce-medium-frenet-seed-3,110.84549179962232,650000
medium,reinforce,1.0,0.0,1,1.0,1.0000747829525458,196.81208214549295,1.0000747829525458,frenet,3,e3a663f4f613b2ab35debf81cbc71e19a1ce7027b9ab194c878b770b627ba5fd,reinforce-medium-frenet-seed-3,118.053054599588,700000
medium,reinforce,1.0,0.0,1,1.0,1.0000461766985815,198.10250213743302,1.0000461766985815,frenet,3,e3a663f4f613b2ab35debf81cbc71e19a1ce7027b9ab194c878b770b627ba5fd,reinforce-medium-frenet-seed-3,125.2254632995755,750000
medium,reinforce,1.0,0.0,1,1.0,1.0000376761880714,200.080434157215,1.0000376761880714,frenet,3,e3a663f4f613b2ab35debf81cbc71e19a1ce7027b9ab194c878b770b627ba5fd,reinforce-medium-frenet-seed-3,132.41406919959445,800000
medium,reinforce,1.0,0.0,1,1.0,1.0000896843327551,200.44569623605446,1.0000896843327551,frenet,3,e3a663f4f613b2ab35debf81cbc71e19a1ce7027b9ab194c878b770b627ba5fd,reinforce-medium-frenet-seed-3,139.74953419961093,850000
medium,reinforce,1.0,0.0,1,1.0,1.000169839749513,201.0625418505868,1.000169839749513,frenet,3,e3a663f4f613b2ab35debf81cbc71e19a1ce7027b9ab194c878b770b627ba5fd,reinforce-medium-frenet-seed-3,146.95761729956394,900000
medium,reinforce,1.0,0.0,1,1.0,1.0000864138750922,199.07493624438843,1.0000864138750922,frenet,3,e3a663f4f613b2ab35debf81cbc71e19a1ce7027b9ab194c878b770b627ba5fd,reinforce-medium-frenet-seed-3,154.38302629968348,950000
medium,reinforce,0.0,1.0,1,0.0,0.18196238867630854,5.281201240814436,0.18196238867630854,frenet,4,f95004f947b94c96d0960622ee3d8bfba7ebb12bed791cd45e22168d8cf0a6de,reinforce-medium-frenet-seed-4,23.496524600004705,100000
medium,reinforce,0.0,1.0,1,0.0,0.6851322987537847,45.11324742033019,0.6851322987537847,frenet,4,f95004f947b94c96d0960622ee3d8bfba7ebb12bed791cd45e22168d8cf0a6de,reinforce-medium-frenet-seed-4,156.13389989991447,1000000
medium,reinforce,0.0,1.0,1,0.0,0.6765726079593384,44.77886784182339,0.6765726079593384,frenet,4,f95004f947b94c96d0960622ee3d8bfba7ebb12bed791cd45e22168d8cf0a6de,reinforce-medium-frenet-seed-4,163.48652909991506,1050000
medium,reinforce,0.0,1.0,1,0.0,0.678719676133585,44.872687009094655,0.678719676133585,frenet,4,f95004f947b94c96d0960622ee3d8bfba7ebb12bed791cd45e22168d8cf0a6de,reinforce-medium-frenet-seed-4,172.02685529988048,1100000
medium,reinforce,0.0,1.0,1,0.0,0.6862938775055875,45.18330371577718,0.6862938775055875,frenet,4,f95004f947b94c96d0960622ee3d8bfba7ebb12bed791cd45e22168d8cf0a6de,reinforce-medium-frenet-seed-4,179.1743677998238,1150000
medium,reinforce,1.0,0.0,1,1.0,1.0001573282638898,223.43289363294951,1.0001573282638898,frenet,4,f95004f947b94c96d0960622ee3d8bfba7ebb12bed791cd45e22168d8cf0a6de,reinforce-medium-frenet-seed-4,186.30053269987002,1200000
medium,reinforce,1.0,0.0,1,1.0,1.0002393525092532,222.84383094032614,1.0002393525092532,frenet,4,f95004f947b94c96d0960622ee3d8bfba7ebb12bed791cd45e22168d8cf0a6de,reinforce-medium-frenet-seed-4,193.42480919991795,1250000
medium,reinforce,1.0,0.0,1,1.0,1.0003521893192149,219.86106209585557,1.0003521893192149,frenet,4,f95004f947b94c96d0960622ee3d8bfba7ebb12bed791cd45e22168d8cf0a6de,reinforce-medium-frenet-seed-4,200.55533929993908,1300000
medium,reinforce,1.0,0.0,1,1.0,1.0002672853880832,218.27265526003242,1.0002672853880832,frenet,4,f95004f947b94c96d0960622ee3d8bfba7ebb12bed791cd45e22168d8cf0a6de,reinforce-medium-frenet-seed-4,207.47410389991092,1350000
medium,reinforce,1.0,0.0,1,1.0,1.0003429098060848,217.34258522677834,1.0003429098060848,frenet,4,f95004f947b94c96d0960622ee3d8bfba7ebb12bed791cd45e22168d8cf0a6de,reinforce-medium-frenet-seed-4,215.15170359998592,1400000
medium,reinforce,1.0,0.0,1,1.0,1.0000033123573515,217.34738265667352,1.0000033123573515,frenet,4,f95004f947b94c96d0960622ee3d8bfba7ebb12bed791cd45e22168d8cf0a6de,reinforce-medium-frenet-seed-4,222.7656852001146,1450000
medium,reinforce,0.0,1.0,1,0.0,0.35838049013466655,19.38020783483107,0.35838049013466655,frenet,4,f95004f947b94c96d0960622ee3d8bfba7ebb12bed791cd45e22168d8cf0a6de,reinforce-medium-frenet-seed-4,33.59703930003343,150000
medium,reinforce,1.0,0.0,1,1.0,1.0003520624813005,218.280459366875,1.0003520624813005,frenet,4,f95004f947b94c96d0960622ee3d8bfba7ebb12bed791cd45e22168d8cf0a6de,reinforce-medium-frenet-seed-4,229.8416035000355,1500000
medium,reinforce,1.0,0.0,1,1.0,1.0000004559807445,218.24538260042078,1.0000004559807445,frenet,4,f95004f947b94c96d0960622ee3d8bfba7ebb12bed791cd45e22168d8cf0a6de,reinforce-medium-frenet-seed-4,237.05240580002646,1550000
medium,reinforce,1.0,0.0,1,1.0,1.000009197272016,219.3639492635548,1.000009197272016,frenet,4,f95004f947b94c96d0960622ee3d8bfba7ebb12bed791cd45e22168d8cf0a6de,reinforce-medium-frenet-seed-4,244.05125820008288,1600000
medium,reinforce,1.0,0.0,1,1.0,1.0002743352096894,220.5089936482863,1.0002743352096894,frenet,4,f95004f947b94c96d0960622ee3d8bfba7ebb12bed791cd45e22168d8cf0a6de,reinforce-medium-frenet-seed-4,250.98310400015725,1650000
medium,reinforce,1.0,0.0,1,1.0,1.00026401349416,221.40751408892035,1.00026401349416,frenet,4,f95004f947b94c96d0960622ee3d8bfba7ebb12bed791cd45e22168d8cf0a6de,reinforce-medium-frenet-seed-4,258.0187148001387,1700000
medium,reinforce,1.0,0.0,1,1.0,1.0002012176776176,220.06428514267262,1.0002012176776176,frenet,4,f95004f947b94c96d0960622ee3d8bfba7ebb12bed791cd45e22168d8cf0a6de,reinforce-medium-frenet-seed-4,266.3169597001197,1750000
medium,reinforce,1.0,0.0,1,1.0,1.0001231302285885,218.51473954816151,1.0001231302285885,frenet,4,f95004f947b94c96d0960622ee3d8bfba7ebb12bed791cd45e22168d8cf0a6de,reinforce-medium-frenet-seed-4,273.36630310011424,1800000
medium,reinforce,1.0,0.0,1,1.0,1.000161019021726,218.51900588838703,1.000161019021726,frenet,4,f95004f947b94c96d0960622ee3d8bfba7ebb12bed791cd45e22168d8cf0a6de,reinforce-medium-frenet-seed-4,280.3732668001303,1850000
medium,reinforce,1.0,0.0,1,1.0,1.000113622197101,218.8003059500925,1.000113622197101,frenet,4,f95004f947b94c96d0960622ee3d8bfba7ebb12bed791cd45e22168d8cf0a6de,reinforce-medium-frenet-seed-4,287.34106800007794,1900000
medium,reinforce,1.0,0.0,1,1.0,1.0002777416674482,219.25070876466748,1.0002777416674482,frenet,4,f95004f947b94c96d0960622ee3d8bfba7ebb12bed791cd45e22168d8cf0a6de,reinforce-medium-frenet-seed-4,294.5404579000933,1950000
medium,reinforce,0.0,1.0,1,0.0,0.5426261843770066,33.280500275374365,0.5426261843770066,frenet,4,f95004f947b94c96d0960622ee3d8bfba7ebb12bed791cd45e22168d8cf0a6de,reinforce-medium-frenet-seed-4,41.800652600062676,200000
medium,reinforce,1.0,0.0,1,1.0,1.0000135364697702,219.5099031278888,1.0000135364697702,frenet,4,f95004f947b94c96d0960622ee3d8bfba7ebb12bed791cd45e22168d8cf0a6de,reinforce-medium-frenet-seed-4,301.65747570010535,2000000
medium,reinforce,0.0,1.0,1,0.0,0.5469441818248815,33.57773133395972,0.5469441818248815,frenet,4,f95004f947b94c96d0960622ee3d8bfba7ebb12bed791cd45e22168d8cf0a6de,reinforce-medium-frenet-seed-4,49.12877640001534,250000
medium,reinforce,1.0,0.0,1,1.0,1.0002349302708098,210.35865939339897,1.0002349302708098,frenet,4,f95004f947b94c96d0960622ee3d8bfba7ebb12bed791cd45e22168d8cf0a6de,reinforce-medium-frenet-seed-4,56.525117900016994,300000
medium,reinforce,1.0,0.0,1,1.0,1.0001482324229733,209.9541094922303,1.0001482324229733,frenet,4,f95004f947b94c96d0960622ee3d8bfba7ebb12bed791cd45e22168d8cf0a6de,reinforce-medium-frenet-seed-4,63.55484449998767,350000
medium,reinforce,1.0,0.0,1,1.0,1.000034513571158,209.79696103639512,1.000034513571158,frenet,4,f95004f947b94c96d0960622ee3d8bfba7ebb12bed791cd45e22168d8cf0a6de,reinforce-medium-frenet-seed-4,70.65236299999378,400000
medium,reinforce,1.0,0.0,1,1.0,1.0002404043972817,207.5135755308643,1.0002404043972817,frenet,4,f95004f947b94c96d0960622ee3d8bfba7ebb12bed791cd45e22168d8cf0a6de,reinforce-medium-frenet-seed-4,77.92764920003356,450000
medium,reinforce,0.0,1.0,1,0.0,0.16099876136584032,2.7547663551404016,0.16099876136584032,frenet,4,f95004f947b94c96d0960622ee3d8bfba7ebb12bed791cd45e22168d8cf0a6de,reinforce-medium-frenet-seed-4,12.624856700069358,50000
medium,reinforce,1.0,0.0,1,1.0,1.0003219044056106,207.48623308750786,1.0003219044056106,frenet,4,f95004f947b94c96d0960622ee3d8bfba7ebb12bed791cd45e22168d8cf0a6de,reinforce-medium-frenet-seed-4,85.03675670011035,500000
medium,reinforce,1.0,0.0,1,1.0,1.000314966588509,207.01642005140195,1.000314966588509,frenet,4,f95004f947b94c96d0960622ee3d8bfba7ebb12bed791cd45e22168d8cf0a6de,reinforce-medium-frenet-seed-4,92.100355800123,550000
medium,reinforce,1.0,0.0,1,1.0,1.0001923692931882,202.97668828644007,1.0001923692931882,frenet,4,f95004f947b94c96d0960622ee3d8bfba7ebb12bed791cd45e22168d8cf0a6de,reinforce-medium-frenet-seed-4,99.31119350008157,600000
medium,reinforce,1.0,0.0,1,1.0,1.0002936020093176,200.43401938285044,1.0002936020093176,frenet,4,f95004f947b94c96d0960622ee3d8bfba7ebb12bed791cd45e22168d8cf0a6de,reinforce-medium-frenet-seed-4,106.43146980007987,650000
medium,reinforce,1.0,0.0,1,1.0,1.000164460764985,198.18304972277173,1.000164460764985,frenet,4,f95004f947b94c96d0960622ee3d8bfba7ebb12bed791cd45e22168d8cf0a6de,reinforce-medium-frenet-seed-4,113.39288380007565,700000
medium,reinforce,1.0,0.0,1,1.0,1.0002945092693545,200.71578108403145,1.0002945092693545,frenet,4,f95004f947b94c96d0960622ee3d8bfba7ebb12bed791cd45e22168d8cf0a6de,reinforce-medium-frenet-seed-4,120.48254139995515,750000
medium,reinforce,1.0,0.0,1,1.0,1.0002567863252891,206.58199488658602,1.0002567863252891,frenet,4,f95004f947b94c96d0960622ee3d8bfba7ebb12bed791cd45e22168d8cf0a6de,reinforce-medium-frenet-seed-4,127.67880989993682,800000
medium,reinforce,1.0,0.0,1,1.0,1.0000901057535894,209.69393680733816,1.0000901057535894,frenet,4,f95004f947b94c96d0960622ee3d8bfba7ebb12bed791cd45e22168d8cf0a6de,reinforce-medium-frenet-seed-4,134.7643851999328,850000
medium,reinforce,1.0,0.0,1,1.0,1.0002146706831962,215.06823158465028,1.0002146706831962,frenet,4,f95004f947b94c96d0960622ee3d8bfba7ebb12bed791cd45e22168d8cf0a6de,reinforce-medium-frenet-seed-4,141.772983299903,900000
medium,reinforce,1.0,0.0,1,1.0,1.0003029436948307,222.5916849627314,1.0003029436948307,frenet,4,f95004f947b94c96d0960622ee3d8bfba7ebb12bed791cd45e22168d8cf0a6de,reinforce-medium-frenet-seed-4,148.96633449990077,950000
small,reinforce,0.0,1.0,1,0.0,0.06970217238854487,-3.0374906930818133,0.06970217238854487,frenet,0,4abed69fc061686c68297bde0bcd34ccc6b941da4cbd29aacb4f81c9a5b07c21,reinforce-small-frenet-seed-0,24.547412500010978,100000
small,reinforce,1.0,0.0,1,1.0,1.0000070769100988,205.5082956559994,1.0000070769100988,frenet,0,4abed69fc061686c68297bde0bcd34ccc6b941da4cbd29aacb4f81c9a5b07c21,reinforce-small-frenet-seed-0,167.33079679993352,1000000
small,reinforce,1.0,0.0,1,1.0,1.0002903006404518,202.44428494368103,1.0002903006404518,frenet,0,4abed69fc061686c68297bde0bcd34ccc6b941da4cbd29aacb4f81c9a5b07c21,reinforce-small-frenet-seed-0,175.03538559999834,1050000
small,reinforce,1.0,0.0,1,1.0,1.00002698362806,201.7330667909954,1.00002698362806,frenet,0,4abed69fc061686c68297bde0bcd34ccc6b941da4cbd29aacb4f81c9a5b07c21,reinforce-small-frenet-seed-0,182.28946290002568,1100000
small,reinforce,1.0,0.0,1,1.0,1.0002311137862538,201.68298470033687,1.0002311137862538,frenet,0,4abed69fc061686c68297bde0bcd34ccc6b941da4cbd29aacb4f81c9a5b07c21,reinforce-small-frenet-seed-0,189.72877190005056,1150000
small,reinforce,1.0,0.0,1,1.0,1.0002718303789102,201.97188931298447,1.0002718303789102,frenet,0,4abed69fc061686c68297bde0bcd34ccc6b941da4cbd29aacb4f81c9a5b07c21,reinforce-small-frenet-seed-0,197.077547700188,1200000
small,reinforce,1.0,0.0,1,1.0,1.000104413734834,202.09983014632328,1.000104413734834,frenet,0,4abed69fc061686c68297bde0bcd34ccc6b941da4cbd29aacb4f81c9a5b07c21,reinforce-small-frenet-seed-0,204.18495310028266,1250000
small,reinforce,1.0,0.0,1,1.0,1.0001113664728372,202.81987710637947,1.0001113664728372,frenet,0,4abed69fc061686c68297bde0bcd34ccc6b941da4cbd29aacb4f81c9a5b07c21,reinforce-small-frenet-seed-0,211.4969707002183,1300000
small,reinforce,1.0,0.0,1,1.0,1.0003422097165067,203.2026095805332,1.0003422097165067,frenet,0,4abed69fc061686c68297bde0bcd34ccc6b941da4cbd29aacb4f81c9a5b07c21,reinforce-small-frenet-seed-0,218.75614090016643,1350000
small,reinforce,1.0,0.0,1,1.0,1.0003317976545572,202.98614688873,1.0003317976545572,frenet,0,4abed69fc061686c68297bde0bcd34ccc6b941da4cbd29aacb4f81c9a5b07c21,reinforce-small-frenet-seed-0,226.0436835002165,1400000
small,reinforce,1.0,0.0,1,1.0,1.0000293274863536,201.87800238941549,1.0000293274863536,frenet,0,4abed69fc061686c68297bde0bcd34ccc6b941da4cbd29aacb4f81c9a5b07c21,reinforce-small-frenet-seed-0,233.29483930020797,1450000
small,reinforce,0.0,1.0,1,0.0,0.20444899002710662,7.187270711911406,0.20444899002710662,frenet,0,4abed69fc061686c68297bde0bcd34ccc6b941da4cbd29aacb4f81c9a5b07c21,reinforce-small-frenet-seed-0,34.84853399999156,150000
small,reinforce,1.0,0.0,1,1.0,1.000048272037845,200.51037845762113,1.000048272037845,frenet,0,4abed69fc061686c68297bde0bcd34ccc6b941da4cbd29aacb4f81c9a5b07c21,reinforce-small-frenet-seed-0,240.35127640024257,1500000
small,reinforce,1.0,0.0,1,1.0,1.0000198000573919,199.78761747948715,1.0000198000573919,frenet,0,4abed69fc061686c68297bde0bcd34ccc6b941da4cbd29aacb4f81c9a5b07c21,reinforce-small-frenet-seed-0,247.88700780029285,1550000
small,reinforce,1.0,0.0,1,1.0,1.0000830855983556,199.51149760324773,1.0000830855983556,frenet,0,4abed69fc061686c68297bde0bcd34ccc6b941da4cbd29aacb4f81c9a5b07c21,reinforce-small-frenet-seed-0,255.85739960027968,1600000
small,reinforce,1.0,0.0,1,1.0,1.0003384356799472,198.55993174444234,1.0003384356799472,frenet,0,4abed69fc061686c68297bde0bcd34ccc6b941da4cbd29aacb4f81c9a5b07c21,reinforce-small-frenet-seed-0,263.2782405004291,1650000
small,reinforce,1.0,0.0,1,1.0,1.0001023964936795,198.82918478994327,1.0001023964936795,frenet,0,4abed69fc061686c68297bde0bcd34ccc6b941da4cbd29aacb4f81c9a5b07c21,reinforce-small-frenet-seed-0,270.4949252003644,1700000
small,reinforce,1.0,0.0,1,1.0,1.0000220039600252,198.31496700158226,1.0000220039600252,frenet,0,4abed69fc061686c68297bde0bcd34ccc6b941da4cbd29aacb4f81c9a5b07c21,reinforce-small-frenet-seed-0,277.7962984003734,1750000
small,reinforce,1.0,0.0,1,1.0,1.0000165444320148,198.6407920130343,1.0000165444320148,frenet,0,4abed69fc061686c68297bde0bcd34ccc6b941da4cbd29aacb4f81c9a5b07c21,reinforce-small-frenet-seed-0,284.9837911003542,1800000
small,reinforce,1.0,0.0,1,1.0,1.0002667662226037,198.84543366303978,1.0002667662226037,frenet,0,4abed69fc061686c68297bde0bcd34ccc6b941da4cbd29aacb4f81c9a5b07c21,reinforce-small-frenet-seed-0,292.2384293001851,1850000
small,reinforce,1.0,0.0,1,1.0,1.0002693033435115,199.23828989828314,1.0002693033435115,frenet,0,4abed69fc061686c68297bde0bcd34ccc6b941da4cbd29aacb4f81c9a5b07c21,reinforce-small-frenet-seed-0,299.41683250018104,1900000
small,reinforce,1.0,0.0,1,1.0,1.0000288271348166,198.8198288668092,1.0000288271348166,frenet,0,4abed69fc061686c68297bde0bcd34ccc6b941da4cbd29aacb4f81c9a5b07c21,reinforce-small-frenet-seed-0,306.48737560021436,1950000
small,reinforce,0.0,1.0,1,0.0,0.5323267332682691,31.85757009345795,0.5323267332682691,frenet,0,4abed69fc061686c68297bde0bcd34ccc6b941da4cbd29aacb4f81c9a5b07c21,reinforce-small-frenet-seed-0,45.105941399902804,200000
small,reinforce,1.0,0.0,1,1.0,1.0000201266970676,198.63904336675944,1.0000201266970676,frenet,0,4abed69fc061686c68297bde0bcd34ccc6b941da4cbd29aacb4f81c9a5b07c21,reinforce-small-frenet-seed-0,313.8059908001542,2000000
small,reinforce,0.0,1.0,1,0.0,0.5403681935330598,31.762473151767963,0.5403681935330598,frenet,0,4abed69fc061686c68297bde0bcd34ccc6b941da4cbd29aacb4f81c9a5b07c21,reinforce-small-frenet-seed-0,53.207720799848175,250000
small,reinforce,0.0,1.0,1,0.0,0.5474564209549527,32.0310400113959,0.5474564209549527,frenet,0,4abed69fc061686c68297bde0bcd34ccc6b941da4cbd29aacb4f81c9a5b07c21,reinforce-small-frenet-seed-0,60.576760000012655,300000
small,reinforce,0.0,1.0,1,0.0,0.6719389298936896,41.15769958717253,0.6719389298936896,frenet,0,4abed69fc061686c68297bde0bcd34ccc6b941da4cbd29aacb4f81c9a5b07c21,reinforce-small-frenet-seed-0,67.93413369988593,350000
small,reinforce,0.0,1.0,1,0.0,0.6727100536845704,41.43486098698889,0.6727100536845704,frenet,0,4abed69fc061686c68297bde0bcd34ccc6b941da4cbd29aacb4f81c9a5b07c21,reinforce-small-frenet-seed-0,75.29496679976364,400000
small,reinforce,0.0,1.0,1,0.0,0.6754528466517535,41.59956456877354,0.6754528466517535,frenet,0,4abed69fc061686c68297bde0bcd34ccc6b941da4cbd29aacb4f81c9a5b07c21,reinforce-small-frenet-seed-0,82.98703189971457,450000
small,reinforce,0.0,1.0,1,0.0,0.0766355140186902,-3.6830579944823754,0.0766355140186902,frenet,0,4abed69fc061686c68297bde0bcd34ccc6b941da4cbd29aacb4f81c9a5b07c21,reinforce-small-frenet-seed-0,12.878438699912294,50000
small,reinforce,0.0,1.0,1,0.0,0.9625339607809329,62.45667028055138,0.9625339607809329,frenet,0,4abed69fc061686c68297bde0bcd34ccc6b941da4cbd29aacb4f81c9a5b07c21,reinforce-small-frenet-seed-0,90.89669099968705,500000
small,reinforce,1.0,0.0,1,1.0,1.0002983662134075,203.9543202263906,1.0002983662134075,frenet,0,4abed69fc061686c68297bde0bcd34ccc6b941da4cbd29aacb4f81c9a5b07c21,reinforce-small-frenet-seed-0,98.53868969968426,550000
small,reinforce,1.0,0.0,1,1.0,1.0001871129819422,202.93861684278568,1.0001871129819422,frenet,0,4abed69fc061686c68297bde0bcd34ccc6b941da4cbd29aacb4f81c9a5b07c21,reinforce-small-frenet-seed-0,106.12415249963124,600000
small,reinforce,1.0,0.0,1,1.0,1.000022009757475,204.43123089888223,1.000022009757475,frenet,0,4abed69fc061686c68297bde0bcd34ccc6b941da4cbd29aacb4f81c9a5b07c21,reinforce-small-frenet-seed-0,113.67142109969609,650000
small,reinforce,1.0,0.0,1,1.0,1.000266680072676,205.57081707867258,1.000266680072676,frenet,0,4abed69fc061686c68297bde0bcd34ccc6b941da4cbd29aacb4f81c9a5b07c21,reinforce-small-frenet-seed-0,120.89710939973156,700000
small,reinforce,1.0,0.0,1,1.0,1.000178800883196,205.56235749093983,1.000178800883196,frenet,0,4abed69fc061686c68297bde0bcd34ccc6b941da4cbd29aacb4f81c9a5b07c21,reinforce-small-frenet-seed-0,128.2483866998209,750000
small,reinforce,1.0,0.0,1,1.0,1.0002592805162167,205.67966695499092,1.0002592805162167,frenet,0,4abed69fc061686c68297bde0bcd34ccc6b941da4cbd29aacb4f81c9a5b07c21,reinforce-small-frenet-seed-0,135.57314379986929,800000
small,reinforce,1.0,0.0,1,1.0,1.0001642786810694,206.71256034317167,1.0001642786810694,frenet,0,4abed69fc061686c68297bde0bcd34ccc6b941da4cbd29aacb4f81c9a5b07c21,reinforce-small-frenet-seed-0,143.33228089989643,850000
small,reinforce,1.0,0.0,1,1.0,1.0000527768135097,208.42833344800326,1.0000527768135097,frenet,0,4abed69fc061686c68297bde0bcd34ccc6b941da4cbd29aacb4f81c9a5b07c21,reinforce-small-frenet-seed-0,151.17544809996616,900000
small,reinforce,1.0,0.0,1,1.0,1.0002870067232157,208.87880655524094,1.0002870067232157,frenet,0,4abed69fc061686c68297bde0bcd34ccc6b941da4cbd29aacb4f81c9a5b07c21,reinforce-small-frenet-seed-0,159.35311530003855,950000
small,reinforce,0.0,1.0,1,0.0,0.08383187778967831,-1.600872861771439,0.08383187778967831,frenet,1,38369d2a7cd2a8a80335908d6b584637acffc0b6b7669f3add6440a9a7284cb1,reinforce-small-frenet-seed-1,25.1894057999325,100000
small,reinforce,1.0,0.0,1,1.0,1.0000333147978957,210.8434900247433,1.0000333147978957,frenet,1,38369d2a7cd2a8a80335908d6b584637acffc0b6b7669f3add6440a9a7284cb1,reinforce-small-frenet-seed-1,166.68726049987708,1000000
small,reinforce,1.0,0.0,1,1.0,1.0001907396589997,209.99579081563962,1.0001907396589997,frenet,1,38369d2a7cd2a8a80335908d6b584637acffc0b6b7669f3add6440a9a7284cb1,reinforce-small-frenet-seed-1,174.3609242998882,1050000
small,reinforce,1.0,0.0,1,1.0,1.0003092017339859,209.43416435194194,1.0003092017339859,frenet,1,38369d2a7cd2a8a80335908d6b584637acffc0b6b7669f3add6440a9a7284cb1,reinforce-small-frenet-seed-1,181.6818445999179,1100000
small,reinforce,1.0,0.0,1,1.0,1.0002779688007752,208.6337481227272,1.0002779688007752,frenet,1,38369d2a7cd2a8a80335908d6b584637acffc0b6b7669f3add6440a9a7284cb1,reinforce-small-frenet-seed-1,189.20860110001558,1150000
small,reinforce,1.0,0.0,1,1.0,1.0000827862845743,208.04015326525575,1.0000827862845743,frenet,1,38369d2a7cd2a8a80335908d6b584637acffc0b6b7669f3add6440a9a7284cb1,reinforce-small-frenet-seed-1,196.52238410003156,1200000
small,reinforce,1.0,0.0,1,1.0,1.0003089355419241,208.38823484677,1.0003089355419241,frenet,1,38369d2a7cd2a8a80335908d6b584637acffc0b6b7669f3add6440a9a7284cb1,reinforce-small-frenet-seed-1,203.5318580000494,1250000
small,reinforce,1.0,0.0,1,1.0,1.0003453041174069,210.37060425653368,1.0003453041174069,frenet,1,38369d2a7cd2a8a80335908d6b584637acffc0b6b7669f3add6440a9a7284cb1,reinforce-small-frenet-seed-1,211.2401924001133,1300000
small,reinforce,1.0,0.0,1,1.0,1.0000995625103537,210.77536102791782,1.0000995625103537,frenet,1,38369d2a7cd2a8a80335908d6b584637acffc0b6b7669f3add6440a9a7284cb1,reinforce-small-frenet-seed-1,219.0702171001849,1350000
small,reinforce,1.0,0.0,1,1.0,1.0003275049374551,211.08900409111237,1.0003275049374551,frenet,1,38369d2a7cd2a8a80335908d6b584637acffc0b6b7669f3add6440a9a7284cb1,reinforce-small-frenet-seed-1,226.34352530011893,1400000
small,reinforce,1.0,0.0,1,1.0,1.0001418615406885,213.26403318764858,1.0001418615406885,frenet,1,38369d2a7cd2a8a80335908d6b584637acffc0b6b7669f3add6440a9a7284cb1,reinforce-small-frenet-seed-1,233.6597944001005,1450000
small,reinforce,0.0,1.0,1,0.0,0.09470539121921405,0.041789183331728985,0.09470539121921405,frenet,1,38369d2a7cd2a8a80335908d6b584637acffc0b6b7669f3add6440a9a7284cb1,reinforce-small-frenet-seed-1,35.9314235998645,150000
small,reinforce,1.0,0.0,1,1.0,1.000176803486326,215.46215948714257,1.000176803486326,frenet,1,38369d2a7cd2a8a80335908d6b584637acffc0b6b7669f3add6440a9a7284cb1,reinforce-small-frenet-seed-1,240.86921920012173,1500000
small,reinforce,1.0,0.0,1,1.0,1.000191521157878,215.71803411308744,1.000191521157878,frenet,1,38369d2a7cd2a8a80335908d6b584637acffc0b6b7669f3add6440a9a7284cb1,reinforce-small-frenet-seed-1,248.23888680015625,1550000
small,reinforce,1.0,0.0,1,1.0,1.00017349258991,214.70711795396156,1.00017349258991,frenet,1,38369d2a7cd2a8a80335908d6b584637acffc0b6b7669f3add6440a9a7284cb1,reinforce-small-frenet-seed-1,255.7577013001919,1600000
small,reinforce,1.0,0.0,1,1.0,1.000217737700001,215.28655941125373,1.000217737700001,frenet,1,38369d2a7cd2a8a80335908d6b584637acffc0b6b7669f3add6440a9a7284cb1,reinforce-small-frenet-seed-1,263.2709385001708,1650000
small,reinforce,1.0,0.0,1,1.0,1.0002103348929392,215.89934523941758,1.0002103348929392,frenet,1,38369d2a7cd2a8a80335908d6b584637acffc0b6b7669f3add6440a9a7284cb1,reinforce-small-frenet-seed-1,270.6363679002043,1700000
small,reinforce,1.0,0.0,1,1.0,1.0002550581760932,215.72301643921298,1.0002550581760932,frenet,1,38369d2a7cd2a8a80335908d6b584637acffc0b6b7669f3add6440a9a7284cb1,reinforce-small-frenet-seed-1,277.98810790011885,1750000
small,reinforce,1.0,0.0,1,1.0,1.000185463726923,216.18316005889275,1.000185463726923,frenet,1,38369d2a7cd2a8a80335908d6b584637acffc0b6b7669f3add6440a9a7284cb1,reinforce-small-frenet-seed-1,285.34325280014673,1800000
small,reinforce,1.0,0.0,1,1.0,1.0002906883900515,217.778768413306,1.0002906883900515,frenet,1,38369d2a7cd2a8a80335908d6b584637acffc0b6b7669f3add6440a9a7284cb1,reinforce-small-frenet-seed-1,292.8288361000541,1850000
small,reinforce,1.0,0.0,1,1.0,1.0000366517498727,218.43834371836311,1.0000366517498727,frenet,1,38369d2a7cd2a8a80335908d6b584637acffc0b6b7669f3add6440a9a7284cb1,reinforce-small-frenet-seed-1,300.12411140005497,1900000
small,reinforce,1.0,0.0,1,1.0,1.0000206962762048,219.01042213552176,1.0000206962762048,frenet,1,38369d2a7cd2a8a80335908d6b584637acffc0b6b7669f3add6440a9a7284cb1,reinforce-small-frenet-seed-1,307.5374193999778,1950000
small,reinforce,0.0,1.0,1,0.0,0.2159609305902095,9.524266956285175,0.2159609305902095,frenet,1,38369d2a7cd2a8a80335908d6b584637acffc0b6b7669f3add6440a9a7284cb1,reinforce-small-frenet-seed-1,45.683585399945514,200000
small,reinforce,1.0,0.0,1,1.0,1.0002186856261133,218.2376964743218,1.0002186856261133,frenet,1,38369d2a7cd2a8a80335908d6b584637acffc0b6b7669f3add6440a9a7284cb1,reinforce-small-frenet-seed-1,314.8584848999544,2000000
small,reinforce,0.0,1.0,1,0.0,0.5514159618000134,34.47009107970052,0.5514159618000134,frenet,1,38369d2a7cd2a8a80335908d6b584637acffc0b6b7669f3add6440a9a7284cb1,reinforce-small-frenet-seed-1,55.33503479988394,250000
small,reinforce,1.0,0.0,1,1.0,1.000028677680005,208.78960482128727,1.000028677680005,frenet,1,38369d2a7cd2a8a80335908d6b584637acffc0b6b7669f3add6440a9a7284cb1,reinforce-small-frenet-seed-1,63.32749569973748,300000
small,reinforce,1.0,0.0,1,1.0,1.0002208902893819,204.9317824316381,1.0002208902893819,frenet,1,38369d2a7cd2a8a80335908d6b584637acffc0b6b7669f3add6440a9a7284cb1,reinforce-small-frenet-seed-1,70.70320109973909,350000
small,reinforce,1.0,0.0,1,1.0,1.0000336227529307,206.88946717966274,1.0000336227529307,frenet,1,38369d2a7cd2a8a80335908d6b584637acffc0b6b7669f3add6440a9a7284cb1,reinforce-small-frenet-seed-1,78.2140447996644,400000
small,reinforce,1.0,0.0,1,1.0,1.0003156964834663,209.1772808440461,1.0003156964834663,frenet,1,38369d2a7cd2a8a80335908d6b584637acffc0b6b7669f3add6440a9a7284cb1,reinforce-small-frenet-seed-1,85.62008299954505,450000
small,reinforce,0.0,1.0,1,0.0,0.07053466942160387,-3.7506542056073706,0.07053466942160387,frenet,1,38369d2a7cd2a8a80335908d6b584637acffc0b6b7669f3add6440a9a7284cb1,reinforce-small-frenet-seed-1,13.457451400063292,50000
small,reinforce,1.0,0.0,1,1.0,1.000309701442509,208.89388713756134,1.000309701442509,frenet,1,38369d2a7cd2a8a80335908d6b584637acffc0b6b7669f3add6440a9a7284cb1,reinforce-small-frenet-seed-1,93.02115599961326,500000
small,reinforce,1.0,0.0,1,1.0,1.0000637911820638,208.43215735714764,1.0000637911820638,frenet,1,38369d2a7cd2a8a80335908d6b584637acffc0b6b7669f3add6440a9a7284cb1,reinforce-small-frenet-seed-1,100.26530489962897,550000
small,reinforce,1.0,0.0,1,1.0,1.0002037672315212,207.11864752838693,1.0002037672315212,frenet,1,38369d2a7cd2a8a80335908d6b584637acffc0b6b7669f3add6440a9a7284cb1,reinforce-small-frenet-seed-1,107.51920069959851,600000
small,reinforce,1.0,0.0,1,1.0,1.0000168759820487,207.09964615406892,1.0000168759820487,frenet,1,38369d2a7cd2a8a80335908d6b584637acffc0b6b7669f3add6440a9a7284cb1,reinforce-small-frenet-seed-1,114.8257512996006,650000
small,reinforce,1.0,0.0,1,1.0,1.0002565179722094,206.07795469189188,1.0002565179722094,frenet,1,38369d2a7cd2a8a80335908d6b584637acffc0b6b7669f3add6440a9a7284cb1,reinforce-small-frenet-seed-1,122.26996899972619,700000
small,reinforce,1.0,0.0,1,1.0,1.0000329860033659,205.5495844244814,1.0000329860033659,frenet,1,38369d2a7cd2a8a80335908d6b584637acffc0b6b7669f3add6440a9a7284cb1,reinforce-small-frenet-seed-1,129.83838919979644,750000
small,reinforce,1.0,0.0,1,1.0,1.0001246127845216,206.21082169675316,1.0001246127845216,frenet,1,38369d2a7cd2a8a80335908d6b584637acffc0b6b7669f3add6440a9a7284cb1,reinforce-small-frenet-seed-1,137.1266018997867,800000
small,reinforce,1.0,0.0,1,1.0,1.0000055270301258,207.67192323841175,1.0000055270301258,frenet,1,38369d2a7cd2a8a80335908d6b584637acffc0b6b7669f3add6440a9a7284cb1,reinforce-small-frenet-seed-1,144.51865789978547,850000
small,reinforce,1.0,0.0,1,1.0,1.000186650723642,208.91460603587518,1.000186650723642,frenet,1,38369d2a7cd2a8a80335908d6b584637acffc0b6b7669f3add6440a9a7284cb1,reinforce-small-frenet-seed-1,151.8088874998757,900000
small,reinforce,1.0,0.0,1,1.0,1.000251362855453,210.68505637106927,1.000251362855453,frenet,1,38369d2a7cd2a8a80335908d6b584637acffc0b6b7669f3add6440a9a7284cb1,reinforce-small-frenet-seed-1,159.12679069987098,950000
small,reinforce,0.0,1.0,1,0.0,0.09196810257492831,-1.2886098327959177,0.09196810257492831,frenet,2,d93ec759abb2c6c1b33247b331299c472fd0d8f467bd3ae3123b6b84ab3cc50a,reinforce-small-frenet-seed-2,23.80288809992635,100000
small,reinforce,1.0,0.0,1,1.0,1.0002980531318182,197.73844128510632,1.0002980531318182,frenet,2,d93ec759abb2c6c1b33247b331299c472fd0d8f467bd3ae3123b6b84ab3cc50a,reinforce-small-frenet-seed-2,170.9344012000165,1000000
small,reinforce,1.0,0.0,1,1.0,1.0001868231725173,198.18595700087337,1.0001868231725173,frenet,2,d93ec759abb2c6c1b33247b331299c472fd0d8f467bd3ae3123b6b84ab3cc50a,reinforce-small-frenet-seed-2,178.13337709999178,1050000
small,reinforce,1.0,0.0,1,1.0,1.000205353456478,198.1227975806762,1.000205353456478,frenet,2,d93ec759abb2c6c1b33247b331299c472fd0d8f467bd3ae3123b6b84ab3cc50a,reinforce-small-frenet-seed-2,185.5493665999984,1100000
small,reinforce,1.0,0.0,1,1.0,1.000306465913268,197.74133422807904,1.000306465913268,frenet,2,d93ec759abb2c6c1b33247b331299c472fd0d8f467bd3ae3123b6b84ab3cc50a,reinforce-small-frenet-seed-2,192.73563849997663,1150000
small,reinforce,1.0,0.0,1,1.0,1.0001964555319736,196.86362579218525,1.0001964555319736,frenet,2,d93ec759abb2c6c1b33247b331299c472fd0d8f467bd3ae3123b6b84ab3cc50a,reinforce-small-frenet-seed-2,199.93231099994955,1200000
small,reinforce,1.0,0.0,1,1.0,1.0002940767154043,196.21744830515013,1.0002940767154043,frenet,2,d93ec759abb2c6c1b33247b331299c472fd0d8f467bd3ae3123b6b84ab3cc50a,reinforce-small-frenet-seed-2,207.24078469996675,1250000
small,reinforce,1.0,0.0,1,1.0,1.0000907099412675,195.62549185828544,1.0000907099412675,frenet,2,d93ec759abb2c6c1b33247b331299c472fd0d8f467bd3ae3123b6b84ab3cc50a,reinforce-small-frenet-seed-2,214.5955605999934,1300000
small,reinforce,1.0,0.0,1,1.0,1.0000734027475393,195.3801882880532,1.0000734027475393,frenet,2,d93ec759abb2c6c1b33247b331299c472fd0d8f467bd3ae3123b6b84ab3cc50a,reinforce-small-frenet-seed-2,221.85493800007134,1350000
small,reinforce,1.0,0.0,1,1.0,1.0000555901389823,195.23022645830306,1.0000555901389823,frenet,2,d93ec759abb2c6c1b33247b331299c472fd0d8f467bd3ae3123b6b84ab3cc50a,reinforce-small-frenet-seed-2,229.0607019001818,1400000
small,reinforce,1.0,0.0,1,1.0,1.0002030215243545,196.11321259239685,1.0002030215243545,frenet,2,d93ec759abb2c6c1b33247b331299c472fd0d8f467bd3ae3123b6b84ab3cc50a,reinforce-small-frenet-seed-2,236.33362850014237,1450000
small,reinforce,0.0,1.0,1,0.0,0.2037334258918972,7.800373831775719,0.2037334258918972,frenet,2,d93ec759abb2c6c1b33247b331299c472fd0d8f467bd3ae3123b6b84ab3cc50a,reinforce-small-frenet-seed-2,34.92443959967204,150000
small,reinforce,1.0,0.0,1,1.0,1.0001429514290714,195.92696683735284,1.0001429514290714,frenet,2,d93ec759abb2c6c1b33247b331299c472fd0d8f467bd3ae3123b6b84ab3cc50a,reinforce-small-frenet-seed-2,243.9064184000872,1500000
small,reinforce,1.0,0.0,1,1.0,1.0002187132944156,195.6698256073298,1.0002187132944156,frenet,2,d93ec759abb2c6c1b33247b331299c472fd0d8f467bd3ae3123b6b84ab3cc50a,reinforce-small-frenet-seed-2,251.02060390013685,1550000
small,reinforce,1.0,0.0,1,1.0,1.000201744135186,195.39132065064132,1.000201744135186,frenet,2,d93ec759abb2c6c1b33247b331299c472fd0d8f467bd3ae3123b6b84ab3cc50a,reinforce-small-frenet-seed-2,258.18995780015575,1600000
small,reinforce,1.0,0.0,1,1.0,1.000061173521067,195.91633601340544,1.000061173521067,frenet,2,d93ec759abb2c6c1b33247b331299c472fd0d8f467bd3ae3123b6b84ab3cc50a,reinforce-small-frenet-seed-2,265.4491762001271,1650000
small,reinforce,1.0,0.0,1,1.0,1.0002790854196368,196.21520850625248,1.0002790854196368,frenet,2,d93ec759abb2c6c1b33247b331299c472fd0d8f467bd3ae3123b6b84ab3cc50a,reinforce-small-frenet-seed-2,272.8069561002867,1700000
small,reinforce,1.0,0.0,1,1.0,1.0000359615065972,196.1907519766636,1.0000359615065972,frenet,2,d93ec759abb2c6c1b33247b331299c472fd0d8f467bd3ae3123b6b84ab3cc50a,reinforce-small-frenet-seed-2,280.1138310003171,1750000
small,reinforce,1.0,0.0,1,1.0,1.0002712865336618,196.65531062808054,1.0002712865336618,frenet,2,d93ec759abb2c6c1b33247b331299c472fd0d8f467bd3ae3123b6b84ab3cc50a,reinforce-small-frenet-seed-2,287.18007690035665,1800000
small,reinforce,1.0,0.0,1,1.0,1.0000392477398692,196.81207985431908,1.0000392477398692,frenet,2,d93ec759abb2c6c1b33247b331299c472fd0d8f467bd3ae3123b6b84ab3cc50a,reinforce-small-frenet-seed-2,294.4551587003425,1850000
small,reinforce,1.0,0.0,1,1.0,1.000314248334382,196.90551774033275,1.000314248334382,frenet,2,d93ec759abb2c6c1b33247b331299c472fd0d8f467bd3ae3123b6b84ab3cc50a,reinforce-small-frenet-seed-2,301.82877190048566,1900000
small,reinforce,1.0,0.0,1,1.0,1.0000875821981134,197.63582812157546,1.0000875821981134,frenet,2,d93ec759abb2c6c1b33247b331299c472fd0d8f467bd3ae3123b6b84ab3cc50a,reinforce-small-frenet-seed-2,309.1680852004556,1950000
small,reinforce,0.0,1.0,1,0.0,0.50533477473278,30.93607691673966,0.50533477473278,frenet,2,d93ec759abb2c6c1b33247b331299c472fd0d8f467bd3ae3123b6b84ab3cc50a,reinforce-small-frenet-seed-2,46.37382549969698,200000
small,reinforce,1.0,0.0,1,1.0,1.0001016985735165,197.81732771949157,1.0001016985735165,frenet,2,d93ec759abb2c6c1b33247b331299c472fd0d8f467bd3ae3123b6b84ab3cc50a,reinforce-small-frenet-seed-2,316.46776310033783,2000000
small,reinforce,0.0,1.0,1,0.0,0.5497875487956739,34.38628002554835,0.5497875487956739,frenet,2,d93ec759abb2c6c1b33247b331299c472fd0d8f467bd3ae3123b6b84ab3cc50a,reinforce-small-frenet-seed-2,55.49696889965344,250000
small,reinforce,0.0,1.0,1,0.0,0.5552734673728708,34.65066795004468,0.5552734673728708,frenet,2,d93ec759abb2c6c1b33247b331299c472fd0d8f467bd3ae3123b6b84ab3cc50a,reinforce-small-frenet-seed-2,64.01340469967363,300000
small,reinforce,0.0,1.0,1,0.0,0.5570896720687754,34.67175961876769,0.5570896720687754,frenet,2,d93ec759abb2c6c1b33247b331299c472fd0d8f467bd3ae3123b6b84ab3cc50a,reinforce-small-frenet-seed-2,72.50544129975788,350000
small,reinforce,1.0,0.0,1,1.0,1.0001617278393249,213.95403406158204,1.0001617278393249,frenet,2,d93ec759abb2c6c1b33247b331299c472fd0d8f467bd3ae3123b6b84ab3cc50a,reinforce-small-frenet-seed-2,80.21975779980676,400000
small,reinforce,0.0,1.0,1,0.0,0.5545341075764886,34.18179501469131,0.5545341075764886,frenet,2,d93ec759abb2c6c1b33247b331299c472fd0d8f467bd3ae3123b6b84ab3cc50a,reinforce-small-frenet-seed-2,87.69307709976965,450000
small,reinforce,0.0,1.0,1,0.0,0.0749852291463204,-3.600169871348246,0.0749852291463204,frenet,2,d93ec759abb2c6c1b33247b331299c472fd0d8f467bd3ae3123b6b84ab3cc50a,reinforce-small-frenet-seed-2,12.692534599973442,50000
small,reinforce,0.0,1.0,1,0.0,0.5532212584641688,33.85348936368092,0.5532212584641688,frenet,2,d93ec759abb2c6c1b33247b331299c472fd0d8f467bd3ae3123b6b84ab3cc50a,reinforce-small-frenet-seed-2,95.57274849977512,500000
small,reinforce,1.0,0.0,1,1.0,1.0002543067087444,208.81064134771879,1.0002543067087444,frenet,2,d93ec759abb2c6c1b33247b331299c472fd0d8f467bd3ae3123b6b84ab3cc50a,reinforce-small-frenet-seed-2,103.61018289984531,550000
small,reinforce,1.0,0.0,1,1.0,1.0002379434633126,205.93001393822715,1.0002379434633126,frenet,2,d93ec759abb2c6c1b33247b331299c472fd0d8f467bd3ae3123b6b84ab3cc50a,reinforce-small-frenet-seed-2,111.27919239979019,600000
small,reinforce,1.0,0.0,1,1.0,1.000137018252109,204.8401637889583,1.000137018252109,frenet,2,d93ec759abb2c6c1b33247b331299c472fd0d8f467bd3ae3123b6b84ab3cc50a,reinforce-small-frenet-seed-2,118.70864949975476,650000
small,reinforce,1.0,0.0,1,1.0,1.0000407640015452,203.2106455216424,1.0000407640015452,frenet,2,d93ec759abb2c6c1b33247b331299c472fd0d8f467bd3ae3123b6b84ab3cc50a,reinforce-small-frenet-seed-2,126.0615723997289,700000
small,reinforce,1.0,0.0,1,1.0,1.000088696332629,201.8551417495787,1.000088696332629,frenet,2,d93ec759abb2c6c1b33247b331299c472fd0d8f467bd3ae3123b6b84ab3cc50a,reinforce-small-frenet-seed-2,133.65973139973175,750000
small,reinforce,1.0,0.0,1,1.0,1.000222589891892,200.6420435272329,1.000222589891892,frenet,2,d93ec759abb2c6c1b33247b331299c472fd0d8f467bd3ae3123b6b84ab3cc50a,reinforce-small-frenet-seed-2,141.2621312998035,800000
small,reinforce,1.0,0.0,1,1.0,1.0001177015429175,199.0787082587114,1.0001177015429175,frenet,2,d93ec759abb2c6c1b33247b331299c472fd0d8f467bd3ae3123b6b84ab3cc50a,reinforce-small-frenet-seed-2,148.73702459988635,850000
small,reinforce,1.0,0.0,1,1.0,1.000245277932566,197.97833422537138,1.000245277932566,frenet,2,d93ec759abb2c6c1b33247b331299c472fd0d8f467bd3ae3123b6b84ab3cc50a,reinforce-small-frenet-seed-2,155.9671255998892,900000
small,reinforce,1.0,0.0,1,1.0,1.0001578297803828,197.64276606965996,1.0001578297803828,frenet,2,d93ec759abb2c6c1b33247b331299c472fd0d8f467bd3ae3123b6b84ab3cc50a,reinforce-small-frenet-seed-2,163.5015130999309,950000
small,reinforce,0.0,1.0,1,0.0,0.16567596060799705,3.7705721873266658,0.16567596060799705,frenet,3,5c27f056d1dc16ed33c9b2b9d5551421fde838ea721304f043d8a83114854a06,reinforce-small-frenet-seed-3,24.869683199951396,100000
small,reinforce,1.0,0.0,1,1.0,1.0002031309057735,204.92591256483823,1.0002031309057735,frenet,3,5c27f056d1dc16ed33c9b2b9d5551421fde838ea721304f043d8a83114854a06,reinforce-small-frenet-seed-3,167.41518070009988,1000000
small,reinforce,1.0,0.0,1,1.0,1.0002369281279886,203.9502214292963,1.0002369281279886,frenet,3,5c27f056d1dc16ed33c9b2b9d5551421fde838ea721304f043d8a83114854a06,reinforce-small-frenet-seed-3,174.85369490011362,1050000
small,reinforce,1.0,0.0,1,1.0,1.0001188550183808,203.93837983309578,1.0001188550183808,frenet,3,5c27f056d1dc16ed33c9b2b9d5551421fde838ea721304f043d8a83114854a06,reinforce-small-frenet-seed-3,182.3474320001751,1100000
small,reinforce,1.0,0.0,1,1.0,1.0001152099608064,203.9381250778714,1.0001152099608064,frenet,3,5c27f056d1dc16ed33c9b2b9d5551421fde838ea721304f043d8a83114854a06,reinforce-small-frenet-seed-3,189.86099830027706,1150000
small,reinforce,1.0,0.0,1,1.0,1.0000560888072954,204.97844151460941,1.0000560888072954,frenet,3,5c27f056d1dc16ed33c9b2b9d5551421fde838ea721304f043d8a83114854a06,reinforce-small-frenet-seed-3,197.1997683003192,1200000
small,reinforce,1.0,0.0,1,1.0,1.0000580031070576,205.84419500909004,1.0000580031070576,frenet,3,5c27f056d1dc16ed33c9b2b9d5551421fde838ea721304f043d8a83114854a06,reinforce-small-frenet-seed-3,204.77438860022448,1250000
small,reinforce,1.0,0.0,1,1.0,1.0000537574477613,206.52956115739227,1.0000537574477613,frenet,3,5c27f056d1dc16ed33c9b2b9d5551421fde838ea721304f043d8a83114854a06,reinforce-small-frenet-seed-3,212.14628890016684,1300000
small,reinforce,1.0,0.0,1,1.0,1.0002209282188503,207.12018715002648,1.0002209282188503,frenet,3,5c27f056d1dc16ed33c9b2b9d5551421fde838ea721304f043d8a83114854a06,reinforce-small-frenet-seed-3,219.73771360012688,1350000
small,reinforce,1.0,0.0,1,1.0,1.0001127974160133,207.8626295302277,1.0001127974160133,frenet,3,5c27f056d1dc16ed33c9b2b9d5551421fde838ea721304f043d8a83114854a06,reinforce-small-frenet-seed-3,226.94390710011612,1400000
small,reinforce,1.0,0.0,1,1.0,1.0002350842712833,209.13407827097768,1.0002350842712833,frenet,3,5c27f056d1dc16ed33c9b2b9d5551421fde838ea721304f043d8a83114854a06,reinforce-small-frenet-seed-3,234.40371990006133,1450000
small,reinforce,0.0,1.0,1,0.0,0.22825822365459866,8.778438927711408,0.22825822365459866,frenet,3,5c27f056d1dc16ed33c9b2b9d5551421fde838ea721304f043d8a83114854a06,reinforce-small-frenet-seed-3,35.31059679990358,150000
small,reinforce,1.0,0.0,1,1.0,1.000141756717672,209.77529963687937,1.000141756717672,frenet,3,5c27f056d1dc16ed33c9b2b9d5551421fde838ea721304f043d8a83114854a06,reinforce-small-frenet-seed-3,241.84267820001514,1500000
small,reinforce,1.0,0.0,1,1.0,1.0003258468691403,209.8285714323829,1.0003258468691403,frenet,3,5c27f056d1dc16ed33c9b2b9d5551421fde838ea721304f043d8a83114854a06,reinforce-small-frenet-seed-3,249.43152950003787,1550000
small,reinforce,1.0,0.0,1,1.0,1.0000603314984948,210.16156995705427,1.0000603314984948,frenet,3,5c27f056d1dc16ed33c9b2b9d5551421fde838ea721304f043d8a83114854a06,reinforce-small-frenet-seed-3,256.71700750007767,1600000
small,reinforce,1.0,0.0,1,1.0,1.0002324238912657,211.47257292576413,1.0002324238912657,frenet,3,5c27f056d1dc16ed33c9b2b9d5551421fde838ea721304f043d8a83114854a06,reinforce-small-frenet-seed-3,264.12171770008536,1650000
small,reinforce,1.0,0.0,1,1.0,1.0001519916820165,211.85916993969568,1.0001519916820165,frenet,3,5c27f056d1dc16ed33c9b2b9d5551421fde838ea721304f043d8a83114854a06,reinforce-small-frenet-seed-3,271.36568470009115,1700000
small,reinforce,1.0,0.0,1,1.0,1.0001877777145654,212.86851832075195,1.0001877777145654,frenet,3,5c27f056d1dc16ed33c9b2b9d5551421fde838ea721304f043d8a83114854a06,reinforce-small-frenet-seed-3,278.6831521001186,1750000
small,reinforce,1.0,0.0,1,1.0,1.0001379388760556,214.01693434533658,1.0001379388760556,frenet,3,5c27f056d1dc16ed33c9b2b9d5551421fde838ea721304f043d8a83114854a06,reinforce-small-frenet-seed-3,286.01653190014804,1800000
small,reinforce,1.0,0.0,1,1.0,1.0002530921656836,214.02879921640078,1.0002530921656836,frenet,3,5c27f056d1dc16ed33c9b2b9d5551421fde838ea721304f043d8a83114854a06,reinforce-small-frenet-seed-3,293.46915800008355,1850000
small,reinforce,1.0,0.0,1,1.0,1.0002938274165987,212.91714908058987,1.0002938274165987,frenet,3,5c27f056d1dc16ed33c9b2b9d5551421fde838ea721304f043d8a83114854a06,reinforce-small-frenet-seed-3,300.6959745001004,1900000
small,reinforce,1.0,0.0,1,1.0,1.00035274329277,211.95141235236156,1.00035274329277,frenet,3,5c27f056d1dc16ed33c9b2b9d5551421fde838ea721304f043d8a83114854a06,reinforce-small-frenet-seed-3,308.08676040006503,1950000
small,reinforce,0.0,1.0,1,0.0,0.545816374820683,33.30583731109145,0.545816374820683,frenet,3,5c27f056d1dc16ed33c9b2b9d5551421fde838ea721304f043d8a83114854a06,reinforce-small-frenet-seed-3,45.47545989990249,200000
small,reinforce,1.0,0.0,1,1.0,1.000008278794235,211.7371501048097,1.000008278794235,frenet,3,5c27f056d1dc16ed33c9b2b9d5551421fde838ea721304f043d8a83114854a06,reinforce-small-frenet-seed-3,315.4959971000899,2000000
small,reinforce,0.0,1.0,1,0.0,0.5635810065109269,34.19436784561444,0.5635810065109269,frenet,3,5c27f056d1dc16ed33c9b2b9d5551421fde838ea721304f043d8a83114854a06,reinforce-small-frenet-seed-3,54.315935899994656,250000
small,reinforce,1.0,0.0,1,1.0,1.0000828547682827,209.93488443812228,1.0000828547682827,frenet,3,5c27f056d1dc16ed33c9b2b9d5551421fde838ea721304f043d8a83114854a06,reinforce-small-frenet-seed-3,62.19372140000269,300000
small,reinforce,1.0,0.0,1,1.0,1.000332611473027,207.01661225952296,1.000332611473027,frenet,3,5c27f056d1dc16ed33c9b2b9d5551421fde838ea721304f043d8a83114854a06,reinforce-small-frenet-seed-3,69.47799560007843,350000
small,reinforce,1.0,0.0,1,1.0,1.0002654743584065,206.57777256897134,1.0002654743584065,frenet,3,5c27f056d1dc16ed33c9b2b9d5551421fde838ea721304f043d8a83114854a06,reinforce-small-frenet-seed-3,76.58444160004365,400000
small,reinforce,1.0,0.0,1,1.0,1.0003490212411903,207.88205514882594,1.0003490212411903,frenet,3,5c27f056d1dc16ed33c9b2b9d5551421fde838ea721304f043d8a83114854a06,reinforce-small-frenet-seed-3,83.96354150001389,450000
small,reinforce,0.0,1.0,1,0.0,0.05809724602942632,-4.156207955797981,0.05809724602942632,frenet,3,5c27f056d1dc16ed33c9b2b9d5551421fde838ea721304f043d8a83114854a06,reinforce-small-frenet-seed-3,13.022996399944532,50000
small,reinforce,1.0,0.0,1,1.0,1.0001306128614202,209.80128170100443,1.0001306128614202,frenet,3,5c27f056d1dc16ed33c9b2b9d5551421fde838ea721304f043d8a83114854a06,reinforce-small-frenet-seed-3,91.09965550003653,500000
small,reinforce,1.0,0.0,1,1.0,1.0000030365626718,209.78816594215365,1.0000030365626718,frenet,3,5c27f056d1dc16ed33c9b2b9d5551421fde838ea721304f043d8a83114854a06,reinforce-small-frenet-seed-3,98.57470710005691,550000
small,reinforce,1.0,0.0,1,1.0,1.0002658457326512,208.16132405212264,1.0002658457326512,frenet,3,5c27f056d1dc16ed33c9b2b9d5551421fde838ea721304f043d8a83114854a06,reinforce-small-frenet-seed-3,106.0506116000488,600000
small,reinforce,1.0,0.0,1,1.0,1.0001067996882893,206.92359934993186,1.0001067996882893,frenet,3,5c27f056d1dc16ed33c9b2b9d5551421fde838ea721304f043d8a83114854a06,reinforce-small-frenet-seed-3,113.47487400002319,650000
small,reinforce,1.0,0.0,1,1.0,1.0000572305759434,206.62997408068156,1.0000572305759434,frenet,3,5c27f056d1dc16ed33c9b2b9d5551421fde838ea721304f043d8a83114854a06,reinforce-small-frenet-seed-3,120.87507600000572,700000
small,reinforce,1.0,0.0,1,1.0,1.0001565881055805,208.6189016296638,1.0001565881055805,frenet,3,5c27f056d1dc16ed33c9b2b9d5551421fde838ea721304f043d8a83114854a06,reinforce-small-frenet-seed-3,128.23962759999267,750000
small,reinforce,1.0,0.0,1,1.0,1.000269909093966,208.81041085992644,1.000269909093966,frenet,3,5c27f056d1dc16ed33c9b2b9d5551421fde838ea721304f043d8a83114854a06,reinforce-small-frenet-seed-3,135.63776070005406,800000
small,reinforce,1.0,0.0,1,1.0,1.0003549100862728,208.71058081782047,1.0003549100862728,frenet,3,5c27f056d1dc16ed33c9b2b9d5551421fde838ea721304f043d8a83114854a06,reinforce-small-frenet-seed-3,143.26619320004102,850000
small,reinforce,0.0,1.0,1,0.0,0.44617132626709055,25.125148997445606,0.44617132626709055,frenet,3,5c27f056d1dc16ed33c9b2b9d5551421fde838ea721304f043d8a83114854a06,reinforce-small-frenet-seed-3,150.97381720002704,900000
small,reinforce,1.0,0.0,1,1.0,1.0001236878116502,207.1094043125462,1.0001236878116502,frenet,3,5c27f056d1dc16ed33c9b2b9d5551421fde838ea721304f043d8a83114854a06,reinforce-small-frenet-seed-3,159.6053335000379,950000
small,reinforce,0.0,1.0,1,0.0,0.08366086096977861,-2.416951094019609,0.08366086096977861,frenet,4,afe84808b3538231e28124a060e0241407628efa9f0b77edd9e1787fae29d8c4,reinforce-small-frenet-seed-4,25.33938859990667,100000
small,reinforce,1.0,0.0,1,1.0,1.000230277060482,211.64911615274718,1.000230277060482,frenet,4,afe84808b3538231e28124a060e0241407628efa9f0b77edd9e1787fae29d8c4,reinforce-small-frenet-seed-4,170.91970250068516,1000000
small,reinforce,1.0,0.0,1,1.0,1.0003079000459574,209.1020689961083,1.0003079000459574,frenet,4,afe84808b3538231e28124a060e0241407628efa9f0b77edd9e1787fae29d8c4,reinforce-small-frenet-seed-4,178.20218510056475,1050000
small,reinforce,1.0,0.0,1,1.0,1.0001547954646612,206.60449916146717,1.0001547954646612,frenet,4,afe84808b3538231e28124a060e0241407628efa9f0b77edd9e1787fae29d8c4,reinforce-small-frenet-seed-4,185.53616140053236,1100000
small,reinforce,1.0,0.0,1,1.0,1.0002790262563637,205.82674821556037,1.0002790262563637,frenet,4,afe84808b3538231e28124a060e0241407628efa9f0b77edd9e1787fae29d8c4,reinforce-small-frenet-seed-4,192.48643300062395,1150000
small,reinforce,1.0,0.0,1,1.0,1.0003156961181845,204.6066618541786,1.0003156961181845,frenet,4,afe84808b3538231e28124a060e0241407628efa9f0b77edd9e1787fae29d8c4,reinforce-small-frenet-seed-4,199.6556567006828,1200000
small,reinforce,1.0,0.0,1,1.0,1.00023686417852,204.27337197130527,1.00023686417852,frenet,4,afe84808b3538231e28124a060e0241407628efa9f0b77edd9e1787fae29d8c4,reinforce-small-frenet-seed-4,206.85464270069497,1250000
small,reinforce,1.0,0.0,1,1.0,1.0001982848257163,204.12480833173137,1.0001982848257163,frenet,4,afe84808b3538231e28124a060e0241407628efa9f0b77edd9e1787fae29d8c4,reinforce-small-frenet-seed-4,213.98257220055166,1300000
small,reinforce,1.0,0.0,1,1.0,1.0002795753710552,204.78229705624022,1.0002795753710552,frenet,4,afe84808b3538231e28124a060e0241407628efa9f0b77edd9e1787fae29d8c4,reinforce-small-frenet-seed-4,221.56133550056984,1350000
small,reinforce,1.0,0.0,1,1.0,1.0001654962987707,205.70513519031928,1.0001654962987707,frenet,4,afe84808b3538231e28124a060e0241407628efa9f0b77edd9e1787fae29d8c4,reinforce-small-frenet-seed-4,228.79382040056043,1400000
small,reinforce,1.0,0.0,1,1.0,1.0003036790174213,207.0138024367713,1.0003036790174213,frenet,4,afe84808b3538231e28124a060e0241407628efa9f0b77edd9e1787fae29d8c4,reinforce-small-frenet-seed-4,235.8405988005834,1450000
small,reinforce,0.0,1.0,1,0.0,0.48056990330304067,27.196002725920458,0.48056990330304067,frenet,4,afe84808b3538231e28124a060e0241407628efa9f0b77edd9e1787fae29d8c4,reinforce-small-frenet-seed-4,36.66025309988254,150000
small,reinforce,1.0,0.0,1,1.0,1.0002795350544493,206.72233065173958,1.0002795350544493,frenet,4,afe84808b3538231e28124a060e0241407628efa9f0b77edd9e1787fae29d8c4,reinforce-small-frenet-seed-4,243.85070120052114,1500000
small,reinforce,1.0,0.0,1,1.0,1.0002830324937013,205.50054763761023,1.0002830324937013,frenet,4,afe84808b3538231e28124a060e0241407628efa9f0b77edd9e1787fae29d8c4,reinforce-small-frenet-seed-4,251.28305460050615,1550000
small,reinforce,1.0,0.0,1,1.0,1.0001840798960457,203.9430848214536,1.0001840798960457,frenet,4,afe84808b3538231e28124a060e0241407628efa9f0b77edd9e1787fae29d8c4,reinforce-small-frenet-seed-4,258.59470990050795,1600000
small,reinforce,1.0,0.0,1,1.0,1.0000375828013977,202.0260704219259,1.0000375828013977,frenet,4,afe84808b3538231e28124a060e0241407628efa9f0b77edd9e1787fae29d8c4,reinforce-small-frenet-seed-4,265.74528250060575,1650000
small,reinforce,1.0,0.0,1,1.0,1.0000747613236962,200.95198382605503,1.0000747613236962,frenet,4,afe84808b3538231e28124a060e0241407628efa9f0b77edd9e1787fae29d8c4,reinforce-small-frenet-seed-4,272.7044415006603,1700000
small,reinforce,1.0,0.0,1,1.0,1.0002665837042204,201.07258525304553,1.0002665837042204,frenet,4,afe84808b3538231e28124a060e0241407628efa9f0b77edd9e1787fae29d8c4,reinforce-small-frenet-seed-4,279.5302255006136,1750000
small,reinforce,1.0,0.0,1,1.0,1.0001725723717159,201.4232059537495,1.0001725723717159,frenet,4,afe84808b3538231e28124a060e0241407628efa9f0b77edd9e1787fae29d8c4,reinforce-small-frenet-seed-4,286.74395330055995,1800000
small,reinforce,1.0,0.0,1,1.0,1.0000511959930192,201.2311208502429,1.0000511959930192,frenet,4,afe84808b3538231e28124a060e0241407628efa9f0b77edd9e1787fae29d8c4,reinforce-small-frenet-seed-4,293.554117300504,1850000
small,reinforce,1.0,0.0,1,1.0,1.0001161241540308,201.1690541918266,1.0001161241540308,frenet,4,afe84808b3538231e28124a060e0241407628efa9f0b77edd9e1787fae29d8c4,reinforce-small-frenet-seed-4,300.5167588005661,1900000
small,reinforce,1.0,0.0,1,1.0,1.0002092372393188,201.32264651744674,1.0002092372393188,frenet,4,afe84808b3538231e28124a060e0241407628efa9f0b77edd9e1787fae29d8c4,reinforce-small-frenet-seed-4,307.75045830057206,1950000
small,reinforce,0.0,1.0,1,0.0,0.4821008917102911,27.789675642851734,0.4821008917102911,frenet,4,afe84808b3538231e28124a060e0241407628efa9f0b77edd9e1787fae29d8c4,reinforce-small-frenet-seed-4,47.05614029994649,200000
small,reinforce,1.0,0.0,1,1.0,1.0003074346885037,201.00812376390266,1.0003074346885037,frenet,4,afe84808b3538231e28124a060e0241407628efa9f0b77edd9e1787fae29d8c4,reinforce-small-frenet-seed-4,315.0295294006064,2000000
small,reinforce,0.0,1.0,1,0.0,0.5496336559232207,32.849655715111574,0.5496336559232207,frenet,4,afe84808b3538231e28124a060e0241407628efa9f0b77edd9e1787fae29d8c4,reinforce-small-frenet-seed-4,55.313347699904625,250000
small,reinforce,0.0,1.0,1,0.0,0.5549458335212696,33.09723018408839,0.5549458335212696,frenet,4,afe84808b3538231e28124a060e0241407628efa9f0b77edd9e1787fae29d8c4,reinforce-small-frenet-seed-4,63.27339879995088,300000
small,reinforce,0.0,1.0,1,0.0,0.672007928214185,42.19626168224283,0.672007928214185,frenet,4,afe84808b3538231e28124a060e0241407628efa9f0b77edd9e1787fae29d8c4,reinforce-small-frenet-seed-4,71.02965870002481,350000
small,reinforce,0.0,1.0,1,0.0,0.5582371321582699,33.822758467088164,0.5582371321582699,frenet,4,afe84808b3538231e28124a060e0241407628efa9f0b77edd9e1787fae29d8c4,reinforce-small-frenet-seed-4,78.78983359997073,400000
small,reinforce,0.0,1.0,1,0.0,0.6760859632422201,42.42507226786802,0.6760859632422201,frenet,4,afe84808b3538231e28124a060e0241407628efa9f0b77edd9e1787fae29d8c4,reinforce-small-frenet-seed-4,87.06959859993003,450000
small,reinforce,0.0,1.0,1,0.0,0.09599713683380179,-2.171958441638519,0.09599713683380179,frenet,4,afe84808b3538231e28124a060e0241407628efa9f0b77edd9e1787fae29d8c4,reinforce-small-frenet-seed-4,13.548011499888162,50000
small,reinforce,0.0,1.0,1,0.0,0.6802554982501328,42.868054695046105,0.6802554982501328,frenet,4,afe84808b3538231e28124a060e0241407628efa9f0b77edd9e1787fae29d8c4,reinforce-small-frenet-seed-4,94.93269649996546,500000
small,reinforce,0.0,1.0,1,0.0,0.6801709662649419,43.104669636774965,0.6801709662649419,frenet,4,afe84808b3538231e28124a060e0241407628efa9f0b77edd9e1787fae29d8c4,reinforce-small-frenet-seed-4,102.79468620004263,550000
small,reinforce,0.0,1.0,1,0.0,0.5581421392609844,34.414131030410886,0.5581421392609844,frenet,4,afe84808b3538231e28124a060e0241407628efa9f0b77edd9e1787fae29d8c4,reinforce-small-frenet-seed-4,110.46705960007785,600000
small,reinforce,0.0,1.0,1,0.0,0.5567344618982016,34.313755321377506,0.5567344618982016,frenet,4,afe84808b3538231e28124a060e0241407628efa9f0b77edd9e1787fae29d8c4,reinforce-small-frenet-seed-4,118.29468500013172,650000
small,reinforce,1.0,0.0,1,1.0,1.0001945502264504,215.7817334633,1.0001945502264504,frenet,4,afe84808b3538231e28124a060e0241407628efa9f0b77edd9e1787fae29d8c4,reinforce-small-frenet-seed-4,125.89065380020656,700000
small,reinforce,1.0,0.0,1,1.0,1.0002036334997946,213.62565320914047,1.0002036334997946,frenet,4,afe84808b3538231e28124a060e0241407628efa9f0b77edd9e1787fae29d8c4,reinforce-small-frenet-seed-4,134.16083620023164,750000
small,reinforce,1.0,0.0,1,1.0,1.0002908280925413,211.94384989622864,1.0002908280925413,frenet,4,afe84808b3538231e28124a060e0241407628efa9f0b77edd9e1787fae29d8c4,reinforce-small-frenet-seed-4,141.5796870002905,800000
small,reinforce,1.0,0.0,1,1.0,1.0000846695281067,210.77267720783556,1.0000846695281067,frenet,4,afe84808b3538231e28124a060e0241407628efa9f0b77edd9e1787fae29d8c4,reinforce-small-frenet-seed-4,148.8221549003756,850000
small,reinforce,1.0,0.0,1,1.0,1.0000835403481223,211.74272386388475,1.0000835403481223,frenet,4,afe84808b3538231e28124a060e0241407628efa9f0b77edd9e1787fae29d8c4,reinforce-small-frenet-seed-4,156.0604727004811,900000
small,reinforce,1.0,0.0,1,1.0,1.000357599022191,213.46033908998635,1.000357599022191,frenet,4,afe84808b3538231e28124a060e0241407628efa9f0b77edd9e1787fae29d8c4,reinforce-small-frenet-seed-4,163.60653970056774,950000
tiny,reinforce,0.0,1.0,1,0.0,0.0744955598144136,-3.256822429906478,0.0744955598144136,frenet,0,09930d4a4e4006a80e8119835f179702c3818a8c9e3271f721d66f996fde4383,reinforce-tiny-frenet-seed-0,20.94915229999242,100000
tiny,reinforce,0.0,1.0,1,0.0,0.6720500267737957,42.97242426090109,0.6720500267737957,frenet,0,09930d4a4e4006a80e8119835f179702c3818a8c9e3271f721d66f996fde4383,reinforce-tiny-frenet-seed-0,145.44347420006488,1000000
tiny,reinforce,0.0,1.0,1,0.0,0.6725552721883281,42.916261682242855,0.6725552721883281,frenet,0,09930d4a4e4006a80e8119835f179702c3818a8c9e3271f721d66f996fde4383,reinforce-tiny-frenet-seed-0,151.2535359000285,1050000
tiny,reinforce,0.0,1.0,1,0.0,0.6727570881590779,42.89127175179546,0.6727570881590779,frenet,0,09930d4a4e4006a80e8119835f179702c3818a8c9e3271f721d66f996fde4383,reinforce-tiny-frenet-seed-0,157.13521250009944,1100000
tiny,reinforce,0.0,1.0,1,0.0,0.6740153359349447,42.92576863447324,0.6740153359349447,frenet,0,09930d4a4e4006a80e8119835f179702c3818a8c9e3271f721d66f996fde4383,reinforce-tiny-frenet-seed-0,163.02402750014335,1150000
tiny,reinforce,0.0,1.0,1,0.0,0.675821120937978,42.95348891980664,0.675821120937978,frenet,0,09930d4a4e4006a80e8119835f179702c3818a8c9e3271f721d66f996fde4383,reinforce-tiny-frenet-seed-0,168.76622830023916,1200000
tiny,reinforce,0.0,1.0,1,0.0,0.6777531821399828,43.108375292081256,0.6777531821399828,frenet,0,09930d4a4e4006a80e8119835f179702c3818a8c9e3271f721d66f996fde4383,reinforce-tiny-frenet-seed-0,174.64298020035494,1250000
tiny,reinforce,0.0,1.0,1,0.0,0.678689914983479,43.31457016029186,0.678689914983479,frenet,0,09930d4a4e4006a80e8119835f179702c3818a8c9e3271f721d66f996fde4383,reinforce-tiny-frenet-seed-0,180.40230000038355,1300000
tiny,reinforce,0.0,1.0,1,0.0,0.6783819857770779,43.250516664823294,0.6783819857770779,frenet,0,09930d4a4e4006a80e8119835f179702c3818a8c9e3271f721d66f996fde4383,reinforce-tiny-frenet-seed-0,186.14378980041693,1350000
tiny,reinforce,0.0,1.0,1,0.0,0.6781295890741796,43.18598192958275,0.6781295890741796,frenet,0,09930d4a4e4006a80e8119835f179702c3818a8c9e3271f721d66f996fde4383,reinforce-tiny-frenet-seed-0,192.03659680021337,1400000
tiny,reinforce,0.0,1.0,1,0.0,0.6783059655454827,43.31351112158479,0.6783059655454827,frenet,0,09930d4a4e4006a80e8119835f179702c3818a8c9e3271f721d66f996fde4383,reinforce-tiny-frenet-seed-0,197.83125350026785,1450000
tiny,reinforce,0.0,1.0,1,0.0,0.08214854493307992,-2.1916787301133467,0.08214854493307992,frenet,0,09930d4a4e4006a80e8119835f179702c3818a8c9e3271f721d66f996fde4383,reinforce-tiny-frenet-seed-0,29.970323699943037,150000
tiny,reinforce,0.0,1.0,1,0.0,0.6791769669753667,43.36040283319755,0.6791769669753667,frenet,0,09930d4a4e4006a80e8119835f179702c3818a8c9e3271f721d66f996fde4383,reinforce-tiny-frenet-seed-0,203.67649020027784,1500000
tiny,reinforce,0.0,1.0,1,0.0,0.6789114159171877,43.333894233206955,0.6789114159171877,frenet,0,09930d4a4e4006a80e8119835f179702c3818a8c9e3271f721d66f996fde4383,reinforce-tiny-frenet-seed-0,209.5293184002894,1550000
tiny,reinforce,0.0,1.0,1,0.0,0.6779015895113956,43.23993947591822,0.6779015895113956,frenet,0,09930d4a4e4006a80e8119835f179702c3818a8c9e3271f721d66f996fde4383,reinforce-tiny-frenet-seed-0,215.2935236003068,1600000
tiny,reinforce,0.0,1.0,1,0.0,0.6766151939518946,43.26880802298138,0.6766151939518946,frenet,0,09930d4a4e4006a80e8119835f179702c3818a8c9e3271f721d66f996fde4383,reinforce-tiny-frenet-seed-0,221.08615360033764,1650000
tiny,reinforce,0.0,1.0,1,0.0,0.675740966875928,43.15065666690358,0.675740966875928,frenet,0,09930d4a4e4006a80e8119835f179702c3818a8c9e3271f721d66f996fde4383,reinforce-tiny-frenet-seed-0,226.94963330033352,1700000
tiny,reinforce,0.0,1.0,1,0.0,0.6747029584584029,43.088505806950046,0.6747029584584029,frenet,0,09930d4a4e4006a80e8119835f179702c3818a8c9e3271f721d66f996fde4383,reinforce-tiny-frenet-seed-0,232.7316172003193,1750000
tiny,reinforce,0.0,1.0,1,0.0,0.6735443738503769,43.07915166327703,0.6735443738503769,frenet,0,09930d4a4e4006a80e8119835f179702c3818a8c9e3271f721d66f996fde4383,reinforce-tiny-frenet-seed-0,238.5746107003779,1800000
tiny,reinforce,0.0,1.0,1,0.0,0.6739456703575224,43.00372309119076,0.6739456703575224,frenet,0,09930d4a4e4006a80e8119835f179702c3818a8c9e3271f721d66f996fde4383,reinforce-tiny-frenet-seed-0,244.36570470042898,1850000
tiny,reinforce,0.0,1.0,1,0.0,0.6744118618950461,42.96553918745216,0.6744118618950461,frenet,0,09930d4a4e4006a80e8119835f179702c3818a8c9e3271f721d66f996fde4383,reinforce-tiny-frenet-seed-0,250.03483300054722,1900000
tiny,reinforce,0.0,1.0,1,0.0,0.6747065057759051,42.95937941160405,0.6747065057759051,frenet,0,09930d4a4e4006a80e8119835f179702c3818a8c9e3271f721d66f996fde4383,reinforce-tiny-frenet-seed-0,256.00232720051645,1950000
tiny,reinforce,0.0,1.0,1,0.0,0.10779197283596122,-0.014561207480372929,0.10779197283596122,frenet,0,09930d4a4e4006a80e8119835f179702c3818a8c9e3271f721d66f996fde4383,reinforce-tiny-frenet-seed-0,39.34803269992517,200000
tiny,reinforce,0.0,1.0,1,0.0,0.6750579969067029,43.06990417019588,0.6750579969067029,frenet,0,09930d4a4e4006a80e8119835f179702c3818a8c9e3271f721d66f996fde4383,reinforce-tiny-frenet-seed-0,261.93919540046045,2000000
tiny,reinforce,0.0,1.0,1,0.0,0.3553947551038953,19.235182522545518,0.3553947551038953,frenet,0,09930d4a4e4006a80e8119835f179702c3818a8c9e3271f721d66f996fde4383,reinforce-tiny-frenet-seed-0,47.47620049991929,250000
tiny,reinforce,0.0,1.0,1,0.0,0.35634560088127404,19.38667456015503,0.35634560088127404,frenet,0,09930d4a4e4006a80e8119835f179702c3818a8c9e3271f721d66f996fde4383,reinforce-tiny-frenet-seed-0,55.13398430000416,300000
tiny,reinforce,0.0,1.0,1,0.0,0.36025789125160734,19.640838144215003,0.36025789125160734,frenet,0,09930d4a4e4006a80e8119835f179702c3818a8c9e3271f721d66f996fde4383,reinforce-tiny-frenet-seed-0,62.71719999997549,350000
tiny,reinforce,0.0,1.0,1,0.0,0.36447101475288646,19.91013678973132,0.36447101475288646,frenet,0,09930d4a4e4006a80e8119835f179702c3818a8c9e3271f721d66f996fde4383,reinforce-tiny-frenet-seed-0,70.2132558000012,400000
tiny,reinforce,0.0,1.0,1,0.0,0.5494543515546425,34.74395439747263,0.5494543515546425,frenet,0,09930d4a4e4006a80e8119835f179702c3818a8c9e3271f721d66f996fde4383,reinforce-tiny-frenet-seed-0,77.34256099995036,450000
tiny,reinforce,0.0,1.0,1,0.0,0.07663551401868979,-3.8431815280274284,0.07663551401868979,frenet,0,09930d4a4e4006a80e8119835f179702c3818a8c9e3271f721d66f996fde4383,reinforce-tiny-frenet-seed-0,11.164728999967338,50000
tiny,reinforce,0.0,1.0,1,0.0,0.5498618221688265,34.50219410386936,0.5498618221688265,frenet,0,09930d4a4e4006a80e8119835f179702c3818a8c9e3271f721d66f996fde4383,reinforce-tiny-frenet-seed-0,84.44786039992687,500000
tiny,reinforce,0.0,1.0,1,0.0,0.5514008362077083,34.456462010310105,0.5514008362077083,frenet,0,09930d4a4e4006a80e8119835f179702c3818a8c9e3271f721d66f996fde4383,reinforce-tiny-frenet-seed-0,91.19157109978914,550000
tiny,reinforce,0.0,1.0,1,0.0,0.5530631361688372,34.543734310826345,0.5530631361688372,frenet,0,09930d4a4e4006a80e8119835f179702c3818a8c9e3271f721d66f996fde4383,reinforce-tiny-frenet-seed-0,97.35065869978826,600000
tiny,reinforce,0.0,1.0,1,0.0,0.5546784705510495,34.54487254705502,0.5546784705510495,frenet,0,09930d4a4e4006a80e8119835f179702c3818a8c9e3271f721d66f996fde4383,reinforce-tiny-frenet-seed-0,103.68425029984246,650000
tiny,reinforce,0.0,1.0,1,0.0,0.5548510862300373,34.39975773742752,0.5548510862300373,frenet,0,09930d4a4e4006a80e8119835f179702c3818a8c9e3271f721d66f996fde4383,reinforce-tiny-frenet-seed-0,109.65020609986277,700000
tiny,reinforce,0.0,1.0,1,0.0,0.559509452887163,34.58355147591422,0.559509452887163,frenet,0,09930d4a4e4006a80e8119835f179702c3818a8c9e3271f721d66f996fde4383,reinforce-tiny-frenet-seed-0,115.68022249995192,750000
tiny,reinforce,0.0,1.0,1,0.0,0.565625162340703,34.95853492573331,0.565625162340703,frenet,0,09930d4a4e4006a80e8119835f179702c3818a8c9e3271f721d66f996fde4383,reinforce-tiny-frenet-seed-0,121.70258809988263,800000
tiny,reinforce,0.0,1.0,1,0.0,0.6719626168224295,43.02293481627121,0.6719626168224295,frenet,0,09930d4a4e4006a80e8119835f179702c3818a8c9e3271f721d66f996fde4383,reinforce-tiny-frenet-seed-0,127.48087969990775,850000
tiny,reinforce,0.0,1.0,1,0.0,0.5676453350603938,35.02981676282078,0.5676453350603938,frenet,0,09930d4a4e4006a80e8119835f179702c3818a8c9e3271f721d66f996fde4383,reinforce-tiny-frenet-seed-0,133.31050219987992,900000
tiny,reinforce,0.0,1.0,1,0.0,0.6719626168224293,43.022803738317684,0.6719626168224293,frenet,0,09930d4a4e4006a80e8119835f179702c3818a8c9e3271f721d66f996fde4383,reinforce-tiny-frenet-seed-0,139.11247289997664,950000
tiny,reinforce,0.0,1.0,1,0.0,0.07360023029503464,-3.316851228046623,0.07360023029503464,frenet,1,409713b5313cce94bcd4353795eb9e09d4e5f91ece9d26f0fa47831d212662f2,reinforce-tiny-frenet-seed-1,22.280465900083072,100000
tiny,reinforce,1.0,0.0,1,1.0,1.0001502370541713,208.18601508816454,1.0001502370541713,frenet,1,409713b5313cce94bcd4353795eb9e09d4e5f91ece9d26f0fa47831d212662f2,reinforce-tiny-frenet-seed-1,180.15298700023777,1000000
tiny,reinforce,1.0,0.0,1,1.0,1.0003057788862164,208.23756646500098,1.0003057788862164,frenet,1,409713b5313cce94bcd4353795eb9e09d4e5f91ece9d26f0fa47831d212662f2,reinforce-tiny-frenet-seed-1,187.11353960026827,1050000
tiny,reinforce,1.0,0.0,1,1.0,1.0001441619678506,208.68755694225905,1.0001441619678506,frenet,1,409713b5313cce94bcd4353795eb9e09d4e5f91ece9d26f0fa47831d212662f2,reinforce-tiny-frenet-seed-1,193.7405989003837,1100000
tiny,reinforce,1.0,0.0,1,1.0,1.0000148401426483,209.28715961187086,1.0000148401426483,frenet,1,409713b5313cce94bcd4353795eb9e09d4e5f91ece9d26f0fa47831d212662f2,reinforce-tiny-frenet-seed-1,200.874772500385,1150000
tiny,reinforce,1.0,0.0,1,1.0,1.0000032034720852,210.5826719911798,1.0000032034720852,frenet,1,409713b5313cce94bcd4353795eb9e09d4e5f91ece9d26f0fa47831d212662f2,reinforce-tiny-frenet-seed-1,207.8417122003575,1200000
tiny,reinforce,1.0,0.0,1,1.0,1.000289555131684,211.47303224572295,1.000289555131684,frenet,1,409713b5313cce94bcd4353795eb9e09d4e5f91ece9d26f0fa47831d212662f2,reinforce-tiny-frenet-seed-1,214.9591522003593,1250000
tiny,reinforce,1.0,0.0,1,1.0,1.0002106056763873,211.60703832437437,1.0002106056763873,frenet,1,409713b5313cce94bcd4353795eb9e09d4e5f91ece9d26f0fa47831d212662f2,reinforce-tiny-frenet-seed-1,221.93167340049877,1300000
tiny,reinforce,1.0,0.0,1,1.0,1.0001244978430175,211.38101247525975,1.0001244978430175,frenet,1,409713b5313cce94bcd4353795eb9e09d4e5f91ece9d26f0fa47831d212662f2,reinforce-tiny-frenet-seed-1,228.76911120060504,1350000
tiny,reinforce,1.0,0.0,1,1.0,1.0000697539200654,210.01248943541785,1.0000697539200654,frenet,1,409713b5313cce94bcd4353795eb9e09d4e5f91ece9d26f0fa47831d212662f2,reinforce-tiny-frenet-seed-1,235.62701770059175,1400000
tiny,reinforce,1.0,0.0,1,1.0,1.0001919544274493,209.52209153065556,1.0001919544274493,frenet,1,409713b5313cce94bcd4353795eb9e09d4e5f91ece9d26f0fa47831d212662f2,reinforce-tiny-frenet-seed-1,242.22859680041256,1450000
tiny,reinforce,0.0,1.0,1,0.0,0.08076601263257924,-2.300841589732667,0.08076601263257924,frenet,1,409713b5313cce94bcd4353795eb9e09d4e5f91ece9d26f0fa47831d212662f2,reinforce-tiny-frenet-seed-1,33.304489300149726,150000
tiny,reinforce,1.0,0.0,1,1.0,1.0002995254568856,210.31999480021878,1.0002995254568856,frenet,1,409713b5313cce94bcd4353795eb9e09d4e5f91ece9d26f0fa47831d212662f2,reinforce-tiny-frenet-seed-1,249.05736160042215,1500000
tiny,reinforce,1.0,0.0,1,1.0,1.0003168530765791,210.93604706925214,1.0003168530765791,frenet,1,409713b5313cce94bcd4353795eb9e09d4e5f91ece9d26f0fa47831d212662f2,reinforce-tiny-frenet-seed-1,255.70387880043563,1550000
tiny,reinforce,1.0,0.0,1,1.0,1.0003597018495434,211.58359557053822,1.0003597018495434,frenet,1,409713b5313cce94bcd4353795eb9e09d4e5f91ece9d26f0fa47831d212662f2,reinforce-tiny-frenet-seed-1,262.78284110047025,1600000
tiny,reinforce,1.0,0.0,1,1.0,1.000243837459211,212.90713969078976,1.000243837459211,frenet,1,409713b5313cce94bcd4353795eb9e09d4e5f91ece9d26f0fa47831d212662f2,reinforce-tiny-frenet-seed-1,269.3875399004901,1650000
tiny,reinforce,1.0,0.0,1,1.0,1.0001293691173403,214.5147160709314,1.0001293691173403,frenet,1,409713b5313cce94bcd4353795eb9e09d4e5f91ece9d26f0fa47831d212662f2,reinforce-tiny-frenet-seed-1,276.3279220004897,1700000
tiny,reinforce,1.0,0.0,1,1.0,1.0000793592059705,215.2293872369569,1.0000793592059705,frenet,1,409713b5313cce94bcd4353795eb9e09d4e5f91ece9d26f0fa47831d212662f2,reinforce-tiny-frenet-seed-1,282.77210610044676,1750000
tiny,reinforce,1.0,0.0,1,1.0,1.0003644450189138,215.79743401563536,1.0003644450189138,frenet,1,409713b5313cce94bcd4353795eb9e09d4e5f91ece9d26f0fa47831d212662f2,reinforce-tiny-frenet-seed-1,289.40442330054793,1800000
tiny,reinforce,1.0,0.0,1,1.0,1.0003250534888886,215.61359512623778,1.0003250534888886,frenet,1,409713b5313cce94bcd4353795eb9e09d4e5f91ece9d26f0fa47831d212662f2,reinforce-tiny-frenet-seed-1,296.1821326006302,1850000
tiny,reinforce,1.0,0.0,1,1.0,1.0003906997422163,215.00270652954777,1.0003906997422163,frenet,1,409713b5313cce94bcd4353795eb9e09d4e5f91ece9d26f0fa47831d212662f2,reinforce-tiny-frenet-seed-1,303.4327203005487,1900000
tiny,reinforce,1.0,0.0,1,1.0,1.0002412318906801,214.02572807608414,1.0002412318906801,frenet,1,409713b5313cce94bcd4353795eb9e09d4e5f91ece9d26f0fa47831d212662f2,reinforce-tiny-frenet-seed-1,310.5233986006406,1950000
tiny,reinforce,0.0,1.0,1,0.0,0.0814703986094647,-2.06915887850462,0.0814703986094647,frenet,1,409713b5313cce94bcd4353795eb9e09d4e5f91ece9d26f0fa47831d212662f2,reinforce-tiny-frenet-seed-1,43.87813090021882,200000
tiny,reinforce,1.0,0.0,1,1.0,1.000124007367641,214.01418327213986,1.000124007367641,frenet,1,409713b5313cce94bcd4353795eb9e09d4e5f91ece9d26f0fa47831d212662f2,reinforce-tiny-frenet-seed-1,317.4187704006854,2000000
tiny,reinforce,0.0,1.0,1,0.0,0.09224439843090158,-1.1818802306458305,0.09224439843090158,frenet,1,409713b5313cce94bcd4353795eb9e09d4e5f91ece9d26f0fa47831d212662f2,reinforce-tiny-frenet-seed-1,54.338745000201016,250000
tiny,reinforce,0.0,1.0,1,0.0,0.46075479749654064,27.11649776104101,0.46075479749654064,frenet,1,409713b5313cce94bcd4353795eb9e09d4e5f91ece9d26f0fa47831d212662f2,reinforce-tiny-frenet-seed-1,65.24372420009604,300000
tiny,reinforce,0.0,1.0,1,0.0,0.4825224735724662,28.87850763305324,0.4825224735724662,frenet,1,409713b5313cce94bcd4353795eb9e09d4e5f91ece9d26f0fa47831d212662f2,reinforce-tiny-frenet-seed-1,75.47637090020362,350000
tiny,reinforce,0.0,1.0,1,0.0,0.5038910344813404,30.453285331021704,0.5038910344813404,frenet,1,409713b5313cce94bcd4353795eb9e09d4e5f91ece9d26f0fa47831d212662f2,reinforce-tiny-frenet-seed-1,85.97250280026492,400000
tiny,reinforce,0.0,1.0,1,0.0,0.5602342122877128,34.940329637090585,0.5602342122877128,frenet,1,409713b5313cce94bcd4353795eb9e09d4e5f91ece9d26f0fa47831d212662f2,reinforce-tiny-frenet-seed-1,95.74558240031001,450000
tiny,reinforce,0.0,1.0,1,0.0,0.07047434030607237,-4.0714659717056785,0.07047434030607237,frenet,1,409713b5313cce94bcd4353795eb9e09d4e5f91ece9d26f0fa47831d212662f2,reinforce-tiny-frenet-seed-1,10.677060200105188,50000
tiny,reinforce,0.0,1.0,1,0.0,0.5635687397512057,35.06943587275154,0.5635687397512057,frenet,1,409713b5313cce94bcd4353795eb9e09d4e5f91ece9d26f0fa47831d212662f2,reinforce-tiny-frenet-seed-1,105.29419090027659,500000
tiny,reinforce,0.0,1.0,1,0.0,0.6738620756739585,43.25666065567043,0.6738620756739585,frenet,1,409713b5313cce94bcd4353795eb9e09d4e5f91ece9d26f0fa47831d212662f2,reinforce-tiny-frenet-seed-1,114.11734480028281,550000
tiny,reinforce,0.0,1.0,1,0.0,0.675262803243458,43.18087817252252,0.675262803243458,frenet,1,409713b5313cce94bcd4353795eb9e09d4e5f91ece9d26f0fa47831d212662f2,reinforce-tiny-frenet-seed-1,122.14628320028169,600000
tiny,reinforce,0.0,1.0,1,0.0,0.676902778513363,43.09419103100852,0.676902778513363,frenet,1,409713b5313cce94bcd4353795eb9e09d4e5f91ece9d26f0fa47831d212662f2,reinforce-tiny-frenet-seed-1,129.8284981001798,650000
tiny,reinforce,0.0,1.0,1,0.0,0.6811655600115241,43.04435012878416,0.6811655600115241,frenet,1,409713b5313cce94bcd4353795eb9e09d4e5f91ece9d26f0fa47831d212662f2,reinforce-tiny-frenet-seed-1,137.4136836002017,700000
tiny,reinforce,1.0,0.0,1,1.0,1.0002287041207962,213.804257679381,1.0002287041207962,frenet,1,409713b5313cce94bcd4353795eb9e09d4e5f91ece9d26f0fa47831d212662f2,reinforce-tiny-frenet-seed-1,144.86185550021037,750000
tiny,reinforce,1.0,0.0,1,1.0,1.000225557728405,212.28847773121572,1.000225557728405,frenet,1,409713b5313cce94bcd4353795eb9e09d4e5f91ece9d26f0fa47831d212662f2,reinforce-tiny-frenet-seed-1,152.0930577002273,800000
tiny,reinforce,1.0,0.0,1,1.0,1.000323577755285,210.71962852271136,1.000323577755285,frenet,1,409713b5313cce94bcd4353795eb9e09d4e5f91ece9d26f0fa47831d212662f2,reinforce-tiny-frenet-seed-1,159.5738225001951,850000
tiny,reinforce,1.0,0.0,1,1.0,1.0001878727217082,209.5218644735532,1.0001878727217082,frenet,1,409713b5313cce94bcd4353795eb9e09d4e5f91ece9d26f0fa47831d212662f2,reinforce-tiny-frenet-seed-1,166.32867670000633,900000
tiny,reinforce,1.0,0.0,1,1.0,1.0000905208930162,209.0790826695315,1.0000905208930162,frenet,1,409713b5313cce94bcd4353795eb9e09d4e5f91ece9d26f0fa47831d212662f2,reinforce-tiny-frenet-seed-1,172.95852330010166,950000
tiny,reinforce,0.0,1.0,1,0.0,0.07383177570093384,-3.0968224299066165,0.07383177570093384,frenet,2,5abf1a9e61a887cb48b471cb5e27f121e8ce4c36b78c4a1c0a7d295d22f08842,reinforce-tiny-frenet-seed-2,23.83974310010126,100000
tiny,reinforce,0.0,1.0,1,0.0,0.5619480511139777,34.55316417196888,0.5619480511139777,frenet,2,5abf1a9e61a887cb48b471cb5e27f121e8ce4c36b78c4a1c0a7d295d22f08842,reinforce-tiny-frenet-seed-2,177.9233586002847,1000000
tiny,reinforce,0.0,1.0,1,0.0,0.5608855613325325,34.36367466868241,0.5608855613325325,frenet,2,5abf1a9e61a887cb48b471cb5e27f121e8ce4c36b78c4a1c0a7d295d22f08842,reinforce-tiny-frenet-seed-2,185.04310470021846,1050000
tiny,reinforce,0.0,1.0,1,0.0,0.5588509849967904,34.28142451272721,0.5588509849967904,frenet,2,5abf1a9e61a887cb48b471cb5e27f121e8ce4c36b78c4a1c0a7d295d22f08842,reinforce-tiny-frenet-seed-2,192.11520550023124,1100000
tiny,reinforce,0.0,1.0,1,0.0,0.5578343992460618,34.38254948507412,0.5578343992460618,frenet,2,5abf1a9e61a887cb48b471cb5e27f121e8ce4c36b78c4a1c0a7d295d22f08842,reinforce-tiny-frenet-seed-2,199.27381550022255,1150000
tiny,reinforce,0.0,1.0,1,0.0,0.5570370756480985,34.22163497472419,0.5570370756480985,frenet,2,5abf1a9e61a887cb48b471cb5e27f121e8ce4c36b78c4a1c0a7d295d22f08842,reinforce-tiny-frenet-seed-2,206.27867240031446,1200000
tiny,reinforce,0.0,1.0,1,0.0,0.5590179926653891,34.419264336618824,0.5590179926653891,frenet,2,5abf1a9e61a887cb48b471cb5e27f121e8ce4c36b78c4a1c0a7d295d22f08842,reinforce-tiny-frenet-seed-2,213.29062030039313,1250000
tiny,reinforce,0.0,1.0,1,0.0,0.5606012811666106,34.57936365267074,0.5606012811666106,frenet,2,5abf1a9e61a887cb48b471cb5e27f121e8ce4c36b78c4a1c0a7d295d22f08842,reinforce-tiny-frenet-seed-2,220.36422400043193,1300000
tiny,reinforce,0.0,1.0,1,0.0,0.6752465683111594,43.02561625173784,0.6752465683111594,frenet,2,5abf1a9e61a887cb48b471cb5e27f121e8ce4c36b78c4a1c0a7d295d22f08842,reinforce-tiny-frenet-seed-2,227.38971050038526,1350000
tiny,reinforce,0.0,1.0,1,0.0,0.6755017366805015,43.01120013080507,0.6755017366805015,frenet,2,5abf1a9e61a887cb48b471cb5e27f121e8ce4c36b78c4a1c0a7d295d22f08842,reinforce-tiny-frenet-seed-2,234.15464240041365,1400000
tiny,reinforce,0.0,1.0,1,0.0,0.674964273376162,43.03769902930523,0.674964273376162,frenet,2,5abf1a9e61a887cb48b471cb5e27f121e8ce4c36b78c4a1c0a7d295d22f08842,reinforce-tiny-frenet-seed-2,240.9515774003994,1450000
tiny,reinforce,0.0,1.0,1,0.0,0.08370891433857787,-2.0124496382997323,0.08370891433857787,frenet,2,5abf1a9e61a887cb48b471cb5e27f121e8ce4c36b78c4a1c0a7d295d22f08842,reinforce-tiny-frenet-seed-2,33.87140470017948,150000
tiny,reinforce,0.0,1.0,1,0.0,0.6743713475599202,43.01899960022268,0.6743713475599202,frenet,2,5abf1a9e61a887cb48b471cb5e27f121e8ce4c36b78c4a1c0a7d295d22f08842,reinforce-tiny-frenet-seed-2,247.87893040041126,1500000
tiny,reinforce,0.0,1.0,1,0.0,0.6746379008275141,43.079755518959175,0.6746379008275141,frenet,2,5abf1a9e61a887cb48b471cb5e27f121e8ce4c36b78c4a1c0a7d295d22f08842,reinforce-tiny-frenet-seed-2,254.69547410040832,1550000
tiny,reinforce,0.0,1.0,1,0.0,0.6751333643599272,43.208807954576855,0.6751333643599272,frenet,2,5abf1a9e61a887cb48b471cb5e27f121e8ce4c36b78c4a1c0a7d295d22f08842,reinforce-tiny-frenet-seed-2,261.5964623004311,1600000
tiny,reinforce,0.0,1.0,1,0.0,0.6762262965241634,43.243122183276434,0.6762262965241634,frenet,2,5abf1a9e61a887cb48b471cb5e27f121e8ce4c36b78c4a1c0a7d295d22f08842,reinforce-tiny-frenet-seed-2,268.4834351004738,1650000
tiny,reinforce,0.0,1.0,1,0.0,0.6780997196808476,43.340064675530925,0.6780997196808476,frenet,2,5abf1a9e61a887cb48b471cb5e27f121e8ce4c36b78c4a1c0a7d295d22f08842,reinforce-tiny-frenet-seed-2,275.71047200056637,1700000
tiny,reinforce,0.0,1.0,1,0.0,0.6783577955135054,43.40091416380398,0.6783577955135054,frenet,2,5abf1a9e61a887cb48b471cb5e27f121e8ce4c36b78c4a1c0a7d295d22f08842,reinforce-tiny-frenet-seed-2,282.9729561005224,1750000
tiny,reinforce,0.0,1.0,1,0.0,0.6790052533384093,43.32190834535769,0.6790052533384093,frenet,2,5abf1a9e61a887cb48b471cb5e27f121e8ce4c36b78c4a1c0a7d295d22f08842,reinforce-tiny-frenet-seed-2,289.95972750056717,1800000
tiny,reinforce,0.0,1.0,1,0.0,0.6793313583136392,43.34396307975915,0.6793313583136392,frenet,2,5abf1a9e61a887cb48b471cb5e27f121e8ce4c36b78c4a1c0a7d295d22f08842,reinforce-tiny-frenet-seed-2,297.1095515005836,1850000
tiny,reinforce,0.0,1.0,1,0.0,0.6834700448987495,43.59791262354544,0.6834700448987495,frenet,2,5abf1a9e61a887cb48b471cb5e27f121e8ce4c36b78c4a1c0a7d295d22f08842,reinforce-tiny-frenet-seed-2,304.08603880065493,1900000
tiny,reinforce,1.0,0.0,1,1.0,1.0001923264894974,214.92317280258555,1.0001923264894974,frenet,2,5abf1a9e61a887cb48b471cb5e27f121e8ce4c36b78c4a1c0a7d295d22f08842,reinforce-tiny-frenet-seed-2,310.948472100692,1950000
tiny,reinforce,0.0,1.0,1,0.0,0.09517511707436319,-1.0309418307527993,0.09517511707436319,frenet,2,5abf1a9e61a887cb48b471cb5e27f121e8ce4c36b78c4a1c0a7d295d22f08842,reinforce-tiny-frenet-seed-2,44.047799100300836,200000
tiny,reinforce,0.0,1.0,1,0.0,0.9692147454594928,65.04663439255886,0.9692147454594928,frenet,2,5abf1a9e61a887cb48b471cb5e27f121e8ce4c36b78c4a1c0a7d295d22f08842,reinforce-tiny-frenet-seed-2,317.704147900713,2000000
tiny,reinforce,0.0,1.0,1,0.0,0.15624741251015284,3.446807687675731,0.15624741251015284,frenet,2,5abf1a9e61a887cb48b471cb5e27f121e8ce4c36b78c4a1c0a7d295d22f08842,reinforce-tiny-frenet-seed-2,54.57178310033305,250000
tiny,reinforce,0.0,1.0,1,0.0,0.3622887936841104,19.447308502729935,0.3622887936841104,frenet,2,5abf1a9e61a887cb48b471cb5e27f121e8ce4c36b78c4a1c0a7d295d22f08842,reinforce-tiny-frenet-seed-2,64.75243150026472,300000
tiny,reinforce,0.0,1.0,1,0.0,0.3621287203964698,19.360903473506895,0.3621287203964698,frenet,2,5abf1a9e61a887cb48b471cb5e27f121e8ce4c36b78c4a1c0a7d295d22f08842,reinforce-tiny-frenet-seed-2,74.05978100024731,350000
tiny,reinforce,0.0,1.0,1,0.0,0.4984324019099219,30.02530064082533,0.4984324019099219,frenet,2,5abf1a9e61a887cb48b471cb5e27f121e8ce4c36b78c4a1c0a7d295d22f08842,reinforce-tiny-frenet-seed-2,83.37420180023037,400000
tiny,reinforce,0.0,1.0,1,0.0,0.5088265142964842,30.652337199359373,0.5088265142964842,frenet,2,5abf1a9e61a887cb48b471cb5e27f121e8ce4c36b78c4a1c0a7d295d22f08842,reinforce-tiny-frenet-seed-2,91.96178870010408,450000
tiny,reinforce,0.0,1.0,1,0.0,0.06915887850467216,-4.049615823319429,0.06915887850467216,frenet,2,5abf1a9e61a887cb48b471cb5e27f121e8ce4c36b78c4a1c0a7d295d22f08842,reinforce-tiny-frenet-seed-2,12.31174969993117,50000
tiny,reinforce,0.0,1.0,1,0.0,0.5537387089770566,34.3324972131485,0.5537387089770566,frenet,2,5abf1a9e61a887cb48b471cb5e27f121e8ce4c36b78c4a1c0a7d295d22f08842,reinforce-tiny-frenet-seed-2,99.78734090003672,500000
tiny,reinforce,0.0,1.0,1,0.0,0.5540990297653223,34.288771717587736,0.5540990297653223,frenet,2,5abf1a9e61a887cb48b471cb5e27f121e8ce4c36b78c4a1c0a7d295d22f08842,reinforce-tiny-frenet-seed-2,107.20632120010305,550000
tiny,reinforce,0.0,1.0,1,0.0,0.5540345754055215,34.201005432769506,0.5540345754055215,frenet,2,5abf1a9e61a887cb48b471cb5e27f121e8ce4c36b78c4a1c0a7d295d22f08842,reinforce-tiny-frenet-seed-2,114.92704630009393,600000
tiny,reinforce,0.0,1.0,1,0.0,0.5538664522667188,34.26531435773513,0.5538664522667188,frenet,2,5abf1a9e61a887cb48b471cb5e27f121e8ce4c36b78c4a1c0a7d295d22f08842,reinforce-tiny-frenet-seed-2,123.81010940016313,650000
tiny,reinforce,0.0,1.0,1,0.0,0.5538330795774851,34.14062440239739,0.5538330795774851,frenet,2,5abf1a9e61a887cb48b471cb5e27f121e8ce4c36b78c4a1c0a7d295d22f08842,reinforce-tiny-frenet-seed-2,131.6880312000576,700000
tiny,reinforce,0.0,1.0,1,0.0,0.5544013354584231,34.238958962052884,0.5544013354584231,frenet,2,5abf1a9e61a887cb48b471cb5e27f121e8ce4c36b78c4a1c0a7d295d22f08842,reinforce-tiny-frenet-seed-2,139.839365100137,750000
tiny,reinforce,0.0,1.0,1,0.0,0.5555858150612372,34.23453077044105,0.5555858150612372,frenet,2,5abf1a9e61a887cb48b471cb5e27f121e8ce4c36b78c4a1c0a7d295d22f08842,reinforce-tiny-frenet-seed-2,147.78178960020705,800000
tiny,reinforce,0.0,1.0,1,0.0,0.5575595590069701,34.35231299835579,0.5575595590069701,frenet,2,5abf1a9e61a887cb48b471cb5e27f121e8ce4c36b78c4a1c0a7d295d22f08842,reinforce-tiny-frenet-seed-2,155.75730970016957,850000
tiny,reinforce,0.0,1.0,1,0.0,0.5584187738582601,34.35690949131237,0.5584187738582601,frenet,2,5abf1a9e61a887cb48b471cb5e27f121e8ce4c36b78c4a1c0a7d295d22f08842,reinforce-tiny-frenet-seed-2,162.85848740022448,900000
tiny,reinforce,0.0,1.0,1,0.0,0.5596668459519851,34.39997821940352,0.5596668459519851,frenet,2,5abf1a9e61a887cb48b471cb5e27f121e8ce4c36b78c4a1c0a7d295d22f08842,reinforce-tiny-frenet-seed-2,170.30266800024037,950000
tiny,reinforce,0.0,1.0,1,0.0,0.0720925925724373,-3.2396384983727673,0.0720925925724373,frenet,3,86ce8f6351d887066dc061cef07897d2aa8a005d177ae0bfe66805bde89b27d9,reinforce-tiny-frenet-seed-3,23.750841200015202,100000
tiny,reinforce,1.0,0.0,1,1.0,1.0001286531107658,216.05389198706385,1.0001286531107658,frenet,3,86ce8f6351d887066dc061cef07897d2aa8a005d177ae0bfe66805bde89b27d9,reinforce-tiny-frenet-seed-3,163.26946919991315,1000000
tiny,reinforce,1.0,0.0,1,1.0,1.0001535783516307,214.47992909229714,1.0001535783516307,frenet,3,86ce8f6351d887066dc061cef07897d2aa8a005d177ae0bfe66805bde89b27d9,reinforce-tiny-frenet-seed-3,170.22837499985872,1050000
tiny,reinforce,1.0,0.0,1,1.0,1.0000191169760264,211.80793707969244,1.0000191169760264,frenet,3,86ce8f6351d887066dc061cef07897d2aa8a005d177ae0bfe66805bde89b27d9,reinforce-tiny-frenet-seed-3,176.82071829985762,1100000
tiny,reinforce,1.0,0.0,1,1.0,1.0001458983241394,209.6627008269317,1.0001458983241394,frenet,3,86ce8f6351d887066dc061cef07897d2aa8a005d177ae0bfe66805bde89b27d9,reinforce-tiny-frenet-seed-3,183.56391689969314,1150000
tiny,reinforce,1.0,0.0,1,1.0,1.0000413296078354,208.9334468550531,1.0000413296078354,frenet,3,86ce8f6351d887066dc061cef07897d2aa8a005d177ae0bfe66805bde89b27d9,reinforce-tiny-frenet-seed-3,189.94759239968334,1200000
tiny,reinforce,1.0,0.0,1,1.0,1.0003416809812766,208.56853152642395,1.0003416809812766,frenet,3,86ce8f6351d887066dc061cef07897d2aa8a005d177ae0bfe66805bde89b27d9,reinforce-tiny-frenet-seed-3,196.39065649966324,1250000
tiny,reinforce,1.0,0.0,1,1.0,1.000078965153382,208.54223819914148,1.000078965153382,frenet,3,86ce8f6351d887066dc061cef07897d2aa8a005d177ae0bfe66805bde89b27d9,reinforce-tiny-frenet-seed-3,202.71309739968274,1300000
tiny,reinforce,1.0,0.0,1,1.0,1.0003301811181573,208.24307539670627,1.0003301811181573,frenet,3,86ce8f6351d887066dc061cef07897d2aa8a005d177ae0bfe66805bde89b27d9,reinforce-tiny-frenet-seed-3,209.46367209964046,1350000
tiny,reinforce,1.0,0.0,1,1.0,1.0000175695892142,208.86078876821358,1.0000175695892142,frenet,3,86ce8f6351d887066dc061cef07897d2aa8a005d177ae0bfe66805bde89b27d9,reinforce-tiny-frenet-seed-3,215.96642599956067,1400000
tiny,reinforce,1.0,0.0,1,1.0,1.0002116541236505,208.7351881111438,1.0002116541236505,frenet,3,86ce8f6351d887066dc061cef07897d2aa8a005d177ae0bfe66805bde89b27d9,reinforce-tiny-frenet-seed-3,222.49699839947607,1450000
tiny,reinforce,0.0,1.0,1,0.0,0.07757009345794381,-2.373028090709645,0.07757009345794381,frenet,3,86ce8f6351d887066dc061cef07897d2aa8a005d177ae0bfe66805bde89b27d9,reinforce-tiny-frenet-seed-3,33.67017650003618,150000
tiny,reinforce,1.0,0.0,1,1.0,1.0001684799458312,208.58611781862558,1.0001684799458312,frenet,3,86ce8f6351d887066dc061cef07897d2aa8a005d177ae0bfe66805bde89b27d9,reinforce-tiny-frenet-seed-3,229.14512339944122,1500000
tiny,reinforce,1.0,0.0,1,1.0,1.0000970411552936,208.6871578370648,1.0000970411552936,frenet,3,86ce8f6351d887066dc061cef07897d2aa8a005d177ae0bfe66805bde89b27d9,reinforce-tiny-frenet-seed-3,236.5999408994321,1550000
tiny,reinforce,1.0,0.0,1,1.0,1.0002458609539855,209.06053723525253,1.0002458609539855,frenet,3,86ce8f6351d887066dc061cef07897d2aa8a005d177ae0bfe66805bde89b27d9,reinforce-tiny-frenet-seed-3,244.09183389947248,1600000
tiny,reinforce,1.0,0.0,1,1.0,1.0003158776139023,208.81548318603623,1.0003158776139023,frenet,3,86ce8f6351d887066dc061cef07897d2aa8a005d177ae0bfe66805bde89b27d9,reinforce-tiny-frenet-seed-3,251.40571149944117,1650000
tiny,reinforce,1.0,0.0,1,1.0,1.0001325027801196,208.33056041153415,1.0001325027801196,frenet,3,86ce8f6351d887066dc061cef07897d2aa8a005d177ae0bfe66805bde89b27d9,reinforce-tiny-frenet-seed-3,258.3931001994515,1700000
tiny,reinforce,1.0,0.0,1,1.0,1.0001573480919073,208.80019634361747,1.0001573480919073,frenet,3,86ce8f6351d887066dc061cef07897d2aa8a005d177ae0bfe66805bde89b27d9,reinforce-tiny-frenet-seed-3,265.29860579952583,1750000
tiny,reinforce,1.0,0.0,1,1.0,1.0001114089095289,210.37950368775938,1.0001114089095289,frenet,3,86ce8f6351d887066dc061cef07897d2aa8a005d177ae0bfe66805bde89b27d9,reinforce-tiny-frenet-seed-3,272.15469229956034,1800000
tiny,reinforce,1.0,0.0,1,1.0,1.0002023800388142,212.0078607480247,1.0002023800388142,frenet,3,86ce8f6351d887066dc061cef07897d2aa8a005d177ae0bfe66805bde89b27d9,reinforce-tiny-frenet-seed-3,279.29612829950565,1850000
tiny,reinforce,1.0,0.0,1,1.0,1.0000333165741757,213.39454477736996,1.0000333165741757,frenet,3,86ce8f6351d887066dc061cef07897d2aa8a005d177ae0bfe66805bde89b27d9,reinforce-tiny-frenet-seed-3,286.2095963995289,1900000
tiny,reinforce,1.0,0.0,1,1.0,1.000313075551494,214.0350489911054,1.000313075551494,frenet,3,86ce8f6351d887066dc061cef07897d2aa8a005d177ae0bfe66805bde89b27d9,reinforce-tiny-frenet-seed-3,293.0357238996239,1950000
tiny,reinforce,0.0,1.0,1,0.0,0.08691588785046772,-1.5854553478612368,0.08691588785046772,frenet,3,86ce8f6351d887066dc061cef07897d2aa8a005d177ae0bfe66805bde89b27d9,reinforce-tiny-frenet-seed-3,42.989063899891335,200000
tiny,reinforce,1.0,0.0,1,1.0,1.0001535742697725,214.44970692172268,1.0001535742697725,frenet,3,86ce8f6351d887066dc061cef07897d2aa8a005d177ae0bfe66805bde89b27d9,reinforce-tiny-frenet-seed-3,300.2625165995105,2000000
tiny,reinforce,0.0,1.0,1,0.0,0.21626675299096043,8.30745661832106,0.21626675299096043,frenet,3,86ce8f6351d887066dc061cef07897d2aa8a005d177ae0bfe66805bde89b27d9,reinforce-tiny-frenet-seed-3,52.59287989989207,250000
tiny,reinforce,0.0,1.0,1,0.0,0.367251699032681,20.333552646780475,0.367251699032681,frenet,3,86ce8f6351d887066dc061cef07897d2aa8a005d177ae0bfe66805bde89b27d9,reinforce-tiny-frenet-seed-3,61.396899399864196,300000
tiny,reinforce,0.0,1.0,1,0.0,0.365821331030965,19.99383680058207,0.365821331030965,frenet,3,86ce8f6351d887066dc061cef07897d2aa8a005d177ae0bfe66805bde89b27d9,reinforce-tiny-frenet-seed-3,70.09255659985683,350000
tiny,reinforce,0.0,1.0,1,0.0,0.4812111446343446,28.658626527516923,0.4812111446343446,frenet,3,86ce8f6351d887066dc061cef07897d2aa8a005d177ae0bfe66805bde89b27d9,reinforce-tiny-frenet-seed-3,79.92094759992506,400000
tiny,reinforce,0.0,1.0,1,0.0,0.5033550879834399,30.209699767369514,0.5033550879834399,frenet,3,86ce8f6351d887066dc061cef07897d2aa8a005d177ae0bfe66805bde89b27d9,reinforce-tiny-frenet-seed-3,87.7941172998926,450000
tiny,reinforce,0.0,1.0,1,0.0,0.07077983616055254,-4.054797967372993,0.07077983616055254,frenet,3,86ce8f6351d887066dc061cef07897d2aa8a005d177ae0bfe66805bde89b27d9,reinforce-tiny-frenet-seed-3,12.900534800020978,50000
tiny,reinforce,0.0,1.0,1,0.0,0.5108032689569075,30.54331971154467,0.5108032689569075,frenet,3,86ce8f6351d887066dc061cef07897d2aa8a005d177ae0bfe66805bde89b27d9,reinforce-tiny-frenet-seed-3,94.87945109991233,500000
tiny,reinforce,0.0,1.0,1,0.0,0.6771928697308832,43.44083234229672,0.6771928697308832,frenet,3,86ce8f6351d887066dc061cef07897d2aa8a005d177ae0bfe66805bde89b27d9,reinforce-tiny-frenet-seed-3,102.01140169985047,550000
tiny,reinforce,0.0,1.0,1,0.0,0.677724747169349,43.41420200886795,0.677724747169349,frenet,3,86ce8f6351d887066dc061cef07897d2aa8a005d177ae0bfe66805bde89b27d9,reinforce-tiny-frenet-seed-3,108.99489039992841,600000
tiny,reinforce,0.0,1.0,1,0.0,0.6777748770454839,43.22709702361701,0.6777748770454839,frenet,3,86ce8f6351d887066dc061cef07897d2aa8a005d177ae0bfe66805bde89b27d9,reinforce-tiny-frenet-seed-3,115.90926739992938,650000
tiny,reinforce,0.0,1.0,1,0.0,0.6802025041642047,43.38198049194322,0.6802025041642047,frenet,3,86ce8f6351d887066dc061cef07897d2aa8a005d177ae0bfe66805bde89b27d9,reinforce-tiny-frenet-seed-3,122.88970719997633,700000
tiny,reinforce,0.0,1.0,1,0.0,0.6822835965815043,43.39330100217084,0.6822835965815043,frenet,3,86ce8f6351d887066dc061cef07897d2aa8a005d177ae0bfe66805bde89b27d9,reinforce-tiny-frenet-seed-3,129.5361787999136,750000
tiny,reinforce,0.0,1.0,1,0.0,0.6840139877055382,43.56256676514026,0.6840139877055382,frenet,3,86ce8f6351d887066dc061cef07897d2aa8a005d177ae0bfe66805bde89b27d9,reinforce-tiny-frenet-seed-3,136.03960369988818,800000
tiny,reinforce,0.0,1.0,1,0.0,0.6855621694170169,43.640418220431805,0.6855621694170169,frenet,3,86ce8f6351d887066dc061cef07897d2aa8a005d177ae0bfe66805bde89b27d9,reinforce-tiny-frenet-seed-3,142.62830039987784,850000
tiny,reinforce,0.0,1.0,1,0.0,0.6845492376920375,43.695960497692845,0.6845492376920375,frenet,3,86ce8f6351d887066dc061cef07897d2aa8a005d177ae0bfe66805bde89b27d9,reinforce-tiny-frenet-seed-3,149.52837039991573,900000
tiny,reinforce,0.0,1.0,1,0.0,0.6868540685147841,43.68841388443545,0.6868540685147841,frenet,3,86ce8f6351d887066dc061cef07897d2aa8a005d177ae0bfe66805bde89b27d9,reinforce-tiny-frenet-seed-3,156.4288736999497,950000
tiny,reinforce,0.0,1.0,1,0.0,0.08211563521452551,-2.8076305412534492,0.08211563521452551,frenet,4,9083cc05ee3dcca76920a797b39825eccb50e1cd7aecd551b7cf96ecb6ef7d7b,reinforce-tiny-frenet-seed-4,23.41714490011691,100000
tiny,reinforce,0.0,1.0,1,0.0,0.694978880437917,44.337811622914174,0.694978880437917,frenet,4,9083cc05ee3dcca76920a797b39825eccb50e1cd7aecd551b7cf96ecb6ef7d7b,reinforce-tiny-frenet-seed-4,174.39872770039437,1000000
tiny,reinforce,1.0,0.0,1,1.0,1.0000818626244152,217.1314041069615,1.0000818626244152,frenet,4,9083cc05ee3dcca76920a797b39825eccb50e1cd7aecd551b7cf96ecb6ef7d7b,reinforce-tiny-frenet-seed-4,181.73399480044645,1050000
tiny,reinforce,1.0,0.0,1,1.0,1.0001956227740028,217.04113635495253,1.0001956227740028,frenet,4,9083cc05ee3dcca76920a797b39825eccb50e1cd7aecd551b7cf96ecb6ef7d7b,reinforce-tiny-frenet-seed-4,189.28108910026458,1100000
tiny,reinforce,1.0,0.0,1,1.0,1.0000602073280056,216.52695727737407,1.0000602073280056,frenet,4,9083cc05ee3dcca76920a797b39825eccb50e1cd7aecd551b7cf96ecb6ef7d7b,reinforce-tiny-frenet-seed-4,196.56544290014972,1150000
tiny,reinforce,1.0,0.0,1,1.0,1.000147419499183,215.59704858548469,1.000147419499183,frenet,4,9083cc05ee3dcca76920a797b39825eccb50e1cd7aecd551b7cf96ecb6ef7d7b,reinforce-tiny-frenet-seed-4,203.91275170020708,1200000
tiny,reinforce,1.0,0.0,1,1.0,1.0003141791125085,214.81710446277248,1.0003141791125085,frenet,4,9083cc05ee3dcca76920a797b39825eccb50e1cd7aecd551b7cf96ecb6ef7d7b,reinforce-tiny-frenet-seed-4,211.3366364002086,1250000
tiny,reinforce,1.0,0.0,1,1.0,1.000116793810728,215.01577611499494,1.000116793810728,frenet,4,9083cc05ee3dcca76920a797b39825eccb50e1cd7aecd551b7cf96ecb6ef7d7b,reinforce-tiny-frenet-seed-4,218.53883300029884,1300000
tiny,reinforce,1.0,0.0,1,1.0,1.00023628901506,216.42762937483664,1.00023628901506,frenet,4,9083cc05ee3dcca76920a797b39825eccb50e1cd7aecd551b7cf96ecb6ef7d7b,reinforce-tiny-frenet-seed-4,225.66602070019326,1350000
tiny,reinforce,1.0,0.0,1,1.0,1.00017207038687,217.35913488125613,1.00017207038687,frenet,4,9083cc05ee3dcca76920a797b39825eccb50e1cd7aecd551b7cf96ecb6ef7d7b,reinforce-tiny-frenet-seed-4,232.62730180028848,1400000
tiny,reinforce,1.0,0.0,1,1.0,1.0002076479854694,217.4412248878431,1.0002076479854694,frenet,4,9083cc05ee3dcca76920a797b39825eccb50e1cd7aecd551b7cf96ecb6ef7d7b,reinforce-tiny-frenet-seed-4,239.7053495003329,1450000
tiny,reinforce,0.0,1.0,1,0.0,0.09606238910124901,-1.3881094881702247,0.09606238910124901,frenet,4,9083cc05ee3dcca76920a797b39825eccb50e1cd7aecd551b7cf96ecb6ef7d7b,reinforce-tiny-frenet-seed-4,34.03424380022807,150000
tiny,reinforce,1.0,0.0,1,1.0,1.0000017037635385,218.3201561059519,1.0000017037635385,frenet,4,9083cc05ee3dcca76920a797b39825eccb50e1cd7aecd551b7cf96ecb6ef7d7b,reinforce-tiny-frenet-seed-4,246.99268690029385,1500000
tiny,reinforce,1.0,0.0,1,1.0,1.0002150254715303,219.12039402254572,1.0002150254715303,frenet,4,9083cc05ee3dcca76920a797b39825eccb50e1cd7aecd551b7cf96ecb6ef7d7b,reinforce-tiny-frenet-seed-4,254.25267100026576,1550000
tiny,reinforce,1.0,0.0,1,1.0,1.000101350524427,219.54929837891652,1.000101350524427,frenet,4,9083cc05ee3dcca76920a797b39825eccb50e1cd7aecd551b7cf96ecb6ef7d7b,reinforce-tiny-frenet-seed-4,261.640855300122,1600000
tiny,reinforce,1.0,0.0,1,1.0,1.0000452301426654,220.0029227268442,1.0000452301426654,frenet,4,9083cc05ee3dcca76920a797b39825eccb50e1cd7aecd551b7cf96ecb6ef7d7b,reinforce-tiny-frenet-seed-4,268.37695060014994,1650000
tiny,reinforce,0.0,1.0,1,0.0,0.6916990212921144,44.64680796413698,0.6916990212921144,frenet,4,9083cc05ee3dcca76920a797b39825eccb50e1cd7aecd551b7cf96ecb6ef7d7b,reinforce-tiny-frenet-seed-4,275.0676017998576,1700000
tiny,reinforce,0.0,1.0,1,0.0,0.68861328531309,44.459515690051184,0.68861328531309,frenet,4,9083cc05ee3dcca76920a797b39825eccb50e1cd7aecd551b7cf96ecb6ef7d7b,reinforce-tiny-frenet-seed-4,281.75733209967984,1750000
tiny,reinforce,0.0,1.0,1,0.0,0.6891496254398165,44.51378043446676,0.6891496254398165,frenet,4,9083cc05ee3dcca76920a797b39825eccb50e1cd7aecd551b7cf96ecb6ef7d7b,reinforce-tiny-frenet-seed-4,288.2848698995058,1800000
tiny,reinforce,0.0,1.0,1,0.0,0.6883994383935151,44.63936344664394,0.6883994383935151,frenet,4,9083cc05ee3dcca76920a797b39825eccb50e1cd7aecd551b7cf96ecb6ef7d7b,reinforce-tiny-frenet-seed-4,294.8455105991761,1850000
tiny,reinforce,0.0,1.0,1,0.0,0.68936788809813,44.73424241375112,0.68936788809813,frenet,4,9083cc05ee3dcca76920a797b39825eccb50e1cd7aecd551b7cf96ecb6ef7d7b,reinforce-tiny-frenet-seed-4,301.69811959884646,1900000
tiny,reinforce,0.0,1.0,1,0.0,0.6889470501145093,44.81288682226161,0.6889470501145093,frenet,4,9083cc05ee3dcca76920a797b39825eccb50e1cd7aecd551b7cf96ecb6ef7d7b,reinforce-tiny-frenet-seed-4,308.30919779902433,1950000
tiny,reinforce,0.0,1.0,1,0.0,0.12184860042982554,0.5749034947665246,0.12184860042982554,frenet,4,9083cc05ee3dcca76920a797b39825eccb50e1cd7aecd551b7cf96ecb6ef7d7b,reinforce-tiny-frenet-seed-4,44.84454590033056,200000
tiny,reinforce,0.0,1.0,1,0.0,0.6893808917775284,44.93591226270056,0.6893808917775284,frenet,4,9083cc05ee3dcca76920a797b39825eccb50e1cd7aecd551b7cf96ecb6ef7d7b,reinforce-tiny-frenet-seed-4,314.915715698824,2000000
tiny,reinforce,0.0,1.0,1,0.0,0.2873969464660089,13.194962464973905,0.2873969464660089,frenet,4,9083cc05ee3dcca76920a797b39825eccb50e1cd7aecd551b7cf96ecb6ef7d7b,reinforce-tiny-frenet-seed-4,54.793752500376286,250000
tiny,reinforce,0.0,1.0,1,0.0,0.2950304054199821,13.874584618036696,0.2950304054199821,frenet,4,9083cc05ee3dcca76920a797b39825eccb50e1cd7aecd551b7cf96ecb6ef7d7b,reinforce-tiny-frenet-seed-4,65.04508370046824,300000
tiny,reinforce,0.0,1.0,1,0.0,0.30427158854536873,14.675524414348384,0.30427158854536873,frenet,4,9083cc05ee3dcca76920a797b39825eccb50e1cd7aecd551b7cf96ecb6ef7d7b,reinforce-tiny-frenet-seed-4,74.80770320040756,350000
tiny,reinforce,0.0,1.0,1,0.0,0.5009135280621431,30.012060544899867,0.5009135280621431,frenet,4,9083cc05ee3dcca76920a797b39825eccb50e1cd7aecd551b7cf96ecb6ef7d7b,reinforce-tiny-frenet-seed-4,83.81217540040416,400000
tiny,reinforce,0.0,1.0,1,0.0,0.5032428509685634,30.126570343930958,0.5032428509685634,frenet,4,9083cc05ee3dcca76920a797b39825eccb50e1cd7aecd551b7cf96ecb6ef7d7b,reinforce-tiny-frenet-seed-4,92.0476511003526,450000
tiny,reinforce,0.0,1.0,1,0.0,0.07570093457944,-3.741803652154837,0.07570093457944,frenet,4,9083cc05ee3dcca76920a797b39825eccb50e1cd7aecd551b7cf96ecb6ef7d7b,reinforce-tiny-frenet-seed-4,12.558786399917153,50000
tiny,reinforce,0.0,1.0,1,0.0,0.5046334502382042,30.185774094522237,0.5046334502382042,frenet,4,9083cc05ee3dcca76920a797b39825eccb50e1cd7aecd551b7cf96ecb6ef7d7b,reinforce-tiny-frenet-seed-4,100.14412860034099,500000
tiny,reinforce,0.0,1.0,1,0.0,0.5061274267305463,30.293609327072375,0.5061274267305463,frenet,4,9083cc05ee3dcca76920a797b39825eccb50e1cd7aecd551b7cf96ecb6ef7d7b,reinforce-tiny-frenet-seed-4,107.98391360040841,550000
tiny,reinforce,0.0,1.0,1,0.0,0.5077690761678404,30.195295445548993,0.5077690761678404,frenet,4,9083cc05ee3dcca76920a797b39825eccb50e1cd7aecd551b7cf96ecb6ef7d7b,reinforce-tiny-frenet-seed-4,114.90020110044861,600000
tiny,reinforce,0.0,1.0,1,0.0,0.5109128475836019,30.483756423850437,0.5109128475836019,frenet,4,9083cc05ee3dcca76920a797b39825eccb50e1cd7aecd551b7cf96ecb6ef7d7b,reinforce-tiny-frenet-seed-4,122.36023150040637,650000
tiny,reinforce,0.0,1.0,1,0.0,0.6839592363952781,43.917376644929426,0.6839592363952781,frenet,4,9083cc05ee3dcca76920a797b39825eccb50e1cd7aecd551b7cf96ecb6ef7d7b,reinforce-tiny-frenet-seed-4,129.89472060043772,700000
tiny,reinforce,0.0,1.0,1,0.0,0.6849585048471938,43.739850125289415,0.6849585048471938,frenet,4,9083cc05ee3dcca76920a797b39825eccb50e1cd7aecd551b7cf96ecb6ef7d7b,reinforce-tiny-frenet-seed-4,137.3312482004676,750000
tiny,reinforce,0.0,1.0,1,0.0,0.6859372733194354,43.79468480691961,0.6859372733194354,frenet,4,9083cc05ee3dcca76920a797b39825eccb50e1cd7aecd551b7cf96ecb6ef7d7b,reinforce-tiny-frenet-seed-4,144.65701890043056,800000
tiny,reinforce,0.0,1.0,1,0.0,0.6873205814295137,43.77362708680737,0.6873205814295137,frenet,4,9083cc05ee3dcca76920a797b39825eccb50e1cd7aecd551b7cf96ecb6ef7d7b,reinforce-tiny-frenet-seed-4,152.19682290037417,850000
tiny,reinforce,0.0,1.0,1,0.0,0.688959927201847,43.896457300324364,0.688959927201847,frenet,4,9083cc05ee3dcca76920a797b39825eccb50e1cd7aecd551b7cf96ecb6ef7d7b,reinforce-tiny-frenet-seed-4,159.54597580035625,900000
tiny,reinforce,0.0,1.0,1,0.0,0.6929184047772585,44.13190657707546,0.6929184047772585,frenet,4,9083cc05ee3dcca76920a797b39825eccb50e1cd7aecd551b7cf96ecb6ef7d7b,reinforce-tiny-frenet-seed-4,167.11487220039635,950000
